:100000000C94A0020C94C1020C94C1020C94C10285
:100010000C94C1020C94C1020C94C1020C94C10254
:100020000C94C1020C9494440C94C1020C94623E52
:100030000C9422440C94C1020C94C1020C94C10291
:100040000C94C1020C94973E0C94C1020C94C10212
:100050000C94C1020C94C1020C94C1020C94813E18
:100060000C94C1020C94FE420C94F7430C94C10210
:100070000C94C1020C94C1020C94C1020C94C102F4
:100080000C94C1020C94C1020C94C1020C9457420E
:100090000C94D6420C94AB420C94C1020C94C10255
:1000A0000C94C1020C94C1020C94C1020C94C102C4
:1000B0000C94C1020C94C1020C94C1020C94A9448A
:1000C0000C94C1020C94C1020C94C1020C94934292
:1000D0000C9468420C94C1020C94C1020C94C102AD
:1000E0000C94C102084AD73B3BCE016E84BCBFFDD5
:1000F000C12F3D6C74319ABD56833DDA3D00C77FF8
:1001000011BED9E4BB4C3E916BAAAABE0000008090
:100110003F05A84CCDB2D44EB93836A9020C50B91F
:10012000918688083CA6AAAA2ABE000000803F004B
:100130000C9494430C94504F0C9480430C94CE4AEE
:100140000C94852E0C949C430C9422480C94EF2E16
:100150000C94F92E0C94D3430C94B24A0C947A4F1D
:100160000C948F4A0C94F14F0C94B8430C94922E3B
:100170000C9467430C947D4A0C94C4430C940D2F4B
:100180000C94E12E0C94BC4F0C94BA430C946D4F1C
:100190000C94222F0C94B0430C94C54F0C94864FB2
:1001A0000C94032F0C940B500C949E430C94A0437E
:1001B0000C94B6430C94D7430C94D44F0C94CC4A73
:1001C0000C948A430C94F94F0C947E430C94C04ACF
:1001D0000C9498430C94584F0C94DF430C94654F47
:1001E0000C94BE430C94A72C0C94C9430C948C43E0
:1001F0000C94E84F0C94A8430C94794A0C948643D1
:100200000C94BA4A0C94B62E0C943C2F0C94A54F27
:100210000C9490430C94E3430C94DD2E0C94532ED9
:100220000C949F2E0C94A4430C948E430C94B94FC1
:100230000C94994A0C9492430C9496430C949B4FC3
:100240000C94934A0C948F4F0C9402500C945B4F77
:100250000C94CE4F0C94E5430C94AA430C94DD4FC0
:100260000C94C6430C949D4A0C94864A0C94534FAC
:100270000C94A84A0C94A6430C94AC2E0C942F2FEB
:100280000C947D4F0C94B14F0C94D02E0C94C64A14
:100290000C944A4F0C94E1430C94B4430C94C24325
:1002A0000C94C0430C94A2430C94C32E0C94AE4304
:1002B0000C94DB430C94CF43244E005B4F50543AD4
:1002C000005B5645523A312E31652E32303137308F
:1002D0003131343A005B5A706F733A005B544C4FC3
:1002E0003A005B4739323A003330003238005B471E
:1002F00000204700204D00205300204600205400DD
:1003000033382E005B47433A47000D0A005D005B1F
:10031000746F6F6C5374617475733A20007D0D0AAD
:1003200000273A007B27746F6F6C007D0D0A002751
:100330003A007B27746F6F6C007D0D0A00273A002E
:100340007B27746F6F6C005D7D0D0A002C007B278E
:10035000746F6F6C44617461273A5B00416C617229
:100360006D3A00536C656570696E67005265737411
:100370006F72696E67207370696E646C6500526598
:1003800073746F72696E672064656661756C7473EF
:100390000050726F6772616D20656E646564004322
:1003A0006865636B206C696D69747300436865638D
:1003B0006B20646F6F720044697361626C656400E6
:1003C000456E61626C65640043617574696F6E3A75
:1003D00020556E6C6F636B656400506C656173656E
:1003E00020756E6C6F636B005B4D53473A000D0ACE
:1003F000005BE68EA2E992883A00312E302E33005F
:100400005B76657273696F6E3A007C46533A007C86
:100410004C6E3A007C42663A007C473A007C4D3A8A
:10042000007C533A007C46423A007C53463A007CBA
:10043000483A007C41463A007C4C3A007C433A0002
:100440007C44523A007C443A007C54443A007C524A
:100450003A007C52573A007C4C573A007C52465442
:100460003A007C4C46543A007C53543A007C463A5D
:10047000007C543A007C57506F733A007C4D506FAB
:10048000733A00536C65657000446F6F723A0043B5
:100490006865636B00416C61726D00486F6D696ED9
:1004A00067004D6F76696E67005061757365004D2A
:1004B0006F76696E67005265616479006572726F6C
:1004C000723A005D002C002C002C002C002C002C1B
:1004D000002C006E756C6C5D002774687265616439
:1004E000272C00276472696C6C272C0027636F6EC1
:1004F00065272C002762616C6C272C0027656E64D1
:100500006D696C6C272C005B000D0A006265666FDC
:100510007265546F6F6C3A000D0A006E6F77546FFE
:100520006F6C3A000D0A00537461727420746F6F1F
:100530006C2073657474696E67006F6B0D0A000040
:1005400011241FBECFEFD1E2DEBFCDBF00E00CBF54
:1005500013E0A0E0B2E0ECE6F0EB00E00BBF02C07D
:1005600007900D92A237B107D9F728E1A2E7B3E0CF
:1005700001C01D92AB3AB207E1F70E94B6450C9458
:1005800034580C9400002F923F924F925F926F92DA
:100590007F928F929F92AF92BF92CF92DF92EF9213
:1005A000FF920F931F93CF93DF93CDB7DEB72E97B4
:1005B0000FB6F894DEBF0FBECDBF4B015C017A01D0
:1005C00020E030E0A9010E94745110E087FF05C0CF
:1005D000B7FAB094B7F8B09411E0C501B4010E9425
:1005E000F7516B877C878D879E87112331F08DE2D1
:1005F000F7018083C70101967C016B857C858D8521
:100600009E858E010F5F1F4F68013AE0232E312C2B
:10061000412C512C3801EFEF6E1A7E0AA201910194
:100620000E940D55605DF8016083B901CA01830124
:10063000611571058105910569F7D701F301CE16A2
:10064000DF06E1F583010C191D090F5F1F4F0E0D29
:100650001F1D6B857C858D859E850E9426529B0182
:10066000AC01C501B4010E947E5093012C193D09D3
:10067000E20EF31E2EE2F7012083680124E0F22E41
:10068000FA94F1101EC0F80113822E960FB6F8945A
:10069000DEBF0FBECDBFDF91CF911F910F91FF90B5
:1006A000EF90DF90CF90BF90AF909F908F907F9012
:1006B0006F905F904F903F902F90089582918D930F
:1006C000BECF20E030E040E251E40E94D6534B011F
:1006D0005C010E94F05120E3260FF60121936F0187
:1006E000072E000C880B990B0E9428529B01AC012D
:1006F000C501B4010E947E50C3CF882361F08130D0
:1007000061F0823061F0833061F0843061F08530D7
:1007100061F082E0089584E0089588E0089580E122
:10072000089580E2089580E4089580E808952FB741
:10073000F89490912915892B809329152FBF08953E
:100740002FB7F89490912815892B809328152FBFE7
:1007500008959FB7F89480932A159FBF08959FB777
:10076000F89420912B158095822380932B159FBFA1
:1007700008952FB7F89490912B15892B80932B1502
:100780002FBF08954F925F926F927F928F929F92A8
:10079000AF92BF92CF92DF92EF92FF920F931F938F
:1007A000CF93DF938090EF16912C2DEBA22E26E1B4
:1007B000B22E8C01D0E0C0E0F501C190D190E19063
:1007C000F1905F0120E030E0A901C701B6010E946D
:1007D0007451882381F1F8014080518062807380D8
:1007E000C4010C2E02C0959587950A94E2F720E08B
:1007F00030E0A90180FF11C0C301B2010E94745111
:1008000087FD09C0C701B6019058A30192010E945B
:10081000745187FF10C081E016C0C301B2010E946D
:1008200096531816C4F3A3019201C701B6010E94A2
:100830009653181684F321960C5F1F4FC730D105CD
:1008400009F0BACF80E0DF91CF911F910F91FF9017
:10085000EF90DF90CF90BF90AF909F908F907F9060
:100860006F905F904F9008958F929F92AF92BF923A
:10087000CF92DF92EF92FF920F931F93CF93DF936C
:10088000EB0129E6E22E26E1F22E8C016B018CE1D0
:10089000C80ED11C6991799189919991F701819044
:1008A0009190A190B1907F010E942852A5019401DE
:1008B0000E947E51F80161937193819391938F010E
:1008C000CC15DD0539F7DF91CF911F910F91FF9086
:1008D000EF90DF90CF90BF90AF909F908F90089552
:1008E000E2E0F1E08081886080830895882341F010
:1008F000739A91E0811101C090E090934915089599
:100900007398F7CF882341F08F9A91E0811101C04D
:1009100090E090934B1508958F98F7CF813019F49C
:10092000899A8A9804C089988230D9F78A9A8093E4
:100930004C150895882341F0A29A91E0811101C0DD
:1009400090E090934A150895A298F7CFCF93DF9344
:10095000C0912315D09124152097C9F08091F314EC
:1009600081608093F3146091091570910A1580914C
:100970000B1590910C159B01AC010E94D6536EA3F0
:100980007FA388A799A71092241510922315DF91B1
:10099000CF910895EDE4F9E080914A09868F809126
:1009A000D9168250990B880F8195858FEFE6F0E07C
:1009B00080818260808308952091EE1621FF0BC014
:1009C0009093AB008093AA00892B31F48091A00012
:1009D0008F7D8093A00008958091A0008062F9CF60
:1009E000882361F0813061F0823061F0833061F002
:1009F000843061F0853061F082E0089580E80895E8
:100A000080E4089580E2089580E1089588E00895E3
:100A100084E00895AF92BF92CF92DF92EF92FF925F
:100A20000F931F93CF93DF93E090DA16F12CC090D1
:100A3000DB16D12CD0E0C0E010E000E0BC2EAC2EE4
:100A4000C7010C2E02C0959587950A94E2F780FFA6
:100A500004C08C2F0E947D03082BC60102C095950F
:100A60008795AA94E2F780FF04C08B2D0E94F004C2
:100A7000182B2196C730D10509F700934A09109326
:100A80004B09DF91CF911F910F91FF90EF90DF9075
:100A9000CF90BF90AF90089520912709DC0180E0AE
:100AA000861301C00895909126092917D9F3E92FDB
:100AB000F0E0EA5DF74F30813D938F5F9F5F909349
:100AC0002609EECF9091260980912709891749F0D0
:100AD000E92FF0E0EA5DF74F80819F5F9093260950
:100AE00008958FEF0895E091240791E09E0F2091E3
:100AF0002508291761F0F0E0EB5DF84F80839093B3
:100B000024078091D10080628093D10004C020919D
:100B10002B1524FFECCF0895E091200691E09E0F65
:100B200020912107291761F0F0E0EF5DF94F8083F4
:100B3000909320068091C90080628093C90004C010
:100B400020912B1524FFECCF0895E0911C04DC01CB
:100B500080E091E09E0F20911D05291308C0E093CD
:100B60001C049091C10090629093C10008952D9152
:100B7000F0E0E35EFB4F20838F5FE92F6813E9CF3E
:100B8000EECFE0911C0491E09E0F20911D052917E6
:100B900061F0F0E0E35EFB4F808390931C04809152
:100BA000C10080628093C10004C020912B1524FFF6
:100BB000ECCF0895809109018C709091DF03891327
:100BC00009C09FB1907181E02091DE03921303C0B0
:100BD00080E0089581E008951092DF031092DE0313
:100BE0009091EE1697FD06C09CE09093DF0390E194
:100BF0009093DE03882361F08091DF039CE08927D6
:100C00008093DF038091DE0390E189278093DE03E8
:100C100008958F929F92AF92BF92CF92DF92EF9200
:100C2000FF920F931F93CF93DF93CDB7DEB72D972E
:100C30000FB6F894DEBF0FBECDBF6B017C01042F51
:100C400020E030E0A9010E94745187FF07C08DE2C7
:100C50000E94C105F7FAF094F7F8F094102F1230C3
:100C600008F054C000FF0AC020E030E040E251E448
:100C7000C701B6010E94D6536B017C0120E030E031
:100C800040E05FE3C701B6010E947F500E94F0512F
:100C900010E03AE0832E912CA12CB12CE12FF0E052
:100CA0006115710581059105E9F581E090E08C0FF2
:100CB0009D1FE80FF91F80E3101708F445C01013BB
:100CC00009C0E1E0F0E0EC0FFD1FE10FF11D80E352
:100CD00080831F5FEE24E394F12CEC0EFD1EE10EE9
:100CE000F11C111134C02D960FB6F894DEBF0FBE63
:100CF000CDBFDF91CF911F910F91FF90EF90DF90CB
:100D0000CF90BF90AF909F908F90089520E030E0FB
:100D100048EC52E4C701B6010E94D6536B017C0136
:100D200012509DCFEE24E394F12CEC0EFD1EEE0E3E
:100D3000FF1EA50194010E940D55605DF7016083BF
:100D4000B901CA011F5FAACF1F5F8193B5CF1013EE
:100D500003C08EE20E94C105F70182917F010E94CB
:100D6000C1051150BECF2091EE1640E020FF07C014
:100D70002BE832E441E25DE30E94D65341E00C945B
:100D800009062091EE1643E020FF07C02BE832E46D
:100D900041E25DE30E94D65344E00C9409060F93B0
:100DA0001F93CF938C01C0E0F80161917191819103
:100DB00091918F010E94C106C33019F08CE20E940C
:100DC000C105CF5FC43081F7CF911F910F91089576
:100DD0008F929F92AF92BF92CF92DF92EF92FF924B
:100DE0000F931F93CF93DF9300D000D000D01F92BA
:100DF000CDB7DEB76115710581059105A9F480E3D2
:100E00002A960FB6F894DEBF0FBECDBFDF91CF910B
:100E10001F910F91FF90EF90DF90CF90BF90AF9018
:100E20009F908F900C94C10500E09E012F5F3F4F73
:100E300079012AE0822E912CA12CB12C6701C00EE1
:100E4000D11CA50194010E940D55F6016083B901E2
:100E5000CA010F5F611571058105910579F70E0DC6
:100E60001F2D111DE016F10699F42A960FB6F8947D
:100E7000DEBF0FBECDBFDF91CF911F910F91FF90CD
:100E8000EF90DF90CF90BF90AF909F908F9008959C
:100E9000F80182918F01805D0E94C105E3CFCF925E
:100EA000DF92EF92FF9297FF0CC06B017C018DE205
:100EB0000E94C10566277727CB016C197D098E0931
:100EC0009F09FF90EF90DF90CF900C94E806CF93AE
:100ED000DF93843658F06AE00E94DF54C0E3C90F04
:100EE0006AE00E94DF54D0E3D90F04C0C0E0D0E034
:100EF0008A30B0F7805D0E94C105DD2319F08D2F87
:100F00000E94C105CC2329F08C2FDF91CF910C9446
:100F1000C105DF91CF910895CF93DF93EC01FE01DE
:100F200084912196811103C0DF91CF9108950E9491
:100F3000C105F5CF2F923F924F925F926F927F92B1
:100F40008F929F92AF92BF92CF92DF92EF92FF92D9
:100F50000F931F93CF93DF9300D000D01F921F9267
:100F6000CDB7DEB7FC01108121803284C384D484E4
:100F70000585E684F784FE24EF24FE244280538016
:100F80006480758049825A826B827C8286809780D9
:100F9000A084B1848D829E82AF82B88687E095E07E
:100FA0000E948C07133009F46DC050F4113009F41D
:100FB00066C084EF94E0123051F083ED94E045C0B8
:100FC000143009F462C089ED94E01530B1F70E9445
:100FD0008C07822D0E94670781ED94E00E948C07A8
:100FE00042E0C301B2010E9409068FEC94E00E9426
:100FF0008C0742E0C501B4010E9409068DEC94E023
:101000000E948C07832D0E9467078BEC94E00E945E
:101010008C078C2D0E94670789EC94E00E948C0756
:101020008D2D0E94670787EC94E00E948C07802F2B
:101030000E94670785EC94E00E948C07B70190E05E
:1010400080E00E94E80683EC94E028960FB6F894BE
:10105000DEBF0FBECDBFDF91CF911F910F91FF90EB
:10106000EF90DF90CF90BF90AF909F908F907F9048
:101070006F905F904F903F902F900C948C078CEF67
:1010800094E0A5CF8CEE94E0A2CF83EE94E09FCFC6
:101090008EEE93E00C948C07CF93C82F8CEB94E0EA
:1010A0000E948C078C2F0E946707CF910C944808F0
:1010B000882321F0823031F00C944C088AE395E0CB
:1010C0000C948C070895CF92DF92EF92FF92CF930A
:1010D000DF93D82F6A017B01C22F84E20E94C105F1
:1010E0008D2F0E9467078DE30E94C1054C2FC70119
:1010F000B6010E940906DF91CF91FF90EF90DF903B
:10110000CF900C944808EF92FF920F931F93CF93C8
:10111000DF9303E117E1C2EDD0E0EE24E394EC0E9F
:1011200082E0F82EFC0EF801D130C9F0D230F1F097
:10113000408151816281738123E08C2F0E9463087A
:10114000DF5FD33081F7CD5F0C5F1F4FC43E21F7C7
:10115000DF91CF911F910F91FF90EF900895408DF7
:10116000518D628D738D23E08E2DE8CF40A951A95A
:1011700062A973A923E08F2DE1CFCF93DF93D82FFE
:10118000C62F84E20E94C1058D2F0E9467078DE360
:101190000E94C1058C2F0E946707DF91CF910C94AC
:1011A0004808EF92FF920F931F93CF93DF936091C4
:1011B000D91670E080E00E94BD086091DC1670E0F6
:1011C00081E00E94BD086091DA1670E082E00E9422
:1011D000BD086091DB1670E083E00E94BD0860915D
:1011E000EE1662FB662760F970E084E00E94BD089D
:1011F0006091EE1666FB662760F970E085E00E945C
:10120000BD088091EE16082E000C990B692F661F01
:101210006627661F70E086E00E94BD086091DD16BB
:1012200070E08AE00E94BD084091DE165091DF1602
:101230006091E0167091E11623E08BE00E94630854
:101240004091E2165091E3166091E4167091E51614
:1012500023E08CE00E9463086091EE16617070E0FC
:101260008DE00E94BD086091EE1665FB662760F96F
:1012700070E084E10E94BD086091EE1663FB662772
:1012800060F970E085E10E94BD086091EE166295FC
:10129000617070E086E10E94BD086091EF1670E019
:1012A00087E10E94BD084091F0165091F1166091BF
:1012B000F2167091F31623E088E10E9463084091D2
:1012C000F4165091F5166091F6167091F71623E01A
:1012D00089E10E9463086091F8167091F9168AE11D
:1012E0000E94BD084091FA165091FB166091FC16C1
:1012F0007091FD1623E08BE10E9463084091E61691
:101300005091E7166091E8167091E91620E08EE1A1
:101310000E9463084091EA165091EB166091EC161A
:101320007091ED1620E08FE10E9463086091EE1647
:101330006695617070E080E20E94BD0840910717D9
:10134000509108176091091770910A1723E081E204
:101350000E94630840910B1750910C1760910D1774
:1013600070910E1723E082E20E94630840910F17EC
:1013700050911017609111177091121723E083E2BA
:101380000E94630894E6F92E10E0C9E6D6E100E079
:10139000E02EEF0C123009F461C0133009F46BC079
:1013A000113009F456C0488159816A817B8123E05C
:1013B0008E2D0E9463080F5F2496073049F78AE05C
:1013C000F80E1F5FECE8FE12E0CF6091FE1670E0B1
:1013D00088EC0E94BD084091FF1650910017609163
:1013E00001177091021723E089EC0E946308409175
:1013F000031750910417609105177091061723E0A9
:101400008AEC0E94630803E117E1C2EDD0E0EE240C
:10141000E394EC0E82E0F82EFC0EF801D130A1F13D
:10142000D230C9F1408151816281738123E08C2FD8
:101430000E946308DF5FD33081F7CD5F0C5F1F4FE1
:10144000C43E21F7DF91CF911F910F91FF90EF9054
:1014500008954C8D5D8D6E8D7F8DA9CF20E030E09D
:1014600041E655E468AD79AD8AAD9BAD0E947E51F1
:10147000AB01BC019CCFFE01EC5AFF4F4081518172
:1014800062817381705893CF408D518D628D738DC1
:1014900023E08E2DCDCF40A951A962A973A923E0E5
:1014A0008F2DC6CF8DE50E94C1050C94480880E0C1
:1014B00094E00E948C078AEF93E00E948C070C94C2
:1014C000520ACF93DF93CDB7DEB76C970FB6F8947F
:1014D000DEBF0FBECDBF81EF93E00E948C076DE2AF
:1014E00079E0CE0101960E943404CE0101960E945B
:1014F000CF068AE30E94C105809135150E946707D7
:101500008CE20E94C10560910317709104178091CD
:101510000517909106170E94C1060E94520A6C9608
:101520000FB6F894DEBF0FBECDBFDF91CF91089507
:10153000CF93DF93EC018991811103C0DF91CF91AB
:1015400008950E94C105F7CFE1ECF5E1A0EEB3E00C
:1015500041915191619171914D935D936D937D9303
:1015600085E1ED3DF807A1F70895BF92CF92DF9294
:10157000EF92FF920F931F93CF93DF937C01FC01B7
:10158000FE9600811181D281C381FC0181A180FF7F
:1015900033C06091381570E090E080E00E942852DE
:1015A0002AE037ED43E25CE30E94D6539B01AC0195
:1015B000B8018D2F9C2F0E94D6538B01D82FC92F95
:1015C00020E030E040E85FE3B8018D2F9C2F0E94BF
:1015D0009653181624F000E010E0D0E8CFE3B801ED
:1015E0008D2F9C2FDF91CF911F910F91FF90EF9046
:1015F000DF90CF90BF90089582FD17C0609137159E
:1016000070E090E080E00E9428522AE037ED43E24B
:101610005CE30E94D6539B01AC01B8018D2F9C2F37
:101620000E94D6538B01D82FC92FF701B2ACC3AC9F
:10163000D4ACF5AC98014D2F5C2F6B2D7C2D8D2DEE
:101640009F2D0E94745187FFBBCF0B2D1C2DDD2DCC
:10165000CF2DB6CF8091910990916A13981739F0E8
:1016600026E4829FC00111248E56964F089590E083
:1016700080E008954F925F926F927F928F929F9237
:10168000AF92BF92CF92DF92EF92FF920F931F9390
:10169000CF93DF93CDB7DEB7C057D1090FB6F8941B
:1016A000DEBF0FBECDBF8CE1E1ECF5E1DE011196AE
:1016B00001900D928A95E1F7BE016F5F7F4FCE01D9
:1016C0004D960E943404BE016F5F7F4FCE01C996D4
:1016D0000E9434048CE30E94C1058091301588304B
:1016E00009F42FC108F013C1813009F433C108F4A3
:1016F00023C1823009F431C1843009F428C18091BA
:10170000DD16282F2170E22E80FF40C180913C150C
:10171000882309F43BC18CE794E00E948C07CE013A
:101720004D960E94CF0685E794E00E948C07CE017B
:10173000C9960E94CF0681E794E00E948C078091B1
:10174000FE160E9467078DE694E00E948C07609168
:1017500060157091611580916215909163150E94DA
:10176000B30688E694E00E948C0760E070E0CB014D
:101770000E94B30682E694E00E948C0760E070E06D
:10178000CB010E94B3068CE594E00E948C0760E0D8
:1017900070E0CB010E94B30687E594E00E948C07BD
:1017A00060914D1570E090E080E00E9426520E940A
:1017B000B30682E594E00E948C0760914E1570E0BC
:1017C00090E080E00E9426520E94B3068EE494E0EE
:1017D0000E948C076091451570E090E080E00E94C7
:1017E00026520E94B30689E494E00E948C0760911F
:1017F000461570E090E080E00E9426520E94B306F9
:1018000085E494E00E948C076091471570E090E0B9
:1018100080E00E9426520E94B30680E494E00E9479
:101820008C0760914F1570E090E080E00E94265296
:101830000E94B3068CE394E00E948C0760914815E7
:1018400070E090E080E00E9426520E94B30688E398
:1018500094E00E948C076091491570E090E080E070
:101860000E9426520E94B30683E394E00E948C07F4
:1018700060914A1570E090E080E00E9426520E943C
:10188000B3068FE294E00E948C076091511570E0DE
:1018900090E080E00E9426520E94B3068AE294E023
:1018A0000E948C0760914C1570E090E080E00E94EF
:1018B00026520E94B30685E294E00E948C07609154
:1018C0004B1570E090E080E00E9426520E94B30623
:1018D00081E294E00E948C0760915C1570915D1527
:1018E00080915E1590915F1540E00E9409068DE1A0
:1018F00094E00E948C0780915B15803109F498C0B8
:10190000803209F425C1811196C085E392C08032EE
:10191000D9F050F4803109F0F2CE8091321587FD74
:1019200013C089EA94E00AC08034D1F0803809F00D
:10193000E6CE83E894E002C086EB94E00E948C0738
:10194000DECE8FEA94E0FACF82EA94E0F7CF8BE91B
:1019500094E0F4CF85E994E0F1CF8FE894E0EECF06
:1019600089E894E00E948C078091321583FF04C0BF
:1019700083E30E94C105C3CE82FF06C085FF02C07B
:1019800081E3F7CF80E3F5CF82E3F3CF4090BD153D
:101990005090BE156090BF157090C01585E8A82EB8
:1019A00085E1B82E6E0185E5C80ED11C8E01075C5D
:1019B0001F4FF12C4601F501619171918191919137
:1019C0005F01208D318D428D538D0E947F50F60135
:1019D00061937193819391936F01F2E0FF1225C09F
:1019E000A30192010E947F50F40160877187828772
:1019F0009387E11016C0F60134972081318142812E
:101A00005381F80160817181828193810E947E50AF
:101A1000F8016083718382839383F6E0FF1609F4F3
:101A20007ACEF3940C5F1F4FC6CFEE2021F3F5CF93
:101A300083E30E94C10589E194E00E948C078091B4
:101A400058158A5C0E9467078091DD1681FF1EC0D1
:101A500084E194E00E948C0790916A13809191092F
:101A6000981708F477C08D5D891B0E9467078CE288
:101A70000E94C10580911E0690911F06981708F4D8
:101A80006BC0981B892F80950E9467070E942A0BC4
:101A9000009791F0FC01C2A0D3A0E4A0F5A0C1146E
:101AA000D104E104F10441F08FE094E00E948C073E
:101AB000C701B6010E944F078AE094E00E948C079C
:101AC000809130158C7709F44AC0609109157091A6
:101AD0000A1580910B1590910C150E94B3068CE2AB
:101AE0000E94C10560913D1570913E1580913F1592
:101AF0009091401540E00E94090680913C15882392
:101B000091F1815080933C1580913B158823E1F140
:101B1000815080933B158EE30E94C1050E944808C6
:101B2000C059DF4F0FB6F894DEBF0FBECDBFDF91B7
:101B3000CF911F910F91FF90EF90DF90CF90BF90CA
:101B4000AF909F908F907F906F905F904F9008958F
:101B500084E36FCF815088CF8150891B95CF60E09F
:101B600070E0CB01BACF809130158C7759F08DE1C0
:101B700080933C1580913B158111C6CF81E0809305
:101B80003B15C2CF89E0F4CF809130158C7711F0EE
:101B900083E1BFCF89E0BDCF0E942A0B892B19F0CA
:101BA00082E00C94B90308952F923F924F925F9276
:101BB0006F927F928F929F92AF92BF92CF92DF925D
:101BC000EF92FF920F931F93CF93DF9300D01F925A
:101BD000CDB7DEB700916A13002309F486C00983EC
:101BE00039813150398310919009131709F466C077
:101BF000C32ED12CE6E43E9FC00111249C012E5639
:101C0000364F7901F90172A483A494A4A5A466A512
:101C100077A580A991A99B01AC010E947F50F70193
:101C200022A933A944A955A90E94D653B62EE72E5E
:101C3000F82E9B83262F372F482F592F672D782D6D
:101C4000892D9A2D0E94745187FF03C0B72C74010F
:101C5000AB8286E48C9DF0018D9DF00D1124EE5633
:101C6000F64F8B2D9E2DAF2DBB8186A397A3A0A7EA
:101C7000B1A7F9818F2FF11101C084E2FF24FA94FA
:101C8000F80E309091091F1133C0131102C00E9449
:101C9000A604E6E41E9FC00111248E56964F9A8337
:101CA000898333243394310EF4E23F1201C0312C86
:101CB00086E4282E031185C0109390090F900F9091
:101CC0000F900F90DF91CF911F910F91FF90EF90A8
:101CD000DF90CF90BF90AF909F908F907F906F904C
:101CE0005F904F903F902F90089524E2298378CF02
:101CF000298186E4289F900111242E56364F3C837B
:101D00002B8326E4E22E8F2C912CFE9CC001112403
:101D1000FC01EE56F64FFA83E983F11002C094E21B
:101D2000F92EFA94F31002C00E94A604E89CC001A8
:101D3000E99C900D11249C012E56364F6901F90142
:101D400042A453A464A475A4A301920166A177A13F
:101D500080A591A50E947451882339F1F60166A5EA
:101D600077A580A991A99B01AC010E947F50F60143
:101D700022A933A944A955A90E94D653EB81FC811D
:101D800026A137A140A551A50E947F504B015C01BF
:101D9000AC019B01C301B2010E949653F6011816D3
:101DA0005CF486A297A2A0A6B1A629813A813C83C1
:101DB0002B831F11A8CF6DCF46A257A260A671A694
:101DC000F4CFC32CD12C329CC00111249C012E567F
:101DD000364F7901E981FA8146A057A060A471A429
:101DE000F90186A097A0A0A4B1A4A5019401C30104
:101DF000B2010E94745187FF26C0E981FA8166A56D
:101E000077A580A991A99B01AC010E947F50E9812F
:101E1000FA8122A933A944A955A90E94D653A30146
:101E200092010E947F502B013C01AC019B01C50136
:101E3000B4010E949653181634F4F70146A257A233
:101E400060A671A6132D2C9CF0012D9CF00D112481
:101E5000EE56F64F22A533A544A555A566A177A158
:101E600080A591A50E947451811101C0132D339456
:101E7000F4E23F1201C0312CFA82E9821BCF6F924B
:101E80007F928F929F92AF92BF92CF92DF92EF920A
:101E9000FF920F931F93CF93DF93EB018C015B01B4
:101EA0008CE1A80EB11C89E9682E96E7792E26E907
:101EB000822E3EE7932EC990D990E990F99020E0C8
:101EC00030E0A901C701B6010E9474518823B9F01E
:101ED000A7019601F80160817181828193810E943E
:101EE0007E516B017C01E894F7F89301A401C701CE
:101EF000B6010E949653181614F0360147010C5F84
:101F00001F4FCA15DB05B9F6B301C401DF91CF91AC
:101F10001F910F91FF90EF90DF90CF90BF90AF9007
:101F20009F908F907F906F9008954F925F926F92E5
:101F30007F92AF92BF92CF92DF92EF92FF920F9378
:101F40001F93CF93DF936C01FB015A01A081A80F6F
:101F5000B92FB11D8C91ED018D3249F52296119664
:101F60008C9101E0512C612C10E020E030E0A901BF
:101F70007E0190ED792E780E89E0871528F1639423
:101F8000A8E0A615E8F051101150A5E0B0E00E94BD
:101F900037559B01AC01220F331F441F551F270DDE
:101FA000311D411D511D2196D7018C91E1CF8B32FE
:101FB00019F0219600E0D6CF229611968C91FACF97
:101FC0005110F1CF1F5FEFCFBEEF7B1205C0511054
:101FD00003C055245394E7CF662009F17F01CA015D
:101FE000B9010E9426522B013C0120E030E0A901FA
:101FF0000E94745181112EC0002309F448C077FA61
:10200000709477F87094F5014082518262827382F5
:10201000CC19DD09C150F701C08366246394862D75
:10202000DF91CF911F910F91FF90EF90DF90CF90B4
:10203000BF90AF907F906F905F904F9008952AE08F
:1020400037ED43E25CE3C301B2010E94D6532B019A
:102050003C011E5F1F3F9CF31F3F59F42DEC3CECED
:102060004CEC5DE3C301B2010E94D6532B013C014D
:10207000C3CF112309F220E030E040E251E4C30174
:10208000B2010E94D6532B013C011150F2CFD50171
:102090004D925D926D927C921397BACF93B18091DD
:1020A000EE1686FF9095992399F094FB882780F986
:1020B00095FD826096FD8460292F247092FD8860D2
:1020C00091FD80612111806293FF03C080640895B7
:1020D00080E00895EBE6F0E080811082E8E6F0E031
:1020E00080818E7F8083089584B114B88091070128
:1020F0008B7F8093070180910801846080930801A1
:1021000085B18FEF85B99091EE1693FF15C0909130
:102110006B0080936B008091680081608093680001
:1021200084B7877F84BF809160008861809360005E
:1021300081E08093600008950E946A10F1CF27E04B
:1021400030E090E0AC01022E02C0559547950A940C
:10215000E2F7A09A40FF11C000000000000000005C
:10216000000000000000000000000000A098000037
:1021700000002150310930F7089500000000A098B8
:10218000000000000000000000000000000000004F
:1021900000000000EECF27E030E090E0AC01022E1E
:1021A00002C0559547950A94E2F740FF1AC0409146
:1021B0000B01406440930B01000000000000000090
:1021C00000000000000000000000000040910B0132
:1021D0004F7B40930B010000000021503109F0F6C5
:1021E000089540910B01406440930B0100000000F2
:1021F00040910B014F7B40930B0100000000000059
:102200000000000000000000000000000000E5CF1A
:10221000CF93DF93D82F862FC42F0E94CB108D2F02
:102220000E94CB108C2FDF91CF910C94CB1061ECDE
:1022300075E189E695E10C943404F894F999FECFA0
:1022400092BD81BD81E08FBB20B5862F8227082EED
:10225000000C990B50E086239523892B49F084E1EB
:102260006F3F11F060BD84E08FBBF99A78940895B8
:102270002617E1F360BD84E2F7CF9F92AF92BF9241
:10228000CF92DF92EF92FF920F931F93CF93DF9342
:102290005C018A017B01E40EF51EEB01912C6C01BF
:1022A000C61AD70ACE018C0D9D1D21E0911007C0E2
:1022B000292D990C330B232F221F2227221F6991CE
:1022C000962E920E0E941D11CE15DF0559F7692D2D
:1022D000C501800F911FDF91CF911F910F91FF904A
:1022E000EF90DF90CF90BF90AF909F900C941D1116
:1022F0006AE090E080E00E941D1142E451E069E64E
:1023000076E181E090E00C943D11F999FECF92BD09
:1023100081BD81E08FBB80B508959F92AF92BF923F
:10232000CF92DF92EF92FF920F931F93CF93DF93A1
:102330005B018A017C01E40EF51EEC01912C6B011E
:10234000C81AD90AC6018C0F9D1F0E94851121E071
:10235000911007C0292D990C330B232F221F222700
:10236000221F982E920E8993CE15DF0559F7C501CD
:10237000800F911F0E94851121E030E0891511F036
:1023800030E020E0C901DF91CF911F910F91FF90C4
:10239000EF90DF90CF90BF90AF909F9008958CE327
:1023A00090E0A0E0B0E08A309105A105B10560F4AD
:1023B00025E02A95F1F700000197A109B1090097DE
:1023C000A105B10581F7089525E32A95F1F70000ED
:1023D0000A97A109B109F3CFCF92DF92EF92FF9252
:1023E0000F931F93CF93DF936B017A01E901209143
:1023F0000B012F7720930B0120910B012068209374
:102400000B01F8948230910591F030F44FEF6FEFAB
:10241000019779F040E008C040E06FEF833091050C
:1024200021F04FEF0497B1F760E080E003C040E097
:1024300060E08FEF0E94081182E0C816D104B1F06D
:1024400038F44FEF6FEFCA94CD2891F040E00BC005
:1024500040E06FEF83E0C816D10431F04FEF84E025
:10246000C816D10499F760E080E003C040E060E066
:102470008FEF0E94081182E0E816F104B1F038F401
:102480004FEF6FEFEA94EF2891F040E00BC040E08F
:102490006FEF83E0E816F10431F04FEF84E0E816C7
:1024A000F10499F760E080E003C040E060E08FEF66
:1024B0000E940811C230D10591F030F44FEF6FEF58
:1024C000219779F040E008C040E06FEFC330D105BC
:1024D00021F04FEF2497B1F760E080E003C040E0C7
:1024E00060E08FEF0E94081102301105A1F038F46E
:1024F0004FEF6FEF0130110581F040E009C040E07F
:102500006FEF0330110529F04FEF04301105A9F7E3
:1025100060E080E003C040E060E08FEF0E940811BF
:102520007894DF91CF911F910F91FF90EF90DF9002
:10253000CF900C94CF11CF93DF93D82FA198A19A6D
:10254000F894CFE0D13081F480E00E949F108FEFAB
:102550000E949F1080E00E949F10C15099F77894CC
:10256000DF91CF910C94CF11D23029F48FEF0E94DC
:102570009F1080E0EDCF80E00E949F1080E00E94DD
:102580009F108FEFE8CF019708F40895EFE9FFE07F
:102590003197F1F700C00000F6CF80916F008D7F7A
:1025A00080936F0080918100887F8160809381009B
:1025B00010924C098091DC16909130158F3F49F4B0
:1025C00020912A15211105C0903829F490E00C942F
:1025D000C3129430D9F70895EF92FF920F931F938F
:1025E000CF93DF93EC01FC0127E08FEF9FEF2150A9
:1025F000D9F48C017E0186E0E80EF11C89910E94DD
:102600007305EC16FD06D1F7802F0E947305812F0C
:102610000E94730582E390E0DF91CF911F910F91AB
:10262000FF90EF900C94C3123191832748E050E063
:10263000BC016170772796958795672B21F031E073
:10264000832730EA93274150510991F7D0CFCF9398
:10265000DF9300D000D0CDB7DEB78091EE1681FFBA
:102660000EC08091A0008F7D8093A00026960FB6AB
:10267000F894DEBF0FBECDBFDF91CF91089586E005
:10268000E9E0F2E0DE01119601900D928A95E1F702
:10269000CE0101960E94EC12E9CFE1E0F1E08081E9
:1026A0008061808383E08093A0008AE18093A10011
:1026B00080E094E09093A9008093A8002091EA160E
:1026C0003091EB164091EC165091ED166091E616A4
:1026D0007091E7168091E8169091E9160E947E505D
:1026E0009B01AC0160E070EC8FE794E40E947E51A6
:1026F0006093290970932A0980932B0990932C09E0
:102700000C94271380E00E949A0489988A9880E0AC
:102710000E948204A59880E00E947604E2E0F1E045
:1027200080818F7D808380818F7B808310988B98C0
:102730005F988081877F8083089580912B1584FD29
:1027400020C080E10E94B9030E9427130E948213D7
:1027500090913015892F8C7221F4809134158670F8
:1027600059F0943079F480912A15811103C086E0E4
:102770000E94A9030E94CD1281E00E949B12109238
:102780005115089583E0F4CFCF93DF930E94CD12CB
:10279000E2EFF4E181E3DF011D928A95E9F7CDE4F0
:1027A000D9E083E4FE0111928A95E9F7109224158D
:1027B0001092231510926B131092BD1381E0809339
:1027C0006C1310924C090E940A0580914B098F8F5F
:1027D00082B1817090914A09892B82B988B1817048
:1027E00090914B09892B88B9DF91CF910895E9EC3D
:1027F000F0E080818F7E8083808180618083809102
:10280000270980932609E6E2F8E080E091E0DF0105
:102810009C011D9221503040E1F70895E0EEF3E075
:102820008CE3DF011D928A95E9F7109291091092CD
:102830006A1381E08093DD031092900908954F920E
:102840005F926F927F92AF92BF92CF92DF92EF92A0
:10285000FF920F931F93CF93DF93EC015C012CE168
:10286000A20EB11C8C01C12CD12C7601F801419033
:102870005190619071908F0120E030E0A901C30177
:10288000B2010E947451882371F0A3019201C30127
:10289000B2010E94D6539B01AC01C701B6010E9450
:1028A0007F506B017C010A151B0501F7C701B601BA
:1028B0000E9475546B017C01AC019B0160E070E0EB
:1028C00080E89FE30E947E512B013C016991799140
:1028D000899199915E01F4E0AF1AB108A3019201C8
:1028E0000E94D653F5016083718382839383C0175E
:1028F000D10761F7C701B601DF91CF911F910F9109
:10290000FF90EF90DF90CF90BF90AF907F906F904F
:102910005F904F9008954F925F926F927F928F9247
:102920009F92AF92BF92CF92DF92EF92FF926B0194
:102930007C018090EA169090EB16A090EC16B09077
:10294000ED164090E6165090E7166090E8167090ED
:10295000E916A3019201C501B4010E94965387FFB5
:102960001BC06091391570E090E080E00E94285211
:102970002AE037ED43E25CE30E94D653A7019601BB
:102980000E94D6536B017C01AC019B01C301B201D3
:102990000E9474511816BCF040923D1550923E159D
:1029A00060923F157092401580E094E0FF90EF90A8
:1029B000DF90CF90BF90AF909F908F907F906F905F
:1029C0005F904F900895A7019601C501B4010E9440
:1029D000965387FD1FC020E030E0A901C701B60172
:1029E0000E94745181110BC010923D1510923E153A
:1029F00010923F151092401590E080E0D7CF809262
:102A00003D1590923E15A0923F15B092401581E081
:102A100090E0CCCFC0923D15D0923E15E0923F158C
:102A2000F0924015A5019401C701B6010E947E50A5
:102A30002091290930912A0940912B0950912C09A4
:102A40000E94D6530E94635220E030E040E85FE3EA
:102A50000E947F500E94F751CB01A8CF2F923F9246
:102A60004F925F926F927F928F929F92AF92BF929E
:102A7000CF92DF92EF92FF920F931F93CF93DF934A
:102A8000CDB7DEB7C054D1090FB6F894DEBF0FBE84
:102A9000CDBF8091341580FD75C290916B138091EC
:102AA0006C13981709F46EC2809123159091241528
:102AB000892B09F07EC01091341512FF7DC28091E0
:102AC0006A1326E4829FC00111248E56964F90937C
:102AD00024158093231540912315509124155E836E
:102AE0004D83452B09F44EC20091F31400FF67C2D9
:102AF0001092F314109205151092061510920715F6
:102B000010920815AD81BE819E962D913D914D91FB
:102B10005C91D19729833A834B835C8360E070E0BA
:102B200080E09FE30E947E5169877A878B879C872C
:102B3000ED81FE8142A853A864A875A886A097A03D
:102B4000A0A4B1A411FF29C3F2E0F0930415A501DC
:102B500094010E94D6539B01AC01C301B2010E94B3
:102B60007E506B017C0120E030E0A9010E9474518D
:102B700087FF02C329813A814B815C81CA01B90177
:102B80000E947F50A30192010E94D6539B01AC0189
:102B9000C501B4010E947E500E94755460931115C6
:102BA0007093121580931315909314151860109359
:102BB0003415E091BD13F8E0EF9FD0011124BA87DE
:102BC000A987FD01E359FC4E8091F2148483409063
:102BD000231550902415D201D296BC91BEA3F201C8
:102BE000F3A9FFA3D201D496BC91B8A7F201F5A92D
:102BF000F9A72091001530910115409102155091CF
:102C000003156EA17FA18B2F9F2F0E947E506AAB70
:102C10007BAB8CAB9DAB20E030E0A9010E947451EE
:102C200087FF04C01AAA1BAA1CAA1DAA2091151569
:102C30002E8B309116153F8B40911715488F509170
:102C40001815598F80910D158E8F90910E159F8FAD
:102C5000A0910F15A8A3B0911015B9A3E091191573
:102C6000EAA7F0911A15FBA720911B152CA730910C
:102C70001C153DA7409109154FAF50910A1521969B
:102C80005FAF219760900B1570900C158091041523
:102C90008983909105159EA7A0910615AFA7B091C5
:102CA0000715B8ABE0910815E9ABF0911115FBAF32
:102CB000209112152CAF309113153DAF4091141592
:102CC0004EAF2AA53BA54CA55DA56E897F89888D51
:102CD000998D0E9474518111EFC352E05EAB9EA1A9
:102CE0009D83AFA1AD87B8A5B98BE9A5ED8B8EE328
:102CF000C82E83ECD82E8EE2E82E89E3F82E1A8EA9
:102D00001B8E1C8E1D8EA70196012AA33BA34CA3EC
:102D10005DA33981313009F449C4D201313008F45E
:102D2000D3C3333009F075C49E962D913D914D91DA
:102D30005C91D197C701B6010E94D6534B015C014B
:102D400020E030E040E05FE30E94D6539B01AC01FD
:102D50006FAD21967FAD2197C3010E947E50A701E0
:102D600096010E94D6536FAB78AF89AF9AAF9B01A3
:102D7000AC016D817D8589899D890E947E501B01F2
:102D80008C012E893F89488D598D0E94745187FD91
:102D90000CC020E030E0A9016FA978AD89AD9AADF3
:102DA0000E94745118160CF472C42E893F89488D04
:102DB000598D6EA17FA188A599A50E947E509B0187
:102DC000AC010E947F506B017C012E8D3F8D48A18C
:102DD00059A16FAD21967FAD2197C3010E947F500D
:102DE0009B01AC01C701B6010E947E516B017C01C1
:102DF000BE8DBFAFEF8D2196EFAF219768A079A070
:102E00002E883F88088D198DF1E0F983A70196017E
:102E10006A8D7B8D8C8D9D8D0E947F506A8F7B8FFC
:102E20008C8F9D8F2AA13BA14CA15DA10E94745162
:102E300087FF67C42A8D3B8D4C8D5D8D6AA17BA178
:102E40008CA19DA10E947E506B017C019101A80183
:102E50006EA57FA588A999A90E94745187FD2FC3EB
:102E60008FAD21969FAD2197D30180930915909343
:102E70000A15A0930B15B0930C15F981F093041566
:102E8000E091BE13F091BF1381A1811104C0909114
:102E9000341593FF33C0D20191969C91907309F43D
:102EA0005EC4F201EE5BFF4FC080D180E280F38010
:102EB0008823B9F020911D1530911E1540911F15E2
:102EC000509120156FAD21967FAD2197C3010E94CF
:102ED000D6539B01AC01C701B6010E94D6536B01CA
:102EE0007C01C701B6010E948B1490932215809338
:102EF000211580913415877F809334158091211599
:102F000090912215E985FA85E359FC4EFE83ED8305
:102F1000978386832091FC143091FD144091FE1418
:102F20005091FF14B101C8010E94D6532B013C01FE
:102F30000E945D516B017C016091F8147091F9144D
:102F40008091FA149091FB140E945D514B015C0139
:102F5000A70196010E947E500E94F75169837A83EF
:102F60008B839C83E981FA81AD81BE81ED93FC93D3
:102F7000EF2B09F001C48091341581FFFDC38160FE
:102F800080933415C05CDF4F0FB6F894DEBF0FBEE0
:102F9000CDBFDF91CF911F910F91FF90EF90DF9008
:102FA000CF90BF90AF909F908F907F906F905F90E9
:102FB0004F903F902F9008950E942A0B88CD8091CA
:102FC000F2148F5F893009F480E08093F214282F87
:102FD00030E052E2859FC0011124DC01A054BC4EB8
:102FE0007D01B093BF13A093BE13ED81FE8180A13C
:102FF00090968C9390E080E0419151916191719114
:10300000D701A80FB91F689412F8440F551F661F07
:10301000771F1694D1F74D935D936D937C9313971F
:1030200004968C31910541F7AD81BE815C966D911E
:103030007D918D919C915F97B2E2B29FA001B39F69
:10304000500D1124FA01E054FC4E4B015C0123E0C9
:10305000880C991CAA1CBB1C2A95D1F7848E958ECE
:10306000A68EB78E0E9426526093F8147093F914BE
:103070008093FA149093FB14ED81FE8122A933A969
:1030800044A955A90E947E519B01AC012093FC14D8
:103090003093FD144093FE145093FF1460E070E0F1
:1030A00080EA9FE30E947E516093001570930115A2
:1030B00080930215909303151092F4141092F51456
:1030C0001092F6141092F71411FD02C003FF43C0D2
:1030D000609111157091121580911315909114152E
:1030E0006093091570930A1580930B1590930C1536
:1030F0009B01AC010E94D653AD81BE8196966D9323
:103100007D938D939C939997077F0093F314D70138
:1031100091961C928091EE1681FFECCCED81FE81A0
:1031200081A185FFE7CCFE962081318142815381C8
:1031300060E070E080E89FE30E947E5160931D157F
:1031400070931E1580931F1590932015E1E0D70111
:103150009196EC93CFCCED81FE8166A177A180A5FD
:1031600091A50E9475546093091570930A15809378
:103170000B1590930C15CBCFC0920515D092061568
:10318000E0920715F0920815109211151092121581
:10319000109213151092141509CD10920415409237
:1031A000151550921615609217157092181512FF8A
:1031B0006AC01092111510921215109213151092E8
:1031C0001415C12CD12C76018D819E810E94B50AE7
:1031D000698B7A8B8B8B9C8B9B01AC010E94D653A5
:1031E0006D837E838F839887A50194010E9474511B
:1031F00087FF93C02D813E814F815885C501B40161
:103200000E947E5029853A854B855C850E94D65365
:103210009B01AC01C301B2010E947E506093151561
:1032200070931615809317159093181520E030E0D1
:10323000A9010E94745118160CF449C032E0309371
:10324000041529813A814B815C81CA01B9010E9430
:103250007F50A30192010E94D6539B01AC01C5018E
:10326000B4010E947E500E947554609311157093B2
:10327000121580931315909314158091F3148860A0
:103280008093F31493CCE0919109EF5FE43209F459
:10329000E0E080916A13C12CD12C76018E1751F099
:1032A00026E42E9FF0011124EE56F64FC6A0D7A0BB
:1032B000E0A4F1A4C701B6010E94755460931115F2
:1032C0007093121580931315909314157DCFA70159
:1032D00096016D817E818F8198850E947E5029851F
:1032E0003A854B855C850E94D6536093191570937F
:1032F0001A1580931B1590931C1589899A89AB899F
:10330000BC8980930D1590930E15A0930F15B09363
:10331000101593E09093041549CCA7019601C501BF
:10332000B4010E947E5029853A854B855C850E94B8
:10333000D653A30192010E947F5020E030E040E08C
:103340005FE30E94D6536D877E878F87988B20E03E
:1033500030E0A9010E94965318160CF094C0A30106
:1033600092016D857E858F8598890E94745187FFB3
:1033700088C0A70196016D817E818F8198850E940A
:103380007E5029853A854B855C850E94D6539B01EA
:10339000AC012093191530931A1540931B155093C7
:1033A0001C156D857E858F8598890E949653181609
:1033B000BCF529893A894B895C8920930D15309396
:1033C0000E1540930F1550931015A50194016D81B2
:1033D0007E818F8198850E947451811104C031E0F3
:1033E00030930415E3CBA50194016D817E818F811B
:1033F00098850E947E5029853A854B855C850E9480
:10340000D6539B01AC01C301B2010E947E50609370
:103410001515709316158093171590931815C6CB34
:103420008D859E85AF85B889809315159093161567
:10343000A0931715B09318158093191590931A152A
:10344000A0931B15B0931C1529813A814B815C8197
:10345000CA01B9010E947F502D853E854F8558894C
:103460000E94D653A70196010E947F500E94755476
:1034700060930D1570930E1580930F159093101592
:1034800095CB92E047CF8091111590911215A091A4
:103490001315B0911415109215151092161510925F
:1034A00017151092181580930D1590930E15A09373
:1034B0000F15B09310157ACB81E08EAB10CC2D8216
:1034C0003D86098B1D8B25CC9E962D913D914D916E
:1034D0005C91D197C701B6010E94D6534B015C01A4
:1034E00020E030E040E05FE30E94D6532FAD21960C
:1034F0003FAD2197A3010E947F50A70196010E9432
:10350000D6539B01AC016D817D8589899D890E947F
:103510007E501B018C019B01AC016E897F89888DD7
:10352000998D0E949653181694F52E893F89488DDF
:10353000598D6EA17FA188A599A50E947E509B01FF
:10354000AC010E947F506B017C012E8D3F8D48A104
:1035500059A16FAD21967FAD2197C3010E947F5085
:103560009B01AC01C701B6010E947E516B017C0139
:10357000BEA9B983EE8DEFAFFF8D2196FFAF2197E6
:1035800068A079A02E883F88088D198D3FCCA501B1
:1035900094016FAD21967FAD2197C3010E947F50AA
:1035A0006FAF21967FAF21973C0130CC2E8D3F8DA0
:1035B00048A159A1C701B6010E94D6539B01AC0195
:1035C0006D817D8589899D890E947E501B018C01BA
:1035D0002AA53BA54CA55DA50E94745187FF16CC7A
:1035E0002AA53BA54CA55DA56D817D8589899D8911
:1035F0000E947E502E8D3F8D48A159A10E947E5180
:103600006B017C012AA43BA40CA51DA522E0298303
:10361000FDCB9E962D913D914D915C91D197C70127
:10362000B6010E94D6534B015C01AC019B016FAD0A
:1036300021967FAD2197C3010E94965318168CF5F1
:1036400020E030E040E05FE3C501B4010E94D653C2
:103650009B01AC016FAD21967FAD2197C3010E9404
:103660007E50A70196010E94D6539B01AC016D814B
:103670007D8589899D890E947E501B018C012EA524
:103680003FA548A959A90E949653181654F4A501BC
:1036900094016FAD21967FAD2197C3010E947E50AA
:1036A0007FCF2EA53FA548A959A96D817D85898920
:1036B0009D890E947E509B01AC010E947F506B014E
:1036C0007C012BAD3CAD4DAD5EAD6FAD21967FADB8
:1036D0002197C3010E947F509B01AC01C701B60135
:1036E0000E947E516B017C01BBADBFAFECAD21965A
:1036F000EFAF21976DAC7EAC2EA43FA408A919A909
:1037000085CB2AA93BA94CA95DA9B101C8010E949A
:10371000965318169CF42EE333EC4EE259E36AA15B
:103720007BA18CA19DA10E947F506AA37BA38CA347
:103730009DA32A8D3B8D4C8D5D8D84CB8FAD2196C5
:103740009FAD2197D3018093091590930A15A093FB
:103750000B15B0930C1529812093041591CB109271
:103760003D1510923E1510923F1510924015109283
:10377000221510922115BDCB2091F4143091F5142F
:103780004091F6145091F7146A8D7B8D8C8D9D8D30
:103790000E947F506D837E838F839887A30192015F
:1037A000C501B4010E947E509B01AC016D817E81F8
:1037B0008F8198850E947E514B015C0120EC31EE97
:1037C00044E65EE40E94D6530E945D510E94F75188
:1037D000E985FA85E359FC4E603D37E073078105C2
:1037E000910508F054C01582E985FA85E359FC4E2D
:1037F0007383628380916C138093BD138F5F8A30D3
:1038000009F47BC080936C13E0912315F09124158B
:10381000C101D80182AB93ABA4ABB5ABC092F81495
:10382000D092F914E092FA14F092FB14A3019201E1
:10383000C701B6010E947E50A50194010E94D65393
:103840006093F4147093F5148093F6149093F71426
:1038500020910515309106154091071550910815D6
:10386000B101C8010E947451811117C9909134159A
:10387000998320E030E0A901B101C8010E9496536C
:103880001816F4F5A981A160A09334157BCB603A9A
:103890004FE074078105910520F551E05583E985D6
:1038A000FA85E359FC4E2581022E04C09695879532
:1038B000779567950A94D2F749815A8102C0440FDF
:1038C000551F2A95E2F7518340836115710551E038
:1038D0008507910508F488CF8FEF9FEF938382834C
:1038E00089CF6034AFE17A078105910518F4B2E021
:1038F000B583D5CF23E02583D2CF10926C1384CF2C
:10390000B981B2FF04C0B160B09334153BCB1092C3
:103910002415109223159091910980916A138917AB
:1039200009F4BBC881E0890F843209F480E020915A
:103930009009921302C08093900980939109ADC8B9
:103940004F925F926F927F928F929F92AF92BF92AF
:10395000CF92DF92EF92FF920F931F93CF93DF935B
:10396000C0912A15CC23D1F081E0809330158CE5ED
:1039700093E00E948C078C2F0E9467070E944808E2
:1039800084EF91E00E94C312C150C23010F40E9433
:103990009D138FB7F89410922A158FBFC0912B15E5
:1039A000CC2309F4DBC0C4FF14C081E0809331153F
:1039B000DF91CF911F910F91FF90EF90DF90CF900B
:1039C000BF90AF909F908F907F906F905F904F903F
:1039D0000895C0FF05C00E943A0B81E00E94AF032A
:1039E0008C2F887E09F46AC080913015982F9370CF
:1039F00009F053C08872A9F080913215807C89F457
:103A00000E94A60482E080933415809130158032A4
:103A100041F480E2C7FD0CC080913215806880932C
:103A2000321580913015811103C091E090933215C9
:103A3000C6FF07C085FD05C0909132159064909334
:103A40003215C3FF05C0807E19F480E180933015E4
:103A5000C5FF23C088EE93E00E948C078CEA93E0B8
:103A60000E948C070E94520A8091321587FD10C077
:103A700090913015903451F483FF04C0837E8260AE
:103A80008093321580E48093301502C09038D1F7CE
:103A900080913215806280933215C7FF0CC08091EF
:103AA0003015813029F4809132158560809332156C
:103AB00080E88093301588EE0E94AF03C1FF28C0D4
:103AC0008C2F887611F580913015803441F48091E7
:103AD000321585FD04C084FFF4C01092301580912A
:103AE0003015882309F4F3C084FF0FC0909132157C
:103AF00090FF0BC0803109F0EAC080913A1588230D
:103B000009F4E5C0886080933A1582E00E94AF0313
:103B1000C2FF24C09091321580913015807D09F448
:103B2000EFC0809133158111EBC097FDEBC00E946F
:103B3000A60480919109809390090E94D40D8091F0
:103B4000341581FF05C09091321591609093321524
:103B5000897F8093341584E00E94AF0390912815EB
:103B6000992309F44DC08FB7F894109228158FBF90
:103B700040913715842F90FD84E691FD865F92FD7C
:103B80008A5093FD8F5F94FD8150893C08F088EC4A
:103B90008A3008F48AE030913815232F95FD24E609
:103BA00096FD22E397FD29E1481302C0231741F156
:103BB000809337152093381510923B15809091090A
:103BC00040906A13C82D89E9B82E96E7E92E26E9B8
:103BD000F22EDEE736E4532EC411AFC08B2D9E2D9E
:103BE000AF2DBD2F8093180490931904A0931A044D
:103BF000B0931B040E94A604809290090E94D40DE9
:103C000090912915992309F445C08FB7F894109223
:103C100029158FBF20913915822F90FD84E691FDE3
:103C2000865F92FD8A5093FD8F5F94FD8150893CA1
:103C300008F088EC8A3008F48AE0281749F02091CF
:103C400034152860209334158093391510923B1554
:103C50008091301595FF09C0803139F420913A15D3
:103C60002111C0C022E020933A15292F207C91F029
:103C7000882311F0887171F080915A1597FF03C065
:103C800087FFB4C08F7796FF03C086FFB1C08F7BDC
:103C900080935A15809130158C7F09F489CEDF917D
:103CA000CF911F910F91FF90EF90DF90CF90BF9039
:103CB000AF909F908F907F906F905F904F900C94FB
:103CC0002E1582FF0CCF88608093321508CF10929A
:103CD00034150E942A0B892B71F08091321586FDD4
:103CE0000AC01092321588E0809330150E942E157C
:103CF0000E94CA040ACF109232151092301505CFD7
:103D000097FF0AC0109234150E940E140E94C4132B
:103D10000E9417110E94A40A8091321585FF08C0E5
:103D20008F7781608093321580E48093301513CFB4
:103D300010923215109230150ECFCC2ED12CC59D7D
:103D4000C00111248E56964F0E94B50A3B01982E51
:103D5000A92E2B2D3E2D4F2D5D2F0E9496535C9C3E
:103D600080015D9C100D11240E56164F18169CF5FF
:103D70002B2D3E2D4F2D5D2F6B2D7E2D8F2D9D2FAD
:103D80000E94D653F80162A773A784A795A75C9CED
:103D900080015D9C100D11240E56164FF801C6A827
:103DA000D7A8E0ACF1ACA701960162A573A584A5E4
:103DB00095A50E94965318162CF4F801C2A6D3A616
:103DC000E4A6F5A6CF5FC43209F4C0E0B62CE72C18
:103DD000F92CDA2D01CF9301492D5A2DB301892DEC
:103DE0009A2DCECF20FF41CF24603DCF80684BCFAE
:103DF00080644ECFCF92DF92EF92FF92CF93DF930A
:103E000000D000D0CDB7DEB790913115911110C020
:103E10006A017B01811119C010923D1510923E1567
:103E200010923F15109240150E94271310923B15D7
:103E300026960FB6F894DEBF0FBECDBFDF91CF91AF
:103E4000FF90EF90DF90CF9008959091EE169270D2
:103E5000803181F486E0EFE0F2E0992381F08091F7
:103E6000EE1681FF17C0C701B6010E948B140E9495
:103E7000DC04DCCF9111F3CF86E0E5E1F2E0DE0176
:103E8000119601900D928A95E1F7CE0101960E945C
:103E9000EC12E5CF20E030E040EC50E4C701B60181
:103EA0000E947E510E94F75181E0898386E08A83D7
:103EB00080EF8B8388E08C837D836E83CE010196B7
:103EC0000E94EC12B3CFCF92DF92EF92FF920F934A
:103ED0001F93CF93DF930E94A01C809132158823FB
:103EE00009F460C00E942A0B0097D1F5C0915B15C0
:103EF00080915A15C82BC0905C15D0905D15E0904C
:103F00005E15F0905F158091EE1681FF03C080E290
:103F10000E949703C073D1E080913215882309F481
:103F200041C09091311591113DC080FF16C0909114
:103F30003015292F207C09F484C082FD1BC010920B
:103F40003A1540E050E0BA0180E00E94FA1E8091EC
:103F500032158D7F8460809332150E94A01CDCCFC7
:103F6000FC01C1A18E5B9F4FFC01C080D180E2802B
:103F7000F380C9CF903811F588EE93E00E948C074A
:103F800083E693E00E948C070E94520A40E050E0D2
:103F9000BA0180E00E94FA1E0E94CD128091311574
:103FA000882349F0DF91CF911F910F91FF90EF90FF
:103FB000DF90CF9008950E94A01CF0CF903429F498
:103FC000909106018F7D809332158091321583FF89
:103FD000C4CF90915B15992359F081FDBECF80919C
:103FE000EE1681FF10C080913415886080933415DF
:103FF0008091321581FDB1CF80618093321582E0CE
:104000000E94B903AACFB701A6018C2F0E94FA1E05
:1040100001E510E00150110959F38091311581112A
:10402000E7CF0E94A01C8091321581FD96CFFFEF53
:1040300020E782E0F15020408040E1F700C000001E
:10404000E9CF80913A158823C9F181FF0DC0809195
:104050005B15882351F140E050E0BA0180E00E94F6
:10406000FA1ED0933A1579CF8C7009F476CF8091EF
:104070005B15882399F088EE93E00E948C078CE60C
:1040800093E00E948C070E94520A8091EE1681FFF5
:104090000FC08091341588608093341580913A1553
:1040A00083FF03C082E00E94B90310923A1555CFF6
:1040B000B701A6018C2F0E94FA1EF0CF8091341513
:1040C00083FF4BCFB701A6018C2F0E94FA1E80916F
:1040D0003415877F8093341540CF0E94CC0D0E9409
:1040E000631F80913115811108C00E942A0B892B12
:1040F000B1F780913015883091F30895CF93DF9315
:1041000021E031E0829FE001839FD00D1124DD5F2B
:1041100040E051E0BE018BEA97E10E948D11892BAE
:1041200079F41092AB170E946D2040E051E06BEAE9
:1041300077E1CE010E943D1180E0DF91CF9108959B
:1041400081E0FBCF0E946D2010923C150895CF9224
:10415000DF92EF92FF92CF9390913015923079F0E9
:104160006A017B01C82F0E946D20B701A6018C2F28
:10417000CF91FF90EF90DF90CF900C94FA1ECF91EB
:10418000FF90EF90DF90CF9008950F931F93CF9300
:10419000C82F8B010E946D202DE1C29FC001112408
:1041A0004CE150E0B8019E5FCF911F910F910C94AC
:1041B0003D111F93CF93DF93182FEB018DE1189FD3
:1041C000B00111247E5F4CE150E0CE010E948D11C0
:1041D000892B71F48CE1FE0111928A95E9F7BE01F9
:1041E000812F0E94C52080E0DF91CF911F9108951B
:1041F00081E0FACF4F925F926F927F928F929F925F
:10420000AF92BF92CF92DF92EF92FF920F931F93E4
:10421000CF93DF93CDB7DEB76C970FB6F894DEBFC0
:104220000FBECDBF182F80FF1EC28AE08093D91623
:1042300089E18093DC161092DA1684E08093DB1615
:1042400082E08093DD168AE097EDA3E2BCE38093E1
:10425000DE169093DF16A093E016B093E1168FE67A
:1042600092E1A3E0BBE38093E2169093E316A09360
:10427000E416B093E51680E090E4ACE9B6E48093F0
:10428000E6169093E716A093E816B093E9161092FD
:10429000EA161092EB161092EC161092ED16109290
:1042A000EF1680E090E0A8ECB1E48093F0169093D4
:1042B000F116A093F216B093F31680E090E0A6E119
:1042C000B4E48093F4169093F516A093F616B09389
:1042D000F7168AEF90E09093F9168093F81680E035
:1042E00090E0A0E0B0E48093FA169093FB16A093C0
:1042F000FC16B093FD1688E18093EE1680E090E006
:10430000A8ECB3E48093691690936A16A0936B1699
:10431000B0936C1680936D1690936E16A0936F16E3
:10432000B09370168093711690937216A0937316C3
:10433000B093741680E090E0AAE7B5E48093851608
:1043400090938616A0938716B0938816809389164B
:1043500090938A16A0938B16B0938C1680938D162B
:1043600090938E16A0938F16B093901680E098ECE1
:10437000AFEAB9E48093A1169093A216A093A31676
:10438000B093A4168093A5169093A616A093A71693
:10439000B093A8168093A9169093AA16A093AB1673
:1043A000B093AC1680E090E0A8ECB3EC8093BD161F
:1043B0009093BE16A093BF16B093C0168093C116FB
:1043C0009093C216A093C316B093C4168093C516DB
:1043D0009093C616A093C716B093C81680E090E0DD
:1043E000A0E2B1E48093071790930817A0930917F0
:1043F000B0930A1780E090E0A0EAB1E480930B1735
:1044000090930C17A0930D17B0930E1780E090E0D7
:10441000A0EFB1E480930F1790931017A09311179A
:10442000B093121781E08093FE161092FF1610923F
:104430000017109201171092021710920317109292
:104440000417109205171092061733E1C32E37E1B7
:10445000D32E4CEEE42EFF24FA94412C512C50EA3A
:10446000652E50EC752E812C912C68E4A62E62EC02
:10447000B62EF60141925192619271926F01B7018D
:104480000F2C000C880B990B0E942852F601648BAC
:10449000758B868B978B84A695A6A6A6B7A6FEE1FC
:1044A000EF1AF10888E3E8168FEFF80611F7EBE54D
:1044B000F7E181E070EC60E453E04AE036E022E3AB
:1044C00092E2808311821282138274836583168242
:1044D00017821086118652874387348725878687FF
:1044E00097877096A7E1EB39FA0759F710929B1757
:1044F00010929C1710929D1710929E1710929F1762
:104500001092A0171092A1171092A2171092A31741
:104510001092A4171092A5171092A6171092A71721
:104520001092A81787E08093A91784E08093AA17B8
:104530008FE195ECA1E3B3E4809375169093761622
:10454000A0937716B093781640E050E06AE775E4E0
:10455000409391165093921660939316709394160D
:10456000C12C88ECD82E8FEAE82E89E4F82EC09270
:10457000AD16D092AE16E092AF16F092B01680E073
:1045800090E0A8E4B3EC8093C9169093CA16A09368
:10459000CB16B093CC16812C912C20EAA22E23E4CA
:1045A000B22E8092791690927A16A0927B16B092D3
:1045B0007C164093951650939616609397167093B9
:1045C0009816C092B116D092B216E092B316F0923D
:1045D000B4168093CD169093CE16A093CF16B093B9
:1045E000D01680927D1690927E16A0927F16B09281
:1045F0008016C092B516D092B616E092B716F09219
:10460000B8164093991650939A1660939B16709320
:104610009C168093D1169093D216A093D316B09384
:10462000D4168092811690928216A0928316B09230
:104630008416C092B916D092BA16E092BB16F092C8
:10464000BC1640939D1650939E1660939F167093D0
:10465000A0168093D5169093D616A093D716B09334
:10466000D8160E94781111FF0FC0FE0131967F010C
:104670008CE111928A95E9F700E0B701802F0E9442
:10468000C5200F5F0830C9F712FF14C060E080E05A
:1046900093E00E941D1160E081E093E00E941D11F3
:1046A00060E081E094E00E941D1160E082E094E00F
:1046B0000E941D1113FF0AC060E08EEA93E00E9481
:1046C0001D1160E08FEA93E00E941D116C960FB6F9
:1046D000F894DEBF0FBECDBFDF91CF911F910F9138
:1046E000FF90EF90DF90CF90BF90AF909F908F9012
:1046F0007F906F905F904F9008955F926F927F923E
:104700008F929F92AF92BF92CF92DF92EF92FF92E1
:104710000F931F93CF93DF9300D000D000D01F9250
:104720001F92CDB7DEB74C016DB67EB68BE0EBE1E4
:10473000F2E0DE01119601900D928A95E1F70E9458
:10474000F7138FE0582E5E012CE0A20EB11C8E01F3
:104750000F5F1F4FF80181918F010E948C05A016F9
:10476000B106C1F784E690E00E94C3120E94620580
:104770008A3A09F04BC00E946205CDB6DEB6082F1A
:1047800010E02DB73EB7201B310B0FB6F8943EBF9B
:104790000FBE2DBFEDB7FEB731967F01682FCF0159
:1047A0000E944C050E0D1F1DF80131978081853543
:1047B00041F5F701369680E1D40101900D928A957A
:1047C000E1F70FB6F894DEBE0FBECDBE0FB6F8947B
:1047D0007EBE0FBE6DBE2B960FB6F894DEBF0FBE29
:1047E000CDBFDF91CF911F910F91FF90EF90DF90A0
:1047F000CF90BF90AF909F908F907F906F905F9081
:1048000008950FB6F894DEBE0FBECDBE5A94511077
:104810009ECFDCCF2F923F924F925F926F927F920A
:104820008F929F92AF92BF92CF92DF92EF92FF92C0
:104830000F931F93CF93DF93CDB7DEB7C658D1093F
:104840000FB6F894DEBF0FBECDBFE9967FAF6EAF57
:10485000E997B0906A132B2D30E0E3963FAF2EAF6F
:10486000E39726E4B29EA0011124BA016E56764F5A
:10487000EB967FAF6EAFEB97DB011D922A95E9F7C0
:10488000E996EEADFFADE9972485DB0191962C9377
:10489000FB01EE5BFF4FE996AEADBFADE997149615
:1048A0004D915D916D917C91179740835183628307
:1048B000738318964D915D916D917C911B97EB964A
:1048C000EEADFFADEB9742A353A364A375A321FF05
:1048D000E9C12CE1E1ECF5E1DE01D99601900D9200
:1048E0002A95E1F7E4968FAFE497E5969FAFE597B9
:1048F00029E636E1CD57DF4F39832883C358D040AE
:10490000BE01635E7F4FCF57DF4F79836883C15805
:10491000D040CE01C996C158DF4F99838883CF57C5
:10492000D040EB96AEADBFADEB97EF96BFAFAEAF5D
:10493000EF974E01B5E58B0E911CED969FAE8EAEB6
:10494000ED9710E086E4E396EEADFFADE3978E9F22
:1049500010018F9F300C112491012E56364F1901F2
:10496000B901645E7F4FCB57DF4F79836883C558A9
:10497000D04070E2270E311CE596AEADBFADE59795
:104980006D917D918D919D91E596BFAFAEAFE5970D
:10499000CD57DF4FE881F981C358D0404190519005
:1049A00061907190CD57DF4FF983E883C358D040B1
:1049B000A30192010E94D6530E94A353CF57DF4F09
:1049C000A881B981C158D0406D937D938D939D93FB
:1049D000CF57DF4FB983A883C158D040C158DF4FAC
:1049E000E881F981CF57D040C190D190E190F1900A
:1049F000C158DF4FF983E883CF57D0406C197D0948
:104A00008E099F099B01AC0197FF07C0222733271E
:104A1000A901261B370B480B590BEF96AEADBFAD66
:104A2000EF972D933D934D935D93EF96BFAFAEAF50
:104A3000EF97CB57DF4FE881F981C558D040C08050
:104A4000D180E280F380C216D306E406F50610F4A6
:104A500069017A01CB57DF4FA881B981C558D04091
:104A6000CD92DD92ED92FC9213970E942852A30101
:104A700092010E947E51ED96EEADFFADED976193F0
:104A8000719381939193ED96FFAFEEAFED9720E098
:104A900030E0A9010E94745187FF07C0812F0E9456
:104AA000F004D1019C91892B8C931F5F173009F082
:104AB00063CF80E0CD28CE28CF2809F4D9C0CE011D
:104AC0008B5A9F4F0E941F146B017C0186E4E39672
:104AD000EEADFFADE3978E9F80018F9F100D1124E7
:104AE0000E56164FD801D296CD92DD92ED92FC92E1
:104AF000D597BE016B5A7F4F81EA96E10E943F0F26
:104B0000F80166A777A780AB91ABBE016B5A7F4FC8
:104B100085E896E10E943F0FD801DA966D937D9368
:104B20008D939C93DD979196AC90025C1F4FA0FEF5
:104B3000BDC0F80160837183828393838091910962
:104B4000B81611F0A1FECDC086E4E3962EAD3FADC0
:104B5000E397829FF001839FF00D1124EE56F64FEC
:104B600016A217A210A611A616AA17AA10AE11AE69
:104B700086E4E396EEADFFADE3978E9F80018F9FB5
:104B8000100D11240E56164FD80191968C9181FD6F
:104B90006EC0EB968EAD9FADEB970E94B50A6B0190
:104BA0007C018090180490901904A0901A04B09091
:104BB0001B04AC019B01C501B4010E94745187FF25
:104BC0006DC1A5019401C501B4010E94D653F8013D
:104BD00062A773A784A795A786E4E396EEADFFAD21
:104BE000E3978E9F80018F9F100D11240E56164F54
:104BF000D801D6968D909D90AD90BC90D997A50187
:104C000094019A966D917D918D919C919D970E94B2
:104C1000965318162CF4F80182A693A6A4A6B5A65E
:104C2000C0921804D0921904E0921A04F0921B0466
:104C30008CE1FE01EB5AFF4FACEFB3E001900D9217
:104C40008A95E1F78CE1FE017D96A0EEB3E001903C
:104C50000D928A95E1F78091DD0380936A138F5F4F
:104C6000843209F480E08093DD030E94D40D81E05A
:104C7000CA57DF4F0FB6F894DEBF0FBECDBFDF912E
:104C8000CF911F910F91FF90EF90DF90CF90BF9049
:104C9000AF909F908F907F906F905F904F903F90DC
:104CA0002F9008952CE1E0EEF3E016CEE996AEAD3C
:104CB000BFADE9972D913D914D915C91A3FC06C04C
:104CC000F801208331834283538338CFC701B60173
:104CD0000E94D653D8016D937D938D939C93139727
:104CE0002DCF6CEF73E0E9967FAF6EAFE9978E0141
:104CF0000F5F1F4F14017CE1270E311CC12CD12CFA
:104D000076015801E996EEADFFADE9978191919159
:104D1000A191B191E996FFAFEEAFE997E7968CAF1D
:104D20009DAFAEAFBFAFE797D4014D905D906D9052
:104D30007D904D01A3019201E7966CAD7DAD8EADE6
:104D40009FADE7970E94D6539B01AC01C701B60106
:104D50000E947E506B017C01E7962CAD3DAD4EADBF
:104D60005FADE797C301B2010E947E50F8016193E5
:104D70007193819391938F012814390419F62FEEC2
:104D80003FEF4FE75FE3C701B6010E949653181645
:104D90006CF486E4E3962EAD3FADE397829FF0017D
:104DA000839FF00D1124EE56F64FDECE2FEE3FEF2F
:104DB0004FE75FEBC701B6010E94745187FF15C032
:104DC00086E4E3966EAD7FADE397869FF001879F03
:104DD000F00D1124EE56F64F89E996E7A6E9BEE7F5
:104DE00086AB97ABA0AFB1AFC3CEC5010E941F1475
:104DF000B50181EA96E10E943F0F4B015C01A701DA
:104E0000960160E070E080E89FE30E947E5020E021
:104E100030E040E05FE30E94D6530E9475546B017E
:104E20007C012091DE163091DF164091E016509102
:104E3000E116C501B4010E94D653A70196010E9454
:104E4000D6534B015C01A701960160E070E080E859
:104E50009FE30E947E509B01AC01C501B4010E94FA
:104E60007E516B017C0120E030E0A9010E94745169
:104E700087FF03C0C12CD12C760186E4E396AEAD4A
:104E8000BFADE3978A9FF0018B9FF00D1124EE5682
:104E9000F64FC6AAD7AAE0AEF1AE6ACEA701960138
:104EA000C701B6010E94D653D8019A966D937D939F
:104EB0008D939C939D9790CEBF92CF92DF92EF926D
:104EC000FF920F931F93CF93DF93CDB7DEB7A997D0
:104ED0000FB6F894DEBF0FBECDBFB82E0E946D2076
:104EE0000E946A1080913115811179C08E01035E94
:104EF0001F4F8DE0F80111928A95E9F786E089A7A6
:104F000020E030E040E450EC6091D5167091D61668
:104F10008091D7169091D8160E94D6536B017C01D0
:104F200020E030E0A9010E94745187FF03C0C12C2A
:104F3000D12C760161EC75E1CE0101960E9434041A
:104F40001092D9151092DA151092DB151092DC151B
:104F5000BB2021F0F7FAF094F7F8F094C98EDA8EBE
:104F6000EB8EFC8E82E08093361580E090E0A8E422
:104F7000B2E48D8F9E8FAF8FB8A3B801CE0101969A
:104F80000E940A2484E0809334150E942E150E940A
:104F9000CA0412E0809109018095BB2081F18071E3
:104FA000811110E0109336150E942E1580912B155B
:104FB000847309F44EC010912B1514FF03C086E0D2
:104FC0000E94A90315FF03C087E00E94A9038091F6
:104FD0002A158823B1F00E949D130E94631FA99691
:104FE0000FB6F894DEBF0FBECDBFDF91CF911F91FA
:104FF0000F91FF90EF90DF90CF90BF900895807257
:10500000CFCF84E00E94AF030E94C4138091F816B2
:105010009091F9160E94C3121092D9151092DA15C8
:105020001092DB151092DC15109234150E94631F4C
:10503000809131158111D3CF0E9417110E94A40ACB
:105040000E94741081E0B11001C080E08093461589
:10505000C6CF11119FCFD8CFBF92CF92DF92EF92E0
:10506000FF920F931F93CF93DF93CDB7DEB7A9972E
:105070000FB6F894DEBF0FBECDBFB82E0E946D20D4
:105080005F9A0E946A1080913115811176C08E015D
:10509000035E1F4F8DE0F80111928A95E9F786E0D3
:1050A00089A720E030E040E450EC6091CD1670918B
:1050B000CE168091CF169091D0160E94D6536B01D8
:1050C0007C0120E030E0A9010E94745187FF03C0F9
:1050D000C12CD12C760161EC75E1CE0101960E94C4
:1050E00034041092D1151092D2151092D31510924B
:1050F000D415BB2009F451C0F7FAF094F7F8F094F6
:10510000C98ADA8AEB8AFC8A80E48093361580E0CB
:1051100090E0A8E4B2E48D8F9E8FAF8FB8A3B80162
:10512000CE0101960E940A2484E0809334150E94E7
:105130002E150E94CA0410E4BB2011F07D9B10E0E4
:10514000109336150E942E1580912B15847309F447
:1051500052C010912B1514FF03C086E00E94A903D2
:1051600015FF03C087E00E94A90380912A158823B8
:10517000E9F00E949D130E94631FA9960FB6F89450
:10518000DEBF0FBECDBFDF91CF911F910F91FF907A
:10519000EF90DF90CF90BF90089580E090E0A0EC7A
:1051A000BFE3898B9A8BAB8BBC8BAECF84E00E9424
:1051B000AF030E94C4138091F8169091F9160E94D3
:1051C000C3121092D1151092D2151092D3151092CD
:1051D000D415109234150E94631F809131158111EE
:1051E000CCCF0E9417110E94A40A0E9474100E9442
:1051F0006D205F98C2CF11119FCFDBCFAF92BF92CE
:10520000CF92DF92EF92FF920F931F93CF93DF9392
:10521000CDB7DEB7A9970FB6F894DEBF0FBECDBFEE
:10522000182F0E946D200E946A1080913115811103
:1052300075C05E018DE1A80EB11C8DE0F5011192E3
:105240008A95E9F786E089A720E030E040E450EC59
:105250006091D1167091D2168091D3169091D41688
:105260000E94D6536B017C0120E030E0A9010E942E
:10527000745187FF03C0C12CD12C760161EC75E11C
:10528000CE0101960E9434041092D5151092D615C5
:105290001092D7151092D815112309F450C0CD8A59
:1052A000DE8AEF8AF88E80E88093361580E090E001
:1052B000AAEFB4E48D8F9E8FAF8FB8A3B501CE0156
:1052C00001960E940A2484E0809334150E942E15D2
:1052D0000E94CA0400E8112321F08091090181FF96
:1052E00000E0009336150E942E1580912B158473D3
:1052F00009F456C000912B1504FF03C086E00E94FC
:10530000A90305FF03C087E00E94A90380912A1525
:105310008823F1F00E949D130E94631FA9960FB687
:10532000F894DEBF0FBECDBFDF91CF911F910F91DB
:10533000FF90EF90DF90CF90BF90AF90089580E006
:1053400090E0A8ECB2EC8D8B9E8BAF8BB88FABCF7F
:1053500084E00E94AF030E94C4138091F8169091DC
:10536000F9160E94C3121092D5151092D6151092FC
:10537000D7151092D815109234150E94631F809192
:1053800031158111CBCF0E9417110E94A40A0E94EF
:10539000741081E0111101C080E080935015BECFE0
:1053A000011199CFD8CFEF92FF921F93CF93DF9344
:1053B000EC017B018091EE1685FF22C01091301523
:1053C000103211F1CE010E94C2038823C9F081E09E
:1053D00080933315183069F488E00E94B9030E9465
:1053E000631F8091311581110BC08091301581119F
:1053F000F6CF0E949D1382E00E94A9030E94631FC2
:10540000809130158230C1F00E94631F8091311568
:10541000811112C0909191098091DD03981303C00E
:105420000E94CC0DF1CFB701CE01DF91CF911F913A
:10543000FF90EF900C940A24DF91CF911F91FF9081
:10544000EF9008952F923F924F925F926F927F92CA
:105450008F929F92AF92BF92CF92DF92EF92FF9284
:105460000F931F93CF93DF93CDB7DEB7E7970FB6B8
:10547000F894DEBF0FBECDBF90913115911114C1CC
:105480008DAB9E01235E3F4F3AAB29AB8DE0D90136
:105490001D928A95E9F786E089A729E6A22E26E1E2
:1054A000B22EFE01BA964F0110E000E0C12CD12CC3
:1054B0007601FDA92F2E312C802F0E947D03D4016F
:1054C0008D934D01C101002E02C0959587950A94D8
:1054D000E2F780FF1BC020E030E040EC5FEBF5011D
:1054E000EC5AFF4F60817181828193810E94D65373
:1054F000762E472E582E692EA70196010E947451D0
:1055000087FD04C0C72CD42CE52CF62C0F5F1F4F51
:10551000B4E0AB0EB11C0730110571F68090F416A3
:105520009090F516A090F616B090F71694E0692EBC
:1055300001E061EC75E1CE0101960E943404809196
:10554000EF16E82FF0E0FCABEBABFE01319681ECFF
:10555000482E85E1582E5FAA4EAA712C10E030E04B
:1055600020E0B701A6017058C101022E02C0959536
:1055700087950A94E2F780FF28C07394AEA9BFA96B
:105580001D921D921D921C9213978BA99CA9022E0D
:1055900002C0959587950A94E2F780FF07C0002323
:1055A00039F0408351836283738306C00023C9F3BB
:1055B000C082D182E282F3828AE290E08C0F9D1F4A
:1055C000820F931FDC018C91182B2F5F3F4F349675
:1055D0008EA99FA904969FAB8EAB2730310521F68B
:1055E000672D70E090E080E00E9426520E94755482
:1055F00010933615A50194010E94D6536D8F7E8FAE
:105600008F8F98A3BE01635E7F4FCE0101960E94EB
:105610000A2494E0909334150E942E150E94CA0427
:105620000023E9F00E944E10FE01BA9630E020E01F
:1056300090E06191462F412359F0AC01022E02C047
:10564000559547950A94E2F740FF02C060951623EE
:105650002F5F3F4F2730310561F7109336150E94B9
:105660002E1580912B15847309F47AC010912B1597
:1056700014FF03C086E00E94A90315FF03C087E062
:105680000E94A903011182C00E944E10ADA98A2375
:1056900019F088E00E94A90380912A158823E9F077
:1056A0000E949D130E94631FE7960FB6F894DEBF19
:1056B0000FBECDBFDF91CF911F910F91FF90EF9063
:1056C000DF90CF90BF90AF909F908F907F906F9022
:1056D0005F904F903F902F90089584E00E94AF0319
:1056E0000E94C4138091F8169091F9160E94C3127B
:1056F000B1E00B27D1F120E030E040EA50E46091C6
:10570000FA167091FB168091FC169091FD160E947E
:10571000D6536B017C018090F0169090F116A0900A
:10572000F216B090F3166A94611003CF90E080E017
:105730009101082E02C0359527950A94E2F720FFC3
:1057400005C0F20110821182128213820196F4E0E8
:105750004F0E511C8730910559F710923415A4CF84
:10576000812F8E7F09F05CCFBBCFC090FA16D0900E
:10577000FB16E090FC16F090FD168090F4169090C9
:10578000F516A090F616B090F716CDCF12FF84CF85
:1057900089E080CFCF93C82F0E946A108C2FC1114F
:1057A00004C084E00E94222A83E00E94222A0E94F0
:1057B000631F80913115811107C00E9417110E944B
:1057C000A40ACF910C947410CF9108952F923F9218
:1057D0004F925F926F927F928F929F92AF92BF9201
:1057E000CF92DF92EF92FF920F931F93CF93DF93AD
:1057F000CDB7DEB7C056D1090FB6F894DEBF0FBEE5
:10580000CDBF7C01E9E7F3E089E5DF011D928A95D0
:10581000E9F78AE0E2E5F5E1AAE7B3E001900D924D
:105820008A95E1F7F70180818432A1F01EA61FAAB4
:10583000312C212C29961FAE1EAE29971DAE1FA616
:105840001BAACC24C394D12C01E051E6A52E53E031
:10585000B52E5CC181E080937A0310927B0383E0D4
:105860008EA7F1E0FFABE4CF6FEB862E890C29E128
:10587000281510F40C94603A8F5F8EA7AE01465D38
:105880005F4FBE01625D7F4FC7010E94950F882365
:1058900011F40C94633A4AA45BA46CA47DA4C301E4
:1058A000B2010E94B9540E94F751162F70E090E0A7
:1058B00080E00E9428529B01AC01C301B2010E940A
:1058C0007E5020E030E048EC52E40E94D6530E9423
:1058D00043540E94F751CB0137E4931609F427C0D3
:1058E0004DE4941609F46DC1E82D880CFF0B882750
:1058F000E358F34D8F4F0C942F55532E852E922E37
:105900009F2EA72CAC2EA72CA72CB62EC32ED02EA4
:10591000DD2EA72CE12EA72CEF2EA72CF92E032F7E
:105920000D2FA72CA72CA72C222F2F2F3C2F18325E
:1059300009F4E0C030F5143160F4113108F09BC077
:10594000143009F475C0B0F01A3009F469C084E16C
:1059500099C01C3109F464C040F41631C0F725E148
:10596000211B20937C0326E08AC01E3109F458C015
:10597000163269F7EBA9E1110C94663AF2E0FBAB41
:1059800028C01D3309F4B1C0E0F4153309F450C048
:1059900088F41B3211F01133D1F62BA921110C948C
:1059A000663A113309F098C010927F0328E033E083
:1059B0003BAB50C01C3358F616531093800329E0BC
:1059C0005EC01C3510F51A3508F076C0103509F0A8
:1059D000BECF10937A0321E0163209F050C0843113
:1059E000910551F08E31910539F08832910521F001
:1059F0008233910509F0ABCF6AE070E00E94F95460
:105A0000665760937A0321E025C01C3549F01F35A5
:105A100008F09DCF2EE5211B20937B0325E02FC0AE
:105A2000009731F4ABA9A1110C94663AB1E0BBAB7D
:105A300010937903212F2D7F2C3119F020E01C3594
:105A4000F1F4009719F00A9709F081CF610F609384
:105A5000790320E0C60102C0880F991F2A95E2F75A
:105A600029962EAD3FAD299728233923232B09F4FE
:105A700043C085E107C0115110937E0322E0892BBA
:105A800049F387E1C05ADF4F0FB6F894DEBF0FBE6F
:105A9000CDBFDF91CF911F910F91FF90EF90DF90DD
:105AA000CF90BF90AF909F908F907F906F905F90BE
:105AB0004F903F902F900895892B29F41A551093F9
:105AC0007D0323E0C7CF6A30710509F040CF1A3556
:105AD00009F43DCF24E0BECF0A9709F038CF0093F8
:105AE0007F0328E043E04BABB5CF892B09F02FCFE4
:105AF0002AE0B0CF27E0C3CF2996AEADBFAD29973E
:105B0000A82BB92B2996BFAFAEAF29978EA5F70169
:105B1000E80FF11D90809110A7CEBFA5BB2329F0FF
:105B2000EBA9E11102C0F2E0FBAB25FE0FC08091B2
:105B3000A5039091A603A091A703B091A803813873
:105B40009649A849B10514F00C94723A3FA9332341
:105B500009F49FC120FEAFC180917C038130B1F474
:105B600023E333E34BEC51E46091840370918503AC
:105B700080918603909187030E94D653609384039B
:105B800070938503809386039093870330FC10C045
:105B900080915C1590915D15A0915E15B0915F1597
:105BA0008093B1039093B203A093B303B093B40373
:105BB00080917903843009F099C126FC95C18CE16C
:105BC00061CF892B09F05DCF163050F4133080F08F
:105BD0001430C1F080E11530B1F41092830315C088
:105BE0001A3078F11E3109F0B2CE1093810304C04F
:105BF000112321F01130C9F78BE008C0B3E0B09356
:105C00008103FACF80E2809383038CE0F60102C027
:105C1000EE0FFF1F8A95E2F7CF0129962EAD3FAD1B
:105C200029972E233923232B09F023CF29962EAD34
:105C30003FAD29972E2B392B29963FAF2EAF2997B1
:105C400065CF183091F01930D1F0173061F480E849
:105C500080938203009348158091020180628093B3
:105C600002010E9470048DE0D1CF80E48093820312
:105C700082E080934815809102018064F0CF1092F9
:105C800082031092481580910201877F8093020160
:105C9000809102018F7D80930201809102018F7BB0
:105CA00080930201E0CF4092C2035092C3036092FE
:105CB000C4037092C5033FA538603FA78DE046013D
:105CC000082E02C0880C991C0A94E2F79401222144
:105CD0003321232B11F00C946C3AD50102C0B595F9
:105CE000A7958A95E2F7A0FF0DC020E030E0A9015A
:105CF0006AA57BA58CA59DA50E94745187FF02C053
:105D00000C946F3A2828392801CF4092C60350924C
:105D1000C7036092C8037092C9034FA540614FA7A3
:105D20008EE0CDCF4092CA035092CB036092CC0359
:105D30007092CD038FA580628FA78FE0C0CF409275
:105D4000CE035092CF036092D0037092D1039FA5EF
:105D500090649FA780E1B3CF409284035092850363
:105D6000609286037092870380E0A9CF40928803F7
:105D70005092890360928A0370928B03ADADA1604B
:105D8000ADAF81E09CCF40928C0350928D03609226
:105D90008E0370928F03BDADB260BDAF82E08FCF36
:105DA00040929003509291036092920370929303F9
:105DB000EDADE460EDAF83E082CF1093A40384E007
:105DC0007ECFC301B2010E94F0516093A50370938E
:105DD000A6038093A7039093A80385E070CF409219
:105DE000A9035092AA036092AB037092AC0386E0C1
:105DF00066CF4092AD035092AE036092AF037092B3
:105E0000B00387E05CCF4092B1035092B20360923E
:105E1000B3037092B40388E052CF20E030E040E05A
:105E200051E4C301B2010E949653181614F40C9465
:105E3000693A8091FE16811719F0812F0E94683D02
:105E400089E03DCF4092B6035092B7036092B80309
:105E50007092B903FFA5F160FFA78AE030CF4092AE
:105E6000BA035092BB036092BC037092BD032FA58E
:105E700022602FA78BE023CF4092BE035092BF0336
:105E80006092C0037092C1033FA534603FA78CE0CD
:105E900016CF80917B03813081F44BA9423009F009
:105EA00075CE80917A03803509F470CE882309F489
:105EB0006DCE20FC6BCE86E1E5CD8091531581112E
:105EC00065CE20FC49CE8091601590916115A0911E
:105ED0006215B09163158093840390938503A0931A
:105EE0008603B093870352CEE89426F880917E0310
:105EF000882379F0813009F4C7C066961FAE669793
:105F0000A2E02E96AFAF2E97B1E02C96BFAF2C97A4
:105F10000BC082E066968FAF669791E02E969FAF9A
:105F20002E972C961FAE2C9780917C03813051F5D3
:105F300036EBE32E33E0F32E10E000E02FA5C22E67
:105F4000D12CC601002E02C0959587950A94E2F7E0
:105F500080FF10C023E333E34BEC51E4D7016D9194
:105F60007D918D919C910E94D653F701608371833E
:105F7000828393830F5F1F4FF4E0EF0EF11C073015
:105F80001105F9F62BA9233049F480917F03813064
:105F900029F43FA585E2343009F074CD8CE1E5E8C1
:105FA000F5E1DE01119601900D928A95E1F72996AF
:105FB0008EAD9FAD299791FD73C0909179039BAFF2
:105FC0009A3009F481C09C3509F427C18BA983302C
:105FD00009F441C09FA59923F1F1A0917D03229678
:105FE000AFAF22978090BD159090BE15A090BF15C1
:105FF000B090C015B2E5CB2EB5E1DB2E16EBE12E4D
:1060000013E0F12E10E000E0E92FF0E02596FFAF5D
:10601000EEAF259725968EAD9FAD2597002E02C039
:10602000959587950A94E2F780FD62C1F60187890C
:10603000908DA18DB28DF70180839183A283B3836C
:106040000F5F1F4FB4E0CB0ED11CE4E0EE0EF11C4D
:1060500007301105F9F6FBADFE3109F499C1F533AE
:1060600009F4BDC168E873E086E0FC3109F02FC196
:106070000E94D920882331F12FA521118DC12296AC
:106080001FAE22971BAAB1C0E1E06696EFAF6697FC
:106090002E961FAE2E97F2E02C96FFAF2C9744CF92
:1060A00080918003873010F08DE1ECCC90915815F1
:1060B000891709F482CFBE016F5F7F4F0E94D920FC
:1060C00081117BCF87E0DECCAFA5A11102C08AE1B0
:1060D000D9CCC10180759927892B09F470CD6091C5
:1060E000A9037091AA038091AB039091AC030E9425
:1060F000B9540E94F7516730B8F68091A4038431F7
:1061000029F0823009F023CC27FC21CC662309F446
:1061100078C0615022966FAF229768E873E02296AC
:106120008FAD22970E94D920882361F2E091A403C9
:10613000EBAF4090BD155090BE156090BF157090AC
:10614000C01529E7E22E23E0F22E10E000E0FFA5C3
:10615000CF2ED12CC601002E02C0959587950A94AA
:10616000E2F780FF37C0F701FD9680809180A28022
:10617000B3802BAD243109F04AC0F801EE0FFF1FA8
:10618000EE0FFF1FEE5AFA4EDF01A15BBF4F2D91BC
:106190003D914D915C916789708D818D928D0E94AA
:1061A0007E50A50194010E947E50D7011F966D93E9
:1061B0007D938D939C935297023061F4A3019201D9
:1061C0000E947E506093900370939103809392039A
:1061D000909393030F5F1F4FF4E0EF0EF11C073015
:1061E000110509F0B7CF2FEA222280917A038BAFF5
:1061F000803509F0FBC09FA5992309F401C18FE107
:1062000041CCB09180032296BFAF229786CFF70191
:106210008786908AA18AB28ADDCF3FA5332309F40D
:1062200056CF4090BD155090BE156090BF15709030
:10623000C01502E5A02E05E1B02E8E010F5F1F4FA5
:1062400086EBC82E83E0D82EF12CE12C832E912CE6
:10625000C4010E2C02C0959587950A94E2F780FF41
:106260003AC0D8012D913D914D915C91F50167891E
:10627000708D818D928D0E947E50D6012D913D9121
:106280004D915C910E947E50F60160837183828300
:106290009383F2E0EF120CC0A30192010E947E50A2
:1062A0006093BE037093BF038093C0039093C103B8
:1062B000FFEFEF1AFF0A24E0A20EB11C0C5F1F4F84
:1062C00034E0C30ED11C47E0E416F10409F622962F
:1062D0001FAE22978ACFF501E15BFF4F808191814C
:1062E000A281B381F60180839183A283B383E0CF3F
:1062F000FBADF53309F4A4CED7014D905D906D90C0
:106300007C902296BFAD2297B11132C0F801EE0FFA
:10631000FF1FEE0FFF1F21E030E02C0F3D1FE20FAB
:10632000F31FD601A15BBF4F2D913D914D915C9123
:1063300060817181828193810E947F50A3019201CB
:106340000E947F50D7016D937D938D939C931397FB
:10635000023009F075CEA50194010E947F50609330
:10636000BE037093BF038093C0039093C10368CEB4
:10637000A3019201F6016789708D818D928D0E9433
:106380007F50D7016D937D938D939C93139758CE37
:1063900068E873E087E06CCEA2E5B5E1E9E7F3E0F9
:1063A00090E080E04FA5242F30E0A901082E02C024
:1063B000559547950A94E2F740FD0AC057964D91CE
:1063C0005D916D917C915A974787508B618B728B51
:1063D0000196149634968730910539F778CF8091DD
:1063E0007A03823008F473CF8EE14CCBABA9A23094
:1063F00039F4BBADB11182C0EFA5EE2309F49CC006
:106400002FA92170EFA9C101E0FF01C38E7DFBA977
:10641000F1119370892B11F00C947B3A8E01035E7D
:106420001F4F8DE0D8011D928A95E9F7222309F4C8
:10643000F1C229968EAD9FAD2997867B892B11F0ED
:106440000C947E3A80917903853319F081110C9474
:106450007E3A80915C1590915D15A0915E15B0918A
:106460005F1589A39AA3ABA3BCA380915B15909100
:106470005A15892B409184035091850360918603BE
:10648000709187034D8F5E8F6F8F78A3846089A78B
:106490008091A5039091A603A091A703B091A803B2
:1064A0008DA39EA3AFA3B8A78091EE1685FF07C06A
:1064B00086EB93E00E94C20381110C94813AB801EB
:1064C00086EB93E00E94D3298091301581110BC097
:1064D0000E942A0B892B39F080E2809330150E94AC
:1064E0002E150E94CA048CE1E6EBF3E0A9E6B5E1C3
:1064F00001900D928A95E1F780E0C4CA20E030E077
:10650000A901609184037091850380918603909125
:1065100087030E947451882309F4CDCCFBADFC386D
:10652000B9F060F4F23059F1F33061F1F13009F073
:1065300067CF3FA5311164CF1BAA62CF2BAD2E3898
:1065400039F018F02F3809F05BCF9FA990619FAB0D
:106550008BAD8E58823018F4AFA9A860AFABBFA541
:10656000BB2309F4B4CD4CE150E066EB73E089E65F
:1065700095E10E945155892B09F042CF79C04FA96E
:1065800044604FAB8FA5882309F4A1CD2C96BFADF5
:106590002C97AB2FB0E02596BFAFAEAF25972E96C8
:1065A000FFAD2E97EF2FF0E06396FFAFEEAF63974E
:1065B00081E090E07C012C960FAC2C9702C0EE0C91
:1065C000FF1C0A94E2F72E960FAC2E9702C0880F9C
:1065D000991F0A94E2F7E82AF92A2FA5822F90E062
:1065E0008E219F21892B09F480C7CD01880F991F27
:1065F000880F991FFC01EA54FC4F8E5A9A4EDC0119
:1066000057962D913D914D915C915A976081718182
:10661000828193810E947E502B013C0163968EAD56
:106620009FAD6397880F991F880F991FFC01EA544B
:10663000FC4F8E5A9A4EDC0157962D913D914D910B
:106640005C915A9760817181828193810E947E5012
:106650004B015C0127FE04C1E89427F84CE150E0AF
:1066600066EB73E089E695E10E945155892B11F4A0
:1066700081E208CA6091AD037091AE038091AF03CF
:106680009091B00320917C03213071F423E333E334
:106690004BEC51E40E94D6536093AD037093AE036C
:1066A0008093AF039093B0038091AD039091AE03BC
:1066B000A091AF03B091B00321968CAF9DAFAEAF68
:1066C000BFAF2197A3019201C301B2010E94D6532B
:1066D0006D966CAF7DAF8EAF9FAF6D97A5019401A6
:1066E000C501B4010E94D653A1966CAF7DAF8EAFA9
:1066F0009FAFA19720E030E040E850E421966CADD8
:106700007DAD8EAD9FAD21970E94D65321962CADC5
:106710003DAD4EAD5FAD21970E94D6536D962CAD29
:106720003DAD4EAD5FAD6D970E947E50A1962CADF4
:106730003DAD4EAD5FADA1970E947E506B017C01D7
:1067400020E030E0A9010E94745187FDD1C6C70145
:10675000B6010E9475546B017C01A1962CAD3DAD34
:106760004EAD5FADA1976D966CAD7DAD8EAD9FAD1D
:106770006D970E947F500E9475549B01AC01C70128
:10678000B60190580E947E516B017C019BAD933005
:1067900021F4F7FAF094F7F8F09420E030E0A90142
:1067A00021966CAD7DAD8EAD9FAD21970E94745149
:1067B00087FF13C0F7FAF094F7F8F09421968CADA8
:1067C0009DADAEADBFAD2197B0588093AD03909312
:1067D000AE03A093AF03B093B00325960EAD1FADEB
:1067E0002597000F111F000F111F03581C4FA50103
:1067F0009401C701B6010E94D6539B01AC01C301AD
:10680000B2010E947E5020E030E040E05FE30E9451
:10681000D653D8011B966D937D938D939C931E97B1
:1068200063960EAD1FAD6397000F111F000F111F70
:1068300003581C4FA3019201C701B6010E94D65311
:10684000A50194010E947F5020E030E040E05FE32A
:106850000E94D653F8016387748785879687D0CDC9
:10686000FDADCF2ED12CEF22FD2083E2EF2809F4DD
:1068700009C921EF222280917C03813059F5F12C46
:10688000E12CC6010E2C02C0959587950A94E2F77B
:1068900080FF19C08701000F111F000F111F07583B
:1068A0001C4F23E333E34BEC51E4D8011F966D9169
:1068B0007D918D919C9152970E94D653F8016787E4
:1068C000708B818B928BFFEFEF1AFF0A27E0E216A5
:1068D000F104B9F62596EEADFFAD2597EE0FFF1F3B
:1068E000EE0FFF1FE358FC4FC384D484E584F68485
:1068F000A7019601C301B2010E947E502B013C0109
:106900006396EEADFFAD6397EE0FFF1FEE0FFF1F17
:10691000E358FC4F83859485A585B68521968CAF79
:106920009DAFAEAFBFAF21979C01AD01C501B401D2
:106930000E947E504B015C01A3019201C301B20190
:106940000E94D6532B013C01A5019401C501B4015D
:106950000E94D6539B01AC01C301B2010E947F503B
:106960000E9475544B015C01A7019601C701B60155
:106970000E94D6536B017C0121962CAD3DAD4EADEE
:106980005FAD2197CA01B9010E94D6539B01AC01AA
:10699000C701B6010E947F500E9475546B017C01B3
:1069A000C092AD03D092AE03E092AF03F092B00379
:1069B000AC019B01C501B4010E947E504B015C01FA
:1069C000E894B7F82AE037ED43EA5BE3C501B40188
:1069D0000E94965318160CF013CD20E030E040E0F2
:1069E0005FE3C501B4010E94965318160CF440CE23
:1069F0002FE632E143E85AE3C701B6010E94D653BD
:106A0000A50194010E94745187FFFACC31CE8E7D8E
:106A10009C7FFDCC8091EE16F0905B1581FF12C03B
:106A20008BAD8150833018F0BFA9B064BFABEFA528
:106A3000EE2309F427C1FBA9F23009F023C12FA9E5
:106A400020682FAB8091A5039091A603A091A70386
:106A5000B091A8038093651590936615A093671570
:106A6000B09368158DA39EA3AFA3B8A780917B03B5
:106A700080935315882311F088E089A780918403BF
:106A800090918503A0918603B09187038093601550
:106A900090936115A0936215B09363158D8F9E8FAF
:106AA000AF8FB8A38090B1039090B203A090B303CE
:106AB000B090B403A501940160915C1570915D15CF
:106AC00080915E1590915F150E9474519FA99074FA
:106AD000E92E811103C0AFA9A5FF1FC0FF2069F0F7
:106AE000BFA9B7FD0AC040E050E0BA01E11002C002
:106AF000B501A4018F2D0E94A7208091B103909130
:106B0000B203A091B303B091B40380935C1590934A
:106B10005D15A0935E15B0935F15E1100CC08091D8
:106B20005C1590915D15A0915E15B0915F1589A3DC
:106B30009AA3ABA3BCA38091FE16809364158091A9
:106B4000830390915B15981751F049A15AA16BA14D
:106B50007CA10E94A7208091830380935B1589A567
:106B600090915B15892B89A780917903843009F472
:106B7000A0C080917E038093561580917C03809302
:106B80005415EBA9E330C1F580917F03809357152D
:106B9000811108C01092BE031092BF031092C0036F
:106BA0001092C103C090BE03D090BF03E090C00319
:106BB000F090C103A70196016091BD157091BE15BB
:106BC0008091BF159091C0150E9474518823A1F047
:106BD000C092BD15D092BE15E092BF15F092C015BF
:106BE000C092FF16D0920017E0920117F0920217A0
:106BF0000E9478110E94A2208091800390915815E4
:106C0000981769F0809358158CE1FE013196A5E83C
:106C1000B5E101900D928A95E1F70E94A220809142
:106C20007D038093551580917903863209F4B5C0B0
:106C300008F072C08C3109F496C08E3109F493C00B
:106C40008A3009F476C080917A038093521580359A
:106C500009F4A4C3BBA9B23009F0A0C3813009F084
:106C6000B0C0BE01635E7F4F86EB93E00E94D329E4
:106C70008CE1E6EBF3E0A9E6B5E101900D928A958F
:106C8000E1F78CC330E1F312DDCE9FA990748091BF
:106C900052158150833038F4992309F4D3CE4FA98B
:106CA00040624FABCFCE9111CDCE8FA980628FAB1A
:106CB000C9CE80913015823009F45BCFC090A90312
:106CC000D090AA03E090AB03F090AC030E946D203B
:106CD00020E030E040EA51E4C701B6010E94D653FB
:106CE0000E945D510E94F7517B01E114F10409F407
:106CF00040CFF1E0EF1AF10880913115811139CFC1
:106D00000E94631F2FEF30E742E0215030404040A7
:106D1000E1F700C00000E9CF8C3509F444C08636A5
:106D200009F447C0883209F08ECF69E675E187E043
:106D300037C068E873E022968FAD22970E94C52085
:106D40008091581522969FAD229789137CCF8CE1B4
:106D5000E8E8F3E0A5E8B5E101900D928A95E1F746
:106D60000E94A22070CF89A5816089A7ABA9AA2320
:106D700029F0B80186EB93E00E94D329B80188E896
:106D800093E00E94D3298CE1E8E8F3E0A9E6B5E1BD
:106D900001900D928A95E1F756CF69E675E186E09C
:106DA0000E94C52050CF8CE1E6EBF3E0A1EAB5E10B
:106DB000D3CFE1EAF5E18CE1DF011D928A95E9F795
:106DC000CFCF811105C089A5816089A7B8014CCFBB
:106DD0008250823008F0BBC28091AD039091AE0327
:106DE000A091AF03B091B0038BAB9CABADABBEAB8E
:106DF0002C96AFAD2C9794E0A99F70011124F70158
:106E0000E759FA4EFCAFEBAF970128573C4F23965A
:106E10003FAF2EAF2397D9014D905D906D907C9040
:106E20002081318142815381C301B2010E947F5090
:106E30002B966CAF7DAF8EAF9FAF2B972E96EFAD9D
:106E40002E97B4E0EB9F80011124980127593A4E08
:106E50003EAF2DAFC80188579C4F2D969FAF8EAF88
:106E60002D97DC018D909D90AD90BC90F901208113
:106E7000318142815381C501B4010E947F506196E6
:106E80006CAF7DAF8EAF9FAF619777FA709477F854
:106E90007094D501C401B0588FA798ABA9ABBAAB19
:106EA000F701EA54FC4F2B962CAD3DAD4EAD5FADD6
:106EB0002B9760817181828193810E947E506B014A
:106EC0007C01F801EA54FC4F61962CAD3DAD4EAD0E
:106ED0005FAD619760817181828193810E947E5054
:106EE0004B015C01A7019601C301B2010E94D65378
:106EF00027966CAF7DAF8EAF9FAF2797A50194010A
:106F00006FA578A989A99AA90E94D6539B01AC01C3
:106F100027966CAD7DAD8EAD9FAD27970E947F50BB
:106F200027966CAF7DAF8EAF9FAF2797A5019401D9
:106F3000C301B2010E94D6534B015C01A701960127
:106F40006FA578A989A99AA90E94D6539B01AC0183
:106F5000C501B4010E947E5027962CAD3DAD4EADCB
:106F60005FAD27970E94FE506B017C019FA992FFA5
:106F700070C127E137EB41E558EBC701B6010E942C
:106F8000965387FD0AC02BED3FE049EC50E4C70162
:106F9000B6010E947E506B017C018090E2169090B9
:106FA000E316A090E416B090E5162BA93CA94DA9D4
:106FB0005EA9CA01B9010E947F50A50194010E94F7
:106FC0007E50A50194010E94D6530E9475544B0136
:106FD0005C0120E030E040E05FE3C701B6010E94C1
:106FE000D6532BA93CA94DA95EA90E94D6539F77E1
:106FF000A50194010E947E510E9463520E94F751A4
:1070000025967FAF6EAF2597DB01AB2B09F429CE18
:1070100019A590E080E00E9426524B015C0113FF0D
:107020000EC0AC019B016D8D7E8D8F8D98A10E944D
:10703000D6536D8F7E8F8F8F98A3177F19A7A501C9
:107040009401C701B6010E947E516FAB78AF89AF42
:107050009AAF6696EFAD6697B4E0EB9FC00111243E
:107060008C0107591A4E8A549C4FD8012D913D919D
:107070004D915C91FC0160817181828193810E94BC
:107080007E50A50194010E947E516D966CAF7DAF3C
:107090008EAF9FAF6D972FA938AD49AD5AADCA01DC
:1070A000B9010E94D6539B01AC0160E070E080E022
:1070B00090E40E947E506B017C012BEA3AEA4AE29E
:1070C0005EE36FA978AD89AD9AAD0E94D6534B01AE
:1070D0005C0120E030E040E850E4C701B6010E94C6
:1070E0007F509B01AC01C501B4010E94D653659647
:1070F0006CAF7DAF8EAF9FAF659720E030E040E092
:107100005FE3C701B6010E94D65369966CAF7DAFAD
:107110008EAF9FAF69971BAA22242394312C25960A
:10712000EEADFFAD2597E215F30509F49ACDFBA965
:10713000FC3008F0A2C0A301920165966CAD7DAD54
:107140008EAD9FAD65970E94D6536B017C012FA534
:1071500038A949A95AA969966CAD7DAD8EAD9FAD90
:1071600069970E94D6539B01AC01C701B6010E94EA
:107170007F507B016C01A301920169966CAD7DADDE
:107180008EAD9FAD69970E94D6534B015C012FA530
:1071900038A949A95AA965966CAD7DAD8EAD9FAD54
:1071A00065970E94D6539B01AC01C501B4010E94B2
:1071B0007E502B013C012BA92F5F2BAB47015601C1
:1071C0008FA698AAA9AABAAAA30192012B966CAD80
:1071D0007DAD8EAD9FAD2B970E947F50EBADFCAD8A
:1071E00060837183828393832FA538A949A95AA903
:1071F00061966CAD7DAD8EAD9FAD61970E947F5065
:10720000ADADBEAD6D937D938D939C9313976D96AD
:107210002CAD3DAD4EAD5FAD6D97F80160817181D4
:10722000828193810E947F50D8016D937D938D93CD
:107230009C931397BE01635E7F4F89E695E10E94A0
:10724000D32980913115811113CDBFEF2B1A3B0A41
:1072500066CF27E137EB41E558E3C701B6010E944D
:10726000745118160CF499CE2BED3FE049EC50E424
:10727000C701B6010E947F508ECEB10190E080E040
:107280000E9426522FA938AD49AD5AAD0E94D6535F
:107290006B017C010E9479516FA778AB89AB9AABE7
:1072A000C701B6010E9467544B015C012396AEAD45
:1072B000BFAD2397CD90DD90ED90FC90F7FAF09460
:1072C000F7F8F0942D96AEADBFAD2D978D919D91B1
:1072D0000D90BC91A02D8BAB9CABADABBEABA70111
:1072E00096016FA578A989A99AA90E94D6532B0166
:1072F0003C012BA93CA94DA95EA9C501B4010E947E
:10730000D6539B01AC01C301B2010E947F502B01F7
:107310003C01A7019601C501B4010E94D6536B013F
:107320007C012BA93CA94DA95EA96FA578A989A9C3
:107330009AA90E94D6539B01AC01C701B6010E94D5
:107340007E506FA778AB89AB9AAB1BAA3DCF89A5BE
:10735000846089A780913015823009F489CC0E941D
:107360006D2080913115811119C0FFA9F071FF2E98
:10737000109235152FA923FB882780F90E94EC0570
:107380000E94DA05882329F184E00E94A9030E9463
:107390009D130E94631F80E00E94EC058091810391
:1073A00080935915882311F40C94422D0E946D206E
:1073B0008091591590913015833009F04DC092306D
:1073C00029F088E00E94B9030E94631F10925915AA
:1073D00093C8B80186EB93E00E94D32981E08093A3
:1073E000490982E00E94B9030E94631F8091311510
:1073F0008111D4CF809130158111F6CF8091490948
:10740000813031F5FF2001F18CE1E1ECF5E1ADE2F5
:10741000B9E001900D928A95E1F71092490980E058
:107420000E94EC050E94631F0E94C4130E940E1468
:107430000E94A40A0E94610A80913515882309F4EC
:1074400017CC0E941711AACF85E00E94A903E5CFAF
:1074500081E080933515E1CF81E080935215109241
:1074600056151092551510925315109258151092EA
:107470005B1510925A1584E6809337158093381562
:1074800080933915923089F065E875E180E00E94BB
:10749000D920882311F40C9462300E94A22040E08D
:1074A00050E0BA0180E00E94FA1E88EE93E00E944C
:1074B0008C0781E993E00E948C070E94520A86CFD4
:1074C00081E00C94422D82E00C94422D88E10C94D2
:1074D000422D86E20C94422D89E10C94422D84E0E9
:1074E0000C94422D8BE10C94422D80E20C94422DA1
:1074F00082E20C94422D84E20C94422D80E10C94A3
:10750000422D8FE00C94422DCF93DF93C0E08C2F5F
:107510000E947E20811116C01092AB178EE30E944C
:10752000C1058BEA97E10E94980A8AE30E94C1058F
:1075300087E00E944C08C13019F4DF91CF91089583
:10754000C1E0E5CF8091AB178823A9F38BEA97E1DF
:107550000E94E62BD82F8EE30E94C1058BEA97E1AB
:107560000E94980A8AE30E94C1058D2F0E94580844
:10757000E2CFAF92BF92CF92DF92EF92FF920F9342
:107580001F93CF93DF93CDB7DEB76C970FB6F89408
:10759000DEBF0FBECDBF87E295E00E948C0784E27C
:1075A00095E00E948C0782E392E00E94E62B6091B6
:1075B0002717709128178091291790912A1745E570
:1075C00056E10E94C30260913F177091401780916D
:1075D00041179091421741E456E10E94C30281E4B1
:1075E00096E19F938F9385E596E19F938F938EE32A
:1075F00092E09F938F9301EF15E11F930F930E94E9
:107600005E55C8010E94E62B60915717709158177C
:107610008091591790915A174DED55E10E94C30280
:107620008DED95E19F938F938DE492E09F938F93DF
:107630001F930F930E945E55C8010E94E62B89E5B7
:1076400092E00E94E62B8EE692E00E94E62B83E712
:1076500092E00E94E62B61EC75E1CE0101960E945A
:107660003404C984DA84EB84FC8403E017E1F80174
:107670002081318142815381C701B6010E947E5031
:107680002FEFA22E26E1B22EF50120813181428119
:1076900053810E947F506093BD157093BE158093F7
:1076A000BF159093C015F501608371838283938326
:1076B000F801C082D182E282F38282E392E00E94EA
:1076C000E62B0FB6F894DEBF0FBECDBF6C960FB69B
:1076D000F894DEBF0FBECDBFDF91CF911F910F9108
:1076E000FF90EF90DF90CF90BF90AF9008952F92D2
:1076F0003F924F925F926F927F928F929F92AF9242
:10770000BF92CF92DF92EF92FF920F931F93CF938E
:10771000DF93CDB7DEB7C357D1090FB6F894DEBFFC
:107720000FBECDBFCDB6DEB62091FE162150330B75
:1077300090E080E0F901EC5FFD4F44E02817390745
:1077400009F44083019685309105C1F70091080244
:1077500010E02091070230E04091060250E0609175
:10776000050270E08091040290E00E94EC118CE030
:1077700095E00E948C076091FE1670E090E080E03A
:107780000E944F0789E095E00E948C0782E392E017
:107790000E94E62B8FE792E00E94E62B0E946D206C
:1077A000E091FE16EE2309F474C1E150FF0BEE0FD9
:1077B000FF1FEE0FFF1FED5EF84E60817181828129
:1077C000938145E556E10E94C302E091FE16E15027
:1077D000FF0BEE0FFF1FEE0FFF1FE55DF84E608100
:1077E00071818281938141E456E10E94C30281E468
:1077F00096E19F938F9385E596E19F938F938EE318
:1078000092E09F938F9301EF15E11F930F930E94D6
:107810005E55C8010E94E62BE091FE16E150FF0B79
:10782000EE0FFF1FEE0FFF1FED5BF84E60817181C1
:10783000828193814DED55E10E94C3028DED95E16A
:107840009F938F9387E892E09F938F931F930F935B
:107850000E945E55C8010E94E62B82E392E00E94DE
:10786000E62B0E946D2089E992E00E94E62B2DB75D
:107870003EB7225F3F4F0FB6F8943EBF0FBE2DBFFD
:1078800080914515882309F4F8C060912C157091FA
:107890002D1580912E1590912F1500914115109165
:1078A00042152091431530914415601B710B820BDA
:1078B000930B2CE330E040E050E00E940D5519019D
:1078C00082E392E00E94E62B0E946D2080E00E94FD
:1078D0002C288E010F5A1F4FE091FE16E150FF0B2E
:1078E000EE0FFF1FEE0FFF1FE55DF84E20E030E0CA
:1078F00040EF51E460817181828193810E947E50CA
:10790000A8010E94C3021F930F938CE992E09F93FA
:107910008F93005511091F930F930E945E55C80164
:107920000E94E62B0E946D200091FE168CE0E6E29C
:10793000F2E0DE01AB59BF4F01900D928A95E1F75D
:107940000E94F71310E0380194E0660C771C9A95BA
:10795000E1F70F900F900F900F900F900F9033E082
:10796000E2963FAFE29725E6422E512C4C0E5D1E6B
:107970008CE0480E511CF301E75AF84EE496FFAF35
:10798000EEAFE4978301065A184E9E012B593F4FE4
:107990007901F70181917F010E948C054E145F04EB
:1079A000C1F7F12CE12CF701E60DF71DE55BF84E70
:1079B00080810E948C05FFEFEF1AFF0A2EE0E2168D
:1079C000F10489F7E496EEADFFADE497E080F801AD
:1079D0008081FE2CE82EE20CF31C8F2D0E948C057A
:1079E000FE2DFF70EF2E8F2F0E948C0585E50E94E3
:1079F0008C05E496EEADFFADE497F082F801E082ED
:107A000084E690E00E94C3120E9462058A3A19F54A
:107A10000E946205ADB6BEB6882E912C2DB73EB73A
:107A2000281939090FB6F8943EBF0FBE2DBFEDB728
:107A3000FEB731967F01682FCF010E944C05E80CFC
:107A4000F91CF70131978081853579F00FB6F894EC
:107A5000BEBE0FBEADBEE296FFADE297F150E2961C
:107A6000FFAFE297F11191CF05C00FB6F894BEBEFB
:107A70000FBEADBE81E00E942C2803E010E023E0A1
:107A800030E043E050E063E070E083E090E00E948B
:107A9000EC110FB6F894DEBE0FBECDBECD58DF4F51
:107AA0000FB6F894DEBF0FBECDBFDF91CF911F910F
:107AB0000F91FF90EF90DF90CF90BF90AF909F908D
:107AC0008F907F906F905F904F903F902F90089590
:107AD000FF920F931F93CF93DF93F82E82E392E0F0
:107AE0000E94E62B0E946D208A9A88EA92E00E940A
:107AF000E62B87EB92E00E94E62B0E946D208A988D
:107B000081E00E945C27F11023C00E94773B0E9415
:107B10006D2080E00E945C2780913015813009F44F
:107B2000CBC0F092FE160E9478118BE195E00E9486
:107B30008C076F2D70E090E080E00E944F0788E195
:107B400095E0DF91CF911F910F91FF900C948C07DE
:107B50000E94773B90E080E02F2D2150330BE9010C
:107B600024E08C179D0721F4FC01EC5FFD4F20837E
:107B7000019685309105A9F70091080210E0209147
:107B8000070230E04091060250E06091050270E08B
:107B90008091040290E00E94EC1182E392E00E9446
:107BA000E62B0E946D2088EC92E00E94E62BCC0F21
:107BB000DD1FCC0FDD1FC759D94EFE01E655FF4F23
:107BC000608171818281938145E556E10E94C30203
:107BD000FE01EE53FF4F608171818281938141E408
:107BE00056E10E94C30281E496E19F938F9385E55D
:107BF00096E19F938F938EE392E09F938F9301EF93
:107C000015E11F930F930E945E55C8010E94E62B59
:107C1000C652DF4F688179818A819B814DED55E1A4
:107C20000E94C3028DED95E19F938F9387E892E0C8
:107C30009F938F931F930F930E945E55C8010E94DC
:107C4000E62B0E946D2084EF91E00E94C31282E334
:107C500092E00E94E62B0E946D2089E992E00E944A
:107C6000E62B8DB79EB70E960FB6F8949EBF0FBE4B
:107C70008DBF80914515882381F080912C159091BE
:107C80002D15A0912E15B0912F158093411590932D
:107C90004215A0934315B093441503E010E023E090
:107CA00030E043E050E063E070E083E090E00E9469
:107CB000EC110E94B93A2BCFDF91CF911F910F9118
:107CC000FF9008951F920F920FB60F9211248F9379
:107CD0009F938091060180958A7890912715981737
:107CE00049F080932715809103028093261581E047
:107CF000809325159F918F910F900FBE0F901F902D
:107D000018951F920F920FB60F9211248F939F9385
:107D100092B180914A098E7F9170892B82B915BCEE
:107D20009F918F910F900FBE0F901F9018951F92EB
:107D30000F920FB60F9211240BB60F920F931F9351
:107D40002F933F934F935F936F937F938F939F9363
:107D5000AF93BF93EF93FF9380914C09811170C350
:107D600098B180916C098E7F9170892B88B982B10E
:107D7000817090916B09892B82B980916A0986BDC7
:107D800082E085BD81E080934C09789480918E09D2
:107D900090918F09892B09F0F8C080916B13909115
:107DA000BD13981709F43CC380916B1398E0899F29
:107DB000D0011124FD01E359FC4EF0938F09E093AB
:107DC0008E0922813381309389002093880020819D
:107DD000318130938A0920938909E48120918B09AC
:107DE0002E17A1F1E0938B0982E2E89FF0011124A4
:107DF000E054FC4EF0938D09E0938C09448D558D31
:107E0000668D778D7695679557954795409355097B
:107E1000509356096093570970935809409351093C
:107E200050935209609353097093540940934D093C
:107E300050934E0960934F0970935009409359092C
:107E400050935A0960935B0970935C09E0918C0927
:107E5000F0918D0920A130914B09232720936C09C3
:107E6000A359BC4E15969C91159740815181628112
:107E70007381092E04C076956795579547950A94A6
:107E8000D2F740936D0950936E0960936F09709318
:107E900070094481558166817781092E04C07695E9
:107EA0006795579547950A94D2F740937109509377
:107EB00072096093730970937409408551856285D6
:107EC0007385092E04C076956795579547950A9452
:107ED000D2F74093750950937609609377097093B0
:107EE00078094485558566857785092E04C0769581
:107EF0006795579547950A94D2F74093790950931F
:107F00007A0960937B0970937C0940895189628961
:107F10007389092E04C076956795579547950A94FD
:107F2000D2F740937D0950937E0960937F09709347
:107F300080094489558966897789092E04C0769518
:107F40006795579547950A94D2F7409381095093C6
:107F500082096093830970938409408D518D628DED
:107F6000738D04C076956795579547959A95D2F786
:107F70004093850950938609609387097093880917
:107F800016968D919C910E94DC0480914909813064
:107F9000A1F40E94DA05882381F0109249098CE14E
:107FA000E1ECF5E1ADE2B9E001900D928A95E1F7DF
:107FB00080912B15806480932B1510926B09409152
:107FC0004D0950914E0960914F097091500980916F
:107FD0006D0990916E09A0916F09B0917009480FD9
:107FE000591F6A1F7B1F40934D0950934E096093A0
:107FF0004F0970935009E0918C09F0918D09848D9F
:10800000958DA68DB78D84179507A607B70730F510
:1080100024E020936B09481B590B6A0B7B0B4093A0
:108020004D0950934E0960934F0970935009409148
:10803000C1155091C2156091C3157091C41520A14E
:1080400027FF13C241505109610971094093C115BD
:108050005093C2156093C3157093C4154091510994
:10806000509152096091530970915409009171091E
:10807000109172092091730930917409400F511FBA
:10808000621F731F40935109509352096093530923
:108090007093540984179507A607B70740F52091F8
:1080A0006B09286020936B09481B590B6A0B7B0BEB
:1080B00040935109509352096093530970935409A6
:1080C0004091C5155091C6156091C7157091C8159E
:1080D00020A126FFCFC14150510961097109409388
:1080E000C5155093C6156093C7157093C815409178
:1080F000550950915609609157097091580900919E
:108100007509109176092091770930917809400F0F
:10811000511F621F731F4093550950935609609376
:1081200057097093580984179507A607B70740F5B4
:1081300020916B09206120936B09481B590B6A0B36
:108140007B0B4093550950935609609357097093E0
:1081500058094091C9155091CA156091CB1570917D
:10816000CC1520A125FF8BC141505109610971092E
:108170004093C9155093CA156093CB157093CC15D5
:108180004091590950915A0960915B0970915C09BD
:108190000091790910917A0920917B0930917C092D
:1081A000400F511F621F731F4093590950935A0982
:1081B00060935B0970935C0984179507A607B7075E
:1081C00040F520916B09206220936B09481B590BE5
:1081D0006A0B7B0B4093590950935A0960935B09D2
:1081E00070935C094091CD155091CE156091CF15DB
:1081F0007091D01520A124FF47C141505109610958
:1082000071094093CD155093CE156093CF1570939F
:10821000D01540915D0950915E0960915F097091A0
:10822000600900917D0910917E0920917F093091AC
:108230008009400F511F621F731F40935D095093C7
:108240005E0960935F097093600984179507A6071C
:10825000B70740F520916B09206420936B09481BF8
:10826000590B6A0B7B0B40935D0950935E09609339
:108270005F09709360094091D1155091D2156091BA
:10828000D3157091D41520A123FF03C1415051098A
:10829000610971094093D1155093D2156093D3159C
:1082A0007093D415409161095091620960916309FE
:1082B00070916409009181091091820920918309CC
:1082C00030918409400F511F621F731F4093610951
:1082D000509362096093630970936409841795074A
:1082E000A607B70740F520916B09206820936B091A
:1082F000481B590B6A0B7B0B409361095093620931
:1083000060936309709364094091D5155091D61517
:108310006091D7157091D81520A122FFBFC04150A0
:108320005109610971094093D5155093D615609391
:10833000D7157093D81540916509509166096091E1
:10834000670970916809009185091091860920914B
:10835000870930918809400F511F621F731F409396
:1083600065095093660960936709709368098417DB
:108370009507A607B70738F520916B09226020936F
:108380006B09481B590B6A0B7B0B40936509509393
:10839000660960936709709368098091D915909177
:1083A000DA15A091DB15B091DC1520A121FF7BC06F
:1083B0000197A109B1098093D9159093DA15A0937B
:1083C000DB15B093DC1580913015843039F4809141
:1083D000361590916B09892380936B0980918909E7
:1083E00090918A09019790938A0980938909892B32
:1083F00069F410928F0910928E0980916B138F5F30
:1084000080936B138A3011F410926B1380916B0977
:1084100090914A09892780936B0910924C0910C0EA
:108420000E94CD12E0918C09F0918D0981A18823E1
:1084300021F090E080E00E94DC0484E00E94B90317
:10844000FF91EF91BF91AF919F918F917F916F912C
:108450005F914F913F912F911F910F910F900BBE04
:108460000F900FBE0F901F9018954F5F5F4F6F4F8B
:108470007F4FECCD4F5F5F4F6F4F7F4F30CE4F5FE1
:108480005F4F6F4F7F4F74CE4F5F5F4F6F4F7F4F88
:10849000B8CE4F5F5F4F6F4F7F4FFCCE4F5F5F4F48
:1084A0006F4F7F4F40CF0196A11DB11D84CF1F920A
:1084B0000F920FB60F9211248F93809128098F5F2E
:1084C000809328098F910F900FBE0F901F901895E1
:1084D0001F920F920FB60F9211240BB60F928F932B
:1084E0009F93EF93FF9380912508E82FF0E0EB5DD9
:1084F000F84F90819093D6008F5F809325089091DC
:108500002407981305C08091D1008F7D8093D100FE
:10851000FF91EF919F918F910F900BBE0F900FBE27
:108520000F901F9018951F920F920FB60F92112463
:108530008F939F938091D600809123078F5F9091B6
:1085400022079813809323079F918F910F900FBE5E
:108550000F901F9018951F920F920FB60F92112433
:108560000BB60F928F939F93EF93FF938091210708
:10857000E82FF0E0EF5DF94F90819093CE008F5F90
:108580008093210790912006981305C08091C9001F
:108590008F7D8093C900FF91EF919F918F910F90F4
:1085A0000BBE0F900FBE0F901F9018951F920F9249
:1085B0000FB60F9211240BB60F922F938F939F93A8
:1085C000EF93FF939091CE00E091270981E08E0F09
:1085D00020912609281731F0F0E0EA5DF74F9083EB
:1085E00080932709FF91EF919F918F912F910F9089
:1085F0000BBE0F900FBE0F901F9018951F920F92F9
:108600000FB60F9211240BB60F922F933F934F93F7
:108610005F936F937F938F939F93AF93BF93EF93EA
:10862000FF93E091C600E13209F466C008F044C04F
:10863000E83109F44AC0E7FFCAC0E458E43308F05F
:1086400046C0F0E08827E85DFC4B8F4F0C942F5517
:108650007E4380436743674367436743674367439A
:10866000674367436743674386438A438C438E432C
:108670009043924394439643674398439C439E435D
:10868000A043A243A4436743A643A843AA43AE43DF
:10869000B043B443B643B843BA43BE43C043C243F6
:1086A000C443C643C9436743CF43D343D743DB43A4
:1086B000DF43E143E343E543EF33E1F082E0EE37AC
:1086C00009F0B9CF0E94B90302C00E949D13FF9127
:1086D000EF91BF91AF919F918F917F916F915F913A
:1086E0004F913F912F910F900BBE0F900FBE0F90A7
:1086F0001F90189581E0E6CF88E0E4CF80E2E2CFDA
:108700008091301585FFE3CF80E4DCCF81E00E94CB
:10871000A003DDCF82E0FBCF84E0F9CF88E0F7CF84
:1087200080E1F5CF80E2F3CF80E4F1CF80E8EFCFB6
:1087300081E00E949703CBCF82E0FBCF84E0F9CFAA
:1087400088E0F7CF80E1F5CF80E2F3CF80E4F1CF8E
:1087500080E8EFCF81E00E949A04B9CF80E0FBCFA0
:1087600081E00E947604B3CF80E0FBCF8B9AAFCF3D
:108770008B98ADCF81E00E948E04A9CF82E0FBCF21
:1087800080E0F9CFA59AA3CFA598A1CF0E9470044D
:108790009ECF80910201877F8093020198CF8091C4
:1087A00002018062F9CF809102018F7DF5CF809127
:1087B00002018064F1CF809102018F7BEDCF109A8E
:1087C00086CF109884CF5F9A82CF5F9880CFA09198
:1087D0001F0681E08A0F90911E06981709F477CF43
:1087E000B0E0A25EBA4FEC9380931F0670CF1F9249
:1087F0000F920FB60F9211240BB60F928F939F9387
:10880000EF93FF9380911D05E82FF0E0E35EFB4FAF
:1088100090819093C6008F5F80931D0590911C04FA
:10882000981305C08091C1008F7D8093C100FF9196
:10883000EF919F918F910F900BBE0F900FBE0F90F5
:108840001F9018951F920F920FB60F9211240BB61E
:108850000F92CF92DF92EF92FF920F931F932F937D
:108860003F934F935F936F937F938F939F93AF93B8
:10887000BF93EF93FF93CF93DF93CDB7DEB72897E6
:10888000DEBFCDBF809160008F7B809360008091C0
:108890003015813041F180912A15811124C013B126
:1088A00010951E7701F10E949D13CE0101967C0167
:1088B0000896F701212F217021931695E817F907E3
:1088C000C9F78F01F80182918F01805D0E94C10577
:1088D000E016F106B9F70FB6F894DEBF0FBECDBFB4
:1088E00081E00E94A90328960FB6F894DEBF0FBE60
:1088F000CDBFDF91CF91FF91EF91BF91AF919F914C
:108900008F917F916F915F914F913F912F911F9127
:108910000F91FF90EF90DF90CF900F900BBE0F90D4
:108920000FBE0F901F9018951F920F920FB60F92C7
:1089300011248F938091600086FD05C080916000B6
:108940008064809360008F910F900FBE0F901F90F6
:1089500018951F920F920FB60F9211240BB60F921B
:108960002F933F934F935F936F937F938F939F9337
:10897000AF93BF93CF93EF93FF93809145158823D7
:10898000F1F18091D9039091DA03A091DB03B091CA
:10899000DC0380399F45A140B10508F48EC01092D8
:1089A000D9031092DA031092DB031092DC0380E00B
:1089B0000E94820480914C15882309F14091D503CF
:1089C0005091D6036091D7037091D8034033554737
:1089D0006105710508F094C08091D5039091D6038C
:1089E000A091D703B091D8030196A11DB11D80932A
:1089F000D5039093D603A093D703B093D803809167
:108A0000D3039091D403C29708F08CC08091D30314
:108A10009091D40301969093D4038093D3038091D3
:108A20002515882371F18091261581508093261594
:108A300080912615811125C0C0910601C09581E065
:108A40009C2F9870C3FF80E080934715911103C05D
:108A500081E00E947604C1FB882780F980934F153E
:108A600080912A15811107C0C7FD05C00E949D1382
:108A700081E00E94A9031092251580910302809342
:108A800026158091D2038F5F843608F059C08093F9
:108A9000D203FF91EF91CF91BF91AF919F918F91B1
:108AA0007F916F915F914F913F912F910F900BBEEE
:108AB0000F900FBE0F901F9018958091D903909141
:108AC000DA03A091DB03B091DC030196A11DB11D77
:108AD0008093D9039093DA03A093DB03B093DC0374
:108AE0008091D9039091DA03A091DB03B091DC036C
:108AF00080329844A140B10509F05CCF81E058CFA5
:108B0000813061F482E00E948E041092D5031092AD
:108B1000D6031092D7031092D80371CF8230A9F7F1
:108B200081E0F1CF1092D4031092D30389B18695DE
:108B3000817080934D1589B1817080934D156FCFF1
:108B40001092D20380912C1590912D15A0912E1585
:108B5000B0912F150196A11DB11D80932C159093F6
:108B60002D15A0932E15B0932F1593CFCF93DF9390
:108B7000CDB7DEB7C559D1090FB6F894DEBF0FBE29
:108B8000CDBF9A9A819A829A879A9D9A6B9A809180
:108B900001018860809301018091010180628093CE
:108BA000010180910101806480930101089A839AF8
:108BB000579A0E948213F89410922001109221017A
:108BC000109225011092240183EC99E090932901E1
:108BD00080932801809121018860809321018091F8
:108BE00021018360809321018091730082608093D2
:108BF000730078945198599A5098589A8091C0006F
:108C000082608093C0001092C50080E18093C40010
:108C10008091C10088698093C1008091C800826002
:108C20008093C8001092CD0082E28093CC008091A6
:108C3000C90088698093C9008091D0008D7F80939E
:108C4000D0001092D50087E68093D4008091D100A7
:108C500088698093D10090E080E00E9485118A307D
:108C600009F42CC187E00E944C088FEF0E94FA2083
:108C70000E94D10881B18E6F81B987B18E6F87B99B
:108C8000809181008F7E8093810080918100886037
:108C900080938100809180008C7F80938000809100
:108CA00080008F708093800080916E00887F809319
:108CB0006E0014BC15BC80916E00816080936E00C4
:108CC000809107018577809307018091080185775E
:108CD0008093080180916D008A6880936D00809177
:108CE000680084608093680078944E0129E8820EC1
:108CF000911C6E013DE6C30ED11C1E0141E8240EFD
:108D0000311CE0E3F5E182E2DF011D928A95E9F78B
:108D100081E08093301584E6809337158093381571
:108D20008093391580912C1590912D15A0912E15B9
:108D3000B0912F158093411590934215A093431540
:108D4000B09344151092490910922B1510922A15D0
:108D5000109228151092291580911F0680931E06E7
:108D6000E2E5F5E18BE6DF011D928A95E9F7809156
:108D7000FF1690910017A0910117B09102178093F0
:108D8000BD159093BE15A093BF15B093C01565E8AF
:108D900075E180E00E94D920811103C087E00E9424
:108DA0004C080E944D130E94741080910A018C7F20
:108DB00080930A0180910B01836080930B01859859
:108DC0008D9A86988E9A80910A018F7C80930A01F1
:108DD00080910B01806380930B0180910A01837F56
:108DE00080930A01849880910B018C6080930B0121
:108DF0008C9A80E00E94EC050E9482130E940E145F
:108E00000E94C4136C9A749A80910A0180688093BE
:108E10000A0180910A01806480930A01999A989AC4
:108E200001E010E021E030E041E050E061E070E07E
:108E300081E090E00E94EC1181E00E949B120E9470
:108E4000A40A0E9417118091EE1683FF11C00E94A0
:108E50004E10882369F081E08093301588EE93E00E
:108E60000E948C078FE993E00E948C070E94520AAF
:108E700080913015817871F188EE93E00E948C0723
:108E80008AED93E00E948C070E94520A81E0809351
:108E9000301510E000E0FE0131965F0190911E0652
:108EA00080911F0698130C9457500E94CC0D0E947D
:108EB000631F80913115882389F323CF42E451E069
:108EC00061E070E089E696E10E948D11892B09F03E
:108ED000D1CEC8CE10923015809106010E94843AFE
:108EE000D8CF843211F00C941A50F1E0CF56DF4FF6
:108EF000F883C159D04088E0D4011D928A95E9F7E2
:108F00008091AC17863409F4D0C2BCF5813409F4E1
:108F100059C01CF5882309F485C0843209F440C384
:108F200090913015923008F04AC4893409F4A7C5ED
:108F30000CF02CC4833209F444C4883409F4A2C46C
:108F400010E0A601BE016F567F4F8BEA97E10E94A9
:108F5000950F811143C612E066C0833409F420C323
:108F60000CF43AC28534E1F681E00E945C270E944D
:108F7000B93A80E00E945C2755C0833509F410C2DD
:108F8000ACF4873409F40CC38A3451F6809130155F
:108F90008F7D09F014C48091AD178D3309F052C054
:108FA0008BEA97E10E94E62B182F3DC0863509F425
:108FB000F4C1883509F4F4C2843509F0B1CF0E94B8
:108FC000830830C08091AD17811130C08EE493E0EA
:108FD0000E948C078BE597E10E949A078CE493E04E
:108FE0000E948C078BE697E10E949A078CE493E03D
:108FF0000E948C078BE797E10E949A078CE493E02C
:109000000E948C078BE897E10E949A078CE493E01A
:109010000E948C078BE997E10E949A0787E493E00E
:109020000E948C0710E0812F0C947B501091AE179A
:10903000111182C1823541F0843509F433C1813484
:1090400009F469C113E0EFCF82E392E00E94E62BBE
:1090500081E00E945C270E946D2080E00E942C2805
:109060004BE2642E47E1742E5BE5E52E57E1F52EC9
:10907000E4E0F2E0CE56DF4FF983E883C259D040F6
:10908000512C63E0462ED101E8E01D92EA95E9F704
:1090900020E030E040E052E4D3016D917D918D916C
:1090A0009C910E947E50A6010E94C302DF92CF9243
:1090B000ECE9F2E0FF93EF93BF92AF920E945E550E
:1090C000C5010E94E62B0E946D20C1010E947D23F4
:1090D00080E1F101D70101900D928A95E1F780E4DA
:1090E00093E00E948C075394852D0E9467078DE3BF
:1090F00093E00E948C07C7010E949A0789E393E0DE
:109100000E948C070F900F900F900F900F900F9070
:10911000D7018C9181113FC020E030E044EF51E451
:10912000F30160817181828193810E947E50A6014A
:109130000E94C302DF92CF922CE932E03F932F933B
:10914000BF92AF920E945E55C5010E94E62B0E941D
:109150006D20C1010E947D2380E1F101D7010190C2
:109160000D928A95E1F782E393E00E948C07852DAA
:109170000E9467078FE293E00E948C07C7010E945C
:109180009A078BE293E00E948C070F900F900F904C
:109190000F900F900F90D7018C9181113FC020E06C
:1091A00030E046E052E4F301608171818281938175
:1091B0000E947E50A6010E94C302DF92CF922CE94A
:1091C00032E03F932F93BF92AF920E945E55C5014C
:1091D0000E94E62B0E946D20C1010E947D2380E148
:1091E000F101D70101900D928A95E1F784E293E0B5
:1091F0000E948C07852D0E94670781E293E00E9400
:109200008C07C7010E949A078DE193E00E948C07AA
:109210000F900F900F900F900F900F90D7018C919F
:10922000811138C0CE56DF4FE881F981C259D04054
:1092300010820091080210E02091070230E0409176
:10924000060250E06091050270E08091040290E017
:109250000E94EC11B4E06B0E711CE0E1EE0EF11C0B
:10926000CE56DF4F28813981C259D0402F5F3F4F02
:10927000CE56DF4F39832883C259D04035E0531290
:1092800002CF81E00E942C2880E00E945C270E948F
:109290007811C8CECE56DF4FA881B981C259D040CF
:1092A0004C92C7CF40902C1550902D1560902E15E4
:1092B00070902F158091411590914215A091431502
:1092C000B0914415A3019201281B390B4A0B5B0B8B
:1092D000CA01B9012CE330E040E050E00E940D5596
:1092E0004092411550924215609243157092441578
:1092F000CA01B901882799270E94E80680ED92E00B
:109300000E94980AC301B2010E94E80680ED92E033
:109310000E94980A87CE8FE093E00E948C078FB15D
:1093200086FB882780F90E9467078DE093E00E9402
:109330008C078AE093E074CE9091AF1791112DC005
:109340001053163008F07ECE8734C1F0823509F014
:1093500079CEC4010E947D23412F4150550BDA0183
:1093600034E0AA0FBB1F3A95E1F7A55AB84E80E149
:10937000F40101900D928A95E1F789CFA12FA150B8
:10938000BB0BCD0124E0880F991F2A95E1F760E11E
:10939000855A984E0E94A50545CE0E94570A42CE96
:1093A0008091AF1781113ECE64E08BEA97E10E9475
:1093B000A5058091AE1780539091AD17923549F075
:1093C000943509F4D7CD903509F02CCE0E94FE28B3
:1093D00029CE0E942C2826CE8091AE17811122CE54
:1093E0008091AD178534E9F0833509F01BCEB1E0EB
:1093F000B093451583E00E949B1280912C159091AB
:109400002D15A0912E15B0912F1580934115909395
:109410004215A0934315B093441581E00E948E0439
:1094200001CE82E00E949B1280E00E948E0482E3C3
:1094300092E00E94E62B0E946D208A9A88EA92E0D0
:109440000E94E62B87EB92E00E94E62B83ED92E0F0
:109450000E94E62B85EE92E00E94E62B85EF92E0DB
:109460000E94E62B86E093E00E94E62B89E193E0E0
:109470000E94E62B8CE293E00E94E62B8DE393E0C2
:109480000E94E62B8EE493E00E94E62B81E693E0B7
:109490000E94E62B0E946D208A9880E00E94683D21
:1094A000109245150E943A0BBDCD8091AF178111E6
:1094B000B9CD1091AE171053E091AD17E154EE30D5
:1094C00008F0C0CD0E2E000CFF0B8827E559F54B98
:1094D0008F4F0C942F55794A7D4A864A8F4A934A7A
:1094E000994A9D4AA84AB24ABA4AC04AC64ACE4A8E
:1094F000CC4A812F0E949A0495CD112329F0899A94
:10950000E1E0E0934C158ECD8998FACF112329F034
:109510008A9A82E080934C1585CD8A98FACF812F64
:109520000E9482047FCD112311F0A59A7BCDA598CE
:109530007ACD812F0E94760475CD112319F00E94F7
:10954000700470CD80910201877F809302016BCD02
:1095500080910201112321F080628093020162CD8B
:109560008F7DF3CF80910201112311F08064F5CF3C
:109570008F7BEBCF112311F0109A54CD109853CD5F
:10958000112311F08B9A4ECD8B984DCD112311F0F4
:109590005F9A48CD5F9847CD812FECCC80E03ECFDD
:1095A0009091AD1791114ECD833409F4D0C05CF485
:1095B000843209F037CD80913015887109F0FFC0F1
:1095C0000E94D1082FCD8734D1F0883509F02ACDFB
:1095D00080913015813009F025CD8091060188EE0B
:1095E00093E00E948C0788EC93E00E948C070E9415
:1095F000520A1092301582E00E949B1213CD84E033
:1096000093E00E948C07809152158C3838F080E0EE
:1096100093E00E948C07809152158A580E94670738
:1096200081EF92E00E948C07809158158A5C0E941D
:10963000670781EF92E00E948C07809156158F5E3C
:109640000E94670781EF92E00E948C079091541569
:1096500085E1891B0E94670781EF92E00E948C07D9
:1096600080915515865A0E94670781EF92E00E940B
:109670008C07909153158EE5891B0E946707809196
:109680005915882391F084EF92E00E948C07809115
:109690005915833039F08E3111F0823031F40E9447
:1096A000670703C080E30E94C10584EF92E00E9437
:1096B0008C0780915B15803139F0803209F443C00A
:1096C000811105C085E301C083E30E94C10584EFD9
:1096D00092E00E948C0780915A158823B1F187FF90
:1096E00003C087E30E94C10580915A1586FF03C01D
:1096F00088E30E94C1058DEF92E00E948C07809163
:10970000FE160E9467078AEF92E00E948C07609124
:1097100060157091611580916215909163150E949A
:10972000B30687EF92E00E948C0760915C15709100
:109730005D1580915E1590915F1540E00E940906CD
:109740000E94520A6FCC84E3C0CF89E3D2CF10913C
:109750003015123059F40E949D1388EE93E00E9458
:109760008C0787EB93E00E948C07EACF111127C08A
:1097700082E08093301588EE93E00E948C0780ECA5
:1097800093E00E948C070E94520A4DCC823509F466
:10979000D8C1833509F461C18E3409F0D1CB82E0A0
:1097A000CF56DF4F8883C159D0408091AD1710E06C
:1097B000882309F4F7C111E0992309F4C2CB18E01A
:1097C00032CC8091AD1781113DCC00E0BE016F5AC3
:1097D0007F4F802F0E94D920182F811104C087E06D
:1097E0000E944C0820CC8EEE92E00E948C0706303E
:1097F00041F0073009F443C086E3800F0E946707F9
:1098000004C08BEE92E00E948C078AE30E94C1059F
:10981000CE018F5A9F4F0E94CF060E94520A0F5FBF
:109820000830A1F682EE92E00E948C0781EA95E171
:109830000E94CF060E94520A8CED92E00E948C0793
:109840006091BD157091BE158091BF159091C015A6
:109850000E94C1060E94520A85ED92E00E948C0788
:109860006091031770910417809105179091061766
:109870000E94C1060E94520A0E94610AD3CB88EE60
:1098800092E0C1CF8091EE1615E084FFCCCB8091A1
:10989000060184E0809330150E943A0B8091AD1749
:1098A00081111EC081E00E94FE2880E00E94CA2B28
:1098B00081E00E942C2880E00E945C27F1E0F09378
:1098C0005115109131151111ADCB109230150E9428
:1098D000CD128091AD178111A5CB0E94843AA3CB04
:1098E0009091AE179111AECB883509F497C00CF06A
:1098F0008EC0813409F0A6CB0E946D208091311575
:109900008111DFCF8DE0D6011D928A95E9F786E0BF
:10991000F601848720E030E040E450EC6091C91605
:109920007091CA168091CB169091CC160E94D65396
:109930002B013C0120E030E0A9010E94745187FF17
:1099400003C0412C512C32012091F4163091F516B0
:109950004091F6165091F716CE56DF4F2883398383
:109960004A835B83C259D04061EC75E1C5010E9416
:1099700034041092CD151092CE151092CF1510927E
:10998000D015D301C201B0588D879E87AF87B88BA1
:1099900080E280933615CE56DF4F88819981AA8167
:1099A000BB81C259D040F60180839183A283B383E7
:1099B000B601C5010E940A2484E0809334150E94F8
:1099C0002E150E94CA0410E20E94631F80910601B6
:1099D00082FD10E0109336150E942E1580912B15F4
:1099E0008473C1F110912B1514FF03C086E00E940F
:1099F000A90315FF03C087E00E94A90380912A15DF
:109A0000882391F00E949D130E94631F5ACF8935CD
:109A100049F08A3509F016CB84E001C081E00E944C
:109A2000CA2B4FCF82E0FBCF84E00E94AF030E949D
:109A3000C4138091F8169091F9160E94C3121092E7
:109A4000CD151092CE151092CF151092D015109200
:109A5000341537CF1111B8CFEACF8091AD178C34C0
:109A600009F0F0CA8091AE17803509F0EBCA8091F9
:109A7000AF178111E7CA80E80E94B903D3CA82E018
:109A8000CF56DF4F8883C159D0408091AD178111E7
:109A900032C040E051E06EEA73E08BEA97E10E9449
:109AA0008D11892B51F41092AB1740E051E06BEA15
:109AB00077E18EEA93E00E943D1181EC92E00E94F2
:109AC0008C078BEA97E10E94980A0E94520A8BEB5E
:109AD00092E00E948C0786E50E94C1058EE40E94F8
:109AE000C1058DE40E94C1058AE50E94C10588E494
:109AF0000E94C10525CE93E0CF56DF4F9883C15910
:109B0000D0408D3309F09ECA83E0282F30E0F90160
:109B1000E555F84E90812855384ED9019C938F5FBA
:109B200090819111F2CFCF56DF4F8883C159D04039
:109B300040E051E06BEA77E18EEA93E00E943D114C
:109B400071CA8091AD17833509F07CCA8091AE1738
:109B5000843509F077CA8091AF178D3309F072CA46
:109B60008091B11781116ECA8091B017843239F09B
:109B70008A32A9F0833209F065CA82E001C081E02F
:109B80000E94FA2088EE93E00E948C078EE793E013
:109B90000E948C070E94520A0E949D1343CA8FEFB5
:109BA000EFCF11E0812F0E947E20811106C087E057
:109BB0000E944C081130A9F735CA88EB92E00E9448
:109BC0008C07812F0E9467078DE30E94C1058BEAF5
:109BD00097E10E94980A0E944808ECCFCF56DF4FC9
:109BE000E881C159D04081E08E0FCF56DF4F888386
:109BF000C159D040F0E0E555F84E90819D3309F011
:109C000021CA112309F440C0482F50E0282F30E02A
:109C1000D901A555B84E9C91241B350BF901E5558A
:109C2000F84E90838F5F9C919111F0CFCF56DF4F0C
:109C30008883C159D0401EE0813508F0F4C98BEA11
:109C400097E10E94E62B182F8111EDC9F601608182
:109C50007181828193810E94B9542B013C010E9441
:109C60006D20C301B2010E94F75121E031E0629FF3
:109C7000C001639F900D112440E051E06BEA77E151
:109C80009D5F0E943D11CFC9A501BE016F567F4F58
:109C90008BEA97E10E94950F882309F45CC9CF569F
:109CA000DF4FE881C159D040F0E0E555F84E8081A2
:109CB0008111C8C9D6018D919D910D90BC91A02DA7
:109CC000CE56DF4F88839983AA83BB83C259D04085
:109CD00020E030E04FE753E4BC01CD010E949653F1
:109CE00018160CF4AFC949805A806B807C80CE5620
:109CF000DF4F688179818A819B81C259D0400E945F
:109D0000F751062F88E3800F8A3048F5093C69F047
:109D10000A3CE1F0083C31F4C301B2010E94F75162
:109D20006093FE160E9478117EC94092FF165092F1
:109D3000001760920117709202174092BD15509261
:109D4000BE156092BF157092C015ECCF40920317FC
:109D5000509204176092051770920617E3CF023DE8
:109D600010F18EE2800F63E00E94EB54292FB4E0E3
:109D70008B9FC0011124213051F0223089F08D5E7B
:109D8000984EFC014082518262827382CBCF855D06
:109D9000984EDC014D925D926D927C921397C2CFEA
:109DA0008D5B984EEECF043608F43FC0045680E039
:109DB000073090F5E02FF0E0EE0FFF1FEE0FFF1FD2
:109DC000823051F0833009F1813019F0E759F94EB2
:109DD000D9CFEB57F94ED6CF9F012F55394E790188
:109DE00020E030E040E752E4C301B2010E94D653C4
:109DF00020E030E040E752E40E94D653D7016D9353
:109E00007D938D939C9313978DCFE354F94E77FAFE
:109E1000709477F87094B6CF8F5F0A3008F412C947
:109E2000843009F40FC90A50C3CFC301B2010E94A4
:109E3000B9540E94F751043208F004C9E02FF0E051
:109E40008827EA5DF04B8F4F0C942F554A4F504FA7
:109E5000534F584F5B4F654F6D4F22482248224861
:109E60007A4F7D4F864F8F4F224822482248224802
:109E7000224822489B4FA54FB14FB94FBC4FC54F09
:109E8000CE4FD44F22482248DD4FE84FF14FF94FD3
:109E900002500B50633008F4C7C06093D91642CF0C
:109EA0006093DC163FCF6093DA160E940A053ACF22
:109EB0006093DB16FACF8091EE16662321F0846062
:109EC0008093EE162FCF8B7FFBCF8091EE1666230B
:109ED00011F08064F5CF8F7BF3CF8091EE1666236F
:109EE00039F080688093EE1680E00E94EC051ACF6E
:109EF0008F77F8CF6093DD1615CF4092DE16509223
:109F0000DF166092E0167092E1160CCF4092E216D6
:109F10005092E3166092E4167092E51603CF80919A
:109F2000EE16662331F081608093EE160E94A22027
:109F3000F9CE8E7FF9CF8091EE16662321F084FF53
:109F400076C08062BDCF8F7DBBCF8091EE16662339
:109F500031F088608093EE160E947410E3CE877F04
:109F6000F9CF8091EE16662311F08061A9CF8F7C26
:109F7000A7CF6093EF16D6CE4092F0165092F1160E
:109F80006092F2167092F316CDCE4092F416509273
:109F9000F5166092F6167092F716C4CE70E07093C4
:109FA000F9166093F816BECE4092FA165092FB1640
:109FB0006092FC167092FD16B5CE4092E616509255
:109FC000E7166092E8167092E9160E944D13AACE29
:109FD0004092EA165092EB166092EC167092ED16D3
:109FE000F4CF8091EE16662311F0826069CF8D7FE9
:109FF00067CF409207175092081760920917709226
:10A000000A1790CE40920B1750920C1760920D17C2
:10A0100070920E1787CE40920F17509210176092D1
:10A020001117709212177ECE16E00C9413481AE0A6
:10A030000C94134880913015817239F089E00E94A8
:10A040004C0810E000E00C944E478BEA97E10E9428
:10A05000E62B51C0002339F0893211F00C944E47A1
:10A060000D7F0C944E47813210F40C944E478F3282
:10A0700011F40C944E47883289F08B3391F01F3FD6
:10A0800099F0E12FF0E0E555F84E1F5F9FE9980F3A
:10A090009A3108F4805280830C944E4702E00C946D
:10A0A0004E4704E00C944E4701E00C944E47E92FD4
:10A0B000F0E0E25EFA4F80819F5F90931E068F3F33
:10A0C00011F40C9455478A3011F08D3019F60E9426
:10A0D000631F8091311581110C948146E12FF0E0CE
:10A0E000E555F84E10828BE000FDA9CF8091AB17AB
:10A0F00081110C9471470E945808A3CF5058BB2778
:10A10000AA270E9496500C9430530E94F75238F0C0
:10A110000E94FE5220F039F49F3F19F426F40C946B
:10A12000CD520EF4E095E7FB0C949E52E92F0E946D
:10A13000555358F3BA17620773078407950720F041
:10A1400079F4A6F50C948F530EF4E0950B2EBA2FEC
:10A15000A02D0B01B90190010C01CA01A00111242D
:10A16000FF27591B99F0593F50F4503E68F11A16D9
:10A17000F040A22F232F342F4427585FF3CF46956A
:10A1800037952795A795F0405395C9F77EF41F168C
:10A19000BA0B620B730B840BBAF09150A1F0FF0F56
:10A1A000BB1F661F771F881FC2F70EC0BA0F621F42
:10A1B000731F841F48F4879577956795B795F79532
:10A1C0009E3F08F0B0CF9395880F08F09927EE0FC7
:10A1D0009795879508950E94F75260F080E891E086
:10A1E00009F49EEF0E94FE5228F040E851E071F41D
:10A1F0005EEF0CC00C94CD520C948F53E92FE07895
:10A200000E94555340F3092E052AB1F3261737074C
:10A210004807590738F00E2E07F8E02569F0E025C9
:10A22000E0640AC0EF6307F8009407FADB01B901A4
:10A230009D01DC01CA01AD01EF930E9495510E947E
:10A2400030530E942E515F91552339F02BED3FE0A2
:10A2500049E450FD49EC0C947F500895DF93DD27CD
:10A26000B92FBF7740E85FE31616170648075B076C
:10A2700018F4D92F0E949B539F938F937F936F93D2
:10A280000E94B554E4EEF0E00E94D0520E94305398
:10A290002F913F914F915F910E94E953DD2351F03F
:10A2A0009058A2EA2AED3FE049EC5FE3D0785D27C1
:10A2B0000E949650DF910C9430530E94775390F097
:10A2C0009F3748F4911116F40C94905360E070E0BD
:10A2D00080E89FE3089526F01B16611D711D811D06
:10A2E0000C94A4520C94BF520E947A5208F481E05C
:10A2F00008950E940753E3950C9441530E94925194
:10A300000C9430530E94FE5258F00E94F75240F0D5
:10A3100029F45F3F29F00C949E5251110C949053F4
:10A320000C94CD520E94555368F39923B1F35523F1
:10A3300091F3951B550BBB27AA2762177307840758
:10A3400038F09F5F5F4F220F331F441FAA1FA9F3EE
:10A3500035D00E2E3AF0E0E832D091505040E695DC
:10A36000001CCAF72BD0FE2F29D0660F771F881F3D
:10A37000BB1F261737074807AB07B0E809F0BB0B30
:10A38000802DBF01FF2793585F4F3AF09E3F510544
:10A3900078F00C949E520C9490535F3FE4F3983EF7
:10A3A000D4F3869577956795B795F7959F5FC9F72D
:10A3B000880F911D9695879597F90895E1E0660FAE
:10A3C000771F881FBB1F621773078407BA0720F027
:10A3D000621B730B840BBA0BEE1F88F7E095089590
:10A3E0000E94F7516894B1110C94905308950E9403
:10A3F0005D5388F09F5798F0B92F9927B751B0F067
:10A40000E1F0660F771F881F991F1AF0BA95C9F7F8
:10A4100014C0B13091F00E948F53B1E008950C94B4
:10A420008F53672F782F8827B85F39F0B93FCCF367
:10A43000869577956795B395D9F73EF49095809575
:10A44000709561957F4F8F4F9F4F0895E89409C095
:10A4500097FB3EF490958095709561957F4F8F4F57
:10A460009F4F9923A9F0F92F96E9BB279395F6956D
:10A47000879577956795B795F111F8CFFAF4BB0FEB
:10A4800011F460FF1BC06F5F7F4F8F4F9F4F16C04F
:10A49000882311F096E911C0772321F09EE8872FD9
:10A4A000762F05C0662371F096E8862F70E060E095
:10A4B0002AF09A95660F771F881FDAF7880F96950E
:10A4C000879597F908950E94775390F09F3748F445
:10A4D000911116F00C94905360E070E080E89FEBCF
:10A4E000089526F41B16611D711D811D0C94A45244
:10A4F0000C94BF52990F0008550FAA0BE0E8FEEF2D
:10A5000016161706E807F907C0F012161306E40737
:10A51000F50798F0621B730B840B950B39F40A2630
:10A5200061F0232B242B252B21F408950A2609F40E
:10A53000A140A6958FEF811D811D089597F99F6712
:10A5400080E870E060E00895882371F4772321F0BB
:10A550009850872B762F07C0662311F499270DC0DA
:10A560009051862B70E060E02AF09A95660F771F75
:10A57000881FDAF7880F9695879597F908959F3F7A
:10A5800031F0915020F4879577956795B795880FAE
:10A59000911D9695879597F908959FEF80EC089502
:10A5A000DF93CF931F930F93FF92EF92DF927B0184
:10A5B0008C01689406C0DA2EEF010E94E953FE0177
:10A5C000E894A5912591359145915591A6F3EF0118
:10A5D0000E949650FE019701A801DA9469F7DF9076
:10A5E000EF90FF900F911F91CF91DF91089500247C
:10A5F0000A941616170618060906089500240A94E8
:10A60000121613061406050608950C94CD520E94E6
:10A610005D53D8F3E894E0E0BB279F57F0F02AEDB4
:10A620003FE049EC06C0EE0FBB0F661F771F881F87
:10A6300028F0B23A62077307840728F0B25A620B17
:10A64000730B840BE3959A9572F7803830F49A95E2
:10A65000BB0F661F771F881FD2F790480C94C1521A
:10A66000092E0394000C11F4882352F0BB0F40F420
:10A67000BF2B11F460FF04C06F5F7F4F8F4F9F4F60
:10A680000895EF93E0FF07C0A2EA2AED3FE049EC0E
:10A690005FEB0E9496500E9430530F90039401FC90
:10A6A0009058E1E1F1E00C94CB5457FD9058440FE1
:10A6B000551F59F05F3F71F04795880F97FB991F21
:10A6C00061F09F3F79F087950895121613061406DE
:10A6D000551FF2CF4695F1DF08C01616170618066B
:10A6E000991FF1CF869571056105089408950E9420
:10A6F0005D53A0F0BEE7B91788F4BB279F3860F41C
:10A700001616B11D672F782F8827985FF7CF86958B
:10A7100077956795B11D93959639C8F30895E89498
:10A72000BB2766277727CB0197F908950E947A52B5
:10A7300008F48FEF08959B01AC0160E070E080E8C1
:10A740009FE30C947E510E945D5358F19E5760F137
:10A750009851A0F0E9F0983020F5092E9927660F5E
:10A76000771F881F991F0A94D1F712C0062E672FF2
:10A77000782F8827985F11F4000C07C0993FB4F335
:10A780008695779567959395D9F7611D711D811D04
:10A790003EF490958095709561957F4F8F4F9F4FB8
:10A7A000089568940C9490530C948F530E94E9532D
:10A7B0000C9430530E94F75238F00E94FE5220F061
:10A7C000952311F00C949E520C94CD5211240C94AC
:10A7D00090530E94555370F3959FC1F3950F50E02D
:10A7E000551F629FF001729FBB27F00DB11D639F43
:10A7F000AA27F00DB11DAA1F649F6627B00DA11DE9
:10A80000661F829F2227B00DA11D621F739FB00D8E
:10A81000A11D621F839FA00D611D221F749F3327FE
:10A82000A00D611D231F849F600D211D822F762F97
:10A830006A2F11249F5750409AF0F1F088234AF074
:10A84000EE0FFF1FBB1F661F771F881F91505040E0
:10A85000A9F79E3F510580F00C949E520C949053A2
:10A860005F3FE4F3983ED4F3869577956795B79567
:10A87000F795E7959F5FC1F7FE2B880F911D969581
:10A88000879597F908950E945D53E8F09E37E8F0A8
:10A890009639B8F49E3848F4672F782F8827985F48
:10A8A000F9CF86957795679593959539D0F3B62F1F
:10A8B000B1706B0F711D811D20F487957795679599
:10A8C00093950C94A4520C94BF520C9490539F9364
:10A8D0000E9407530F9007FCEE5F0C94415319F44C
:10A8E00016F40C94CD520C94BF520E945D53B8F3F1
:10A8F0009923C9F3B6F39F57550B87FF0E94C454A1
:10A900000024A0E640EA900180585695979528F4D7
:10A91000805C660F771F881F20F0261737074807CF
:10A9200030F4621B730B840B202931294A2BA69526
:10A9300017940794202531254A2758F7660F771F6B
:10A94000881F20F026173707480730F4620B730B77
:10A95000840B200D311D411DA09581F7B901842F75
:10A960009158880F9695879508959B01AC010C949A
:10A97000D6530E94775330F09F3710F40C949053C5
:10A980000C94A4520C94BF5291505040660F771F04
:10A99000881FD2F708959F938F937F936F93FF93B0
:10A9A000EF939B01AC010E94D653EF91FF910E945F
:10A9B000D0522F913F914F915F910C94D653991B98
:10A9C00079E004C0991F961708F0961B881F7A95A6
:10A9D000C9F78095089587FB082E062687FD819587
:10A9E00067FD61950E94DF540EF4919507FC8195F7
:10A9F0000895AA1BBB1B51E107C0AA1FBB1FA617C6
:10AA0000B70710F0A61BB70B881F991F5A95A9F717
:10AA100080959095BC01CD010895A1E21A2EAA1B44
:10AA2000BB1BFD010DC0AA1FBB1FEE1FFF1FA217FE
:10AA3000B307E407F50720F0A21BB30BE40BF50BFB
:10AA4000661F771F881F991F1A9469F76095709584
:10AA5000809590959B01AC01BD01CF010895EE0F4B
:10AA6000FF1F881F8BBF0790F691E02D19940E945D
:10AA70004255A59F900DB49F900DA49F800D911DF0
:10AA800011240895A29FB001B39FC001A39F700D30
:10AA9000811D1124911DB29F700D811D1124911DE6
:10AAA0000895FB01DC0104C08D910190801921F40F
:10AAB00041505040C8F7881B990B08950F931F937E
:10AAC000CF93DF93CDB7DEB72E970FB6F894DEBFE6
:10AAD0000FBECDBF0E891F8986E08C831A83098340
:10AAE0008FEF9FE79E838D83AE01465E5F4F688D3B
:10AAF000798DCE0101960E948E552F813885020FE7
:10AB0000131FF80110822E960FB6F894DEBF0FBE09
:10AB1000CDBFDF91CF911F910F9108952F923F925A
:10AB20004F925F926F927F928F929F92AF92BF925D
:10AB3000CF92DF92EF92FF920F931F93CF93DF9309
:10AB400000D000D000D01F921F92CDB7DEB77C019D
:10AB50003B018A01FC0117821682838181FFDDC1DE
:10AB6000CE0101965C01F7019381F30193FD85917C
:10AB700093FF81913F01882309F453C1853239F451
:10AB800093FD859193FF81913F01853229F4B701AF
:10AB900090E00E94A657E7CF912C212C312CFFE1A9
:10ABA000F31538F08B3211F190F4803209F18332D1
:10ABB00029F137FC3CC020ED280F2A3050F536FE35
:10ABC00020C08AE0989E200D1124922E06C08D325E
:10ABD00091F0803371F7689430F8F30193FD85911B
:10ABE00093FF81913F018111DACF21C0689431F840
:10ABF000689432F8F2CF689433F8EFCF689434F861
:10AC0000ECCFEAE02E9E200D1124222E689435F818
:10AC1000E4CF8E3229F436FC04C1689436F8DDCFD7
:10AC20008C3619F4689437F8D8CF8836B1F2982F5B
:10AC30009F7D95549330E0F08336A1F18337C1F1C5
:10AC4000833509F063C02801F2E04F0E511CF80172
:10AC5000C080D180692D70E036FC02C06FEF7FEFBD
:10AC6000C6010E9490574C01689437F882010AC0CF
:10AC70000C5F1F4FFFE3F98388248394912C6501B7
:10AC8000E89437F833FE2DC0522C8114910471F5ED
:10AC9000552009F468CFB70180E290E00E94A657E2
:10ACA0005A94F6CFF801808189830E5F1F4FE4CF5D
:10ACB0002801F2E04F0E511CF801C080D180692DAF
:10ACC00070E036FC02C06FEF7FEFC6010E949B5719
:10ACD0004C018201D5CFB70180E290E00E94A657D7
:10ACE0002A942814190409F0B0F7CECFF60137FCE6
:10ACF000859137FE81916F01B70190E00E94A657C0
:10AD000051105A94F1E08F1A9108BFCF843619F090
:10AD1000893609F077C0F80137FE6BC06081718118
:10AD2000828193810C5F1F4FF32DFF763F2E97FF9B
:10AD300009C090958095709561957F4F8F4F9F4F7B
:10AD4000689437F82AE030E0A5010E94D657C82E53
:10AD5000CA188C2C432C36FE0CC0E89440F8C91459
:10AD600040F434FE05C032FC03C0F32DFE7E4F2EAE
:10AD7000892C44FEAAC0FE01EC0DF11D80818033B8
:10AD800009F09CC0242D297E422E842D8870582ED7
:10AD900043FCAAC040FEA4C09C2C821418F42C0CC6
:10ADA000922C981844FEA6C0B70180E390E00E9460
:10ADB000A65742FE09C088E790E041FE02C088E540
:10ADC00090E0B7010E94A657C91408F49FC0CA9426
:10ADD000D12C9FEFC91AD90ACA0CDB1CF60182914B
:10ADE0006F01B70190E00E94A657AC14BD04B1F703
:10ADF0004FCF60817181072E000C880B990B0E5F7D
:10AE00001F4F92CFD32CE894D4F82AE030E0853756
:10AE1000E1F1232D297FD22E8F36A9F1F0F4883568
:10AE200051F1F701868197812B960FB6F894DEBF1A
:10AE30000FBECDBFDF91CF911F910F91FF90EF908B
:10AE4000DF90CF90BF90AF909F908F907F906F904A
:10AE50005F904F903F902F900895803749F088374A
:10AE600001F7D4FE02C06894D2F820E130E00DC0B2
:10AE70006894D4F8F6CF34FE03C0822F8660D82EB3
:10AE800020E132E002C028E030E0F801D7FE0FC038
:10AE900060817181828193810C5F1F4FA5010E94A7
:10AEA000D657C82ECA183D2CE89437F852CF608187
:10AEB000718190E080E00E5F1F4FF0CF42FC02C036
:10AEC000839463CF8394839460CF842D867809F430
:10AED0005CCFF6CFB70180E290E00E94A657839442
:10AEE0008214C0F3512C5ECF522C5818821408F4EF
:10AEF00059CFF8CF842D867809F466CF8BE241FED6
:10AF000080E247FC8DE2B70190E05CCFB70180E3BF
:10AF100090E00E94A6579A9457CF8FEF9FEF84CF6F
:10AF2000FC010590615070400110D8F78095909514
:10AF30008E0F9F1F0895FC01615070400190011019
:10AF4000D8F7809590958E0F9F1F08950F931F93AC
:10AF5000CF93DF93182F092FEB018B8181FD09C05F
:10AF60001FEF0FEF812F902FDF91CF911F910F9146
:10AF7000089582FF14C02E813F818C819D81281706
:10AF800039073CF4E881F981CF01019699838883E0
:10AF900010838E819F8101969F838E83E3CFE88506
:10AFA000F985812F1995892BA1F3DACFFA01AA2708
:10AFB000283051F1203181F1E8946F936E7F6E5FFC
:10AFC0007F4F8F4F9F4FAF4FB1E03ED0B4E03CD0AA
:10AFD000670F781F891F9A1FA11D680F791F8A1F8D
:10AFE000911DA11D6A0F711D811D911DA11D20D0F4
:10AFF00009F468943F912AE0269F11243019305DAE
:10B000003193DEF6CF010895462F4770405D41939E
:10B01000B3E00FD0C9F7F6CF462F4F70405D4A33EB
:10B0200018F0495D31FD4052419302D0A9F7EACFB3
:10B03000B4E0A6959795879577956795BA95C9F7E2
:10B0400000976105710508959B01AC010A2E0694D5
:10B050005795479537952795BA95C9F7620F731F8E
:0CB06000841F951FA01D0895F894FFCFD9
:10B06C00010101020101010101010620000006019C
:10B07C000620000002010620000001AA09200000A1
:10B08C00000001010155AA1B250000000001010967
:10B09C00400047393047353347305A2D3500473952
:10B0AC0030473533473058257359257300473930AD
:10B0BC0047353347305A25730047323147393147CA
:10B0CC0033382E325A2D3130304632303000473042
:10B0DC005A31004733382E325A2D32463330004D18
:10B0EC003453323330300047393047353347303101
:10B0FC005A25734631353030004D350047393047CD
:10B10C00353347305925730047393047353347308D
:10B11C00582D35592D350047393047353347305880
:10B12C002D35592D323030004D3353333030300003
:10B13C000D0A004739304735334730582D353059D3
:10B14C002D323030004739304735334730582D35A4
:10B15C0030592D35004739304735334730582D316C
:10B16C003030592D35004739304735334730582D5D
:10B17C00313030592D323030004739304735334774
:10B18C0030582D313530592D323030004739304759
:10B19C0035334730582D313530592D35004739303E
:10B1AC004735334730582D323030592D350047391B
:10B1BC00304735334730582D323030592D323030FE
:10B1CC00004739304735334730582D3130592D3100
:02B1DC00300041
:00000001FF
