:100000000C9468020C9489020C9489020C94890265
:100010000C9489020C9489020C9489020C94890234
:100020000C9489020C9437450C9489020C94553F2A
:100030000C94C5440C9489020C9489020C94890296
:100040000C9489020C948A3F0C9489020C948902C6
:100050000C9489020C9489020C9489020C94743FCC
:100060000C9489020C94F4430C949A440C948902E5
:100070000C9489020C9489020C9489020C948902D4
:100080000C9489020C9489020C9489020C944D43BF
:100090000C94CC430C94A1430C9489020C948902D7
:1000A0000C9489020C9489020C9489020C948902A4
:1000B0000C9489020C9489020C9489020C944C458E
:1000C0000C9489020C9489020C9489020C94894343
:1000D0000C945E430C9489020C9489020C9489025E
:1000E0000C948902084AD73B3BCE016E84BCBFFD0D
:1000F000C12F3D6C74319ABD56833DDA3D00C77FF8
:1001000011BED9E4BB4C3E916BAAAABE0000008090
:100110003F05A84CCDB2D44EB93836A9020C50B91F
:10012000918688083CA6AAAA2ABE000000803F004B
:100130000C94A7500C9478440C944E500C9464503A
:100140000C9424500C9486440C941F310C94464B10
:100150000C94404B0C940B300C946C440C94E92F91
:100160000C948A4B0C94804B0C9476440C947B50EA
:100170000C94B0500C9466440C9470440C942C4B2A
:100180000C9439500C943C500C946A440C948D2F70
:100190000C9412310C9484440C94D82F0C94884401
:1001A0000C942C310C94BE2F0C9470500C94455030
:1001B0000C948C2D0C9478500C9480440C940F501B
:1001C0000C9484500C945E4B0C94344B0C94744BF4
:1001D0000C9493500C941A500C9412500C94664B3F
:1001E0000C949A2F0C9417500C947E440C94B42FBA
:1001F0000C947A4B0C9409500C94F72F0C948D505E
:100200000C9474440C94E52F0C946E440C94234B82
:100210000C9415300C94524B0C946E4B0C947C4403
:100220000C945E440C949C500C94A72F0C94824424
:100230000C9401300C94174B0C9472440C942C5079
:100240000C9460440C944D490C945A500C945A2FC1
:100250000C94CB2F0C9447440D0A006E6F77546FAB
:100260006F6C3A00244E005B4F50543A005B564589
:10027000523A312E31652E32303137303131343A05
:10028000005B5A706F733A005B544C4F3A005B4707
:1002900039323A003330003238005B4700204700E3
:1002A000204D0020530020460020540033382E00FB
:1002B0005B47433A47000D0A005D005B746F6F6C4B
:1002C0005374617475733A20007D0D0A00273A005B
:1002D0007B27746F6F6C005D7D0D0A002C007B27FF
:1002E000746F6F6C44617461273A5B00416C61729A
:1002F0006D3A00536C656570696E67005265737482
:100300006F72696E67207370696E646C6500526508
:1003100073746F72696E672064656661756C74735F
:100320000050726F6772616D20656E646564004392
:100330006865636B206C696D6974730043686563FD
:100340006B20646F6F720044697361626C65640056
:10035000456E61626C65640043617574696F6E3AE5
:1003600020556E6C6F636B656400506C65617365DE
:1003700020756E6C6F636B00506C65617365205205
:1003800065736574005B4D53473A000D0A005BE6E8
:100390008EA2E992883A00312E302E33005B7665CA
:1003A0007273696F6E3A007C46533A007C4C6E3A29
:1003B000007C42663A007C473A007C4D3A007C5310
:1003C0003A007C42463A007C53463A007C483A0068
:1003D0007C41463A007C4C3A007C433A007C4452D3
:1003E0003A007C443A007C54443A007C523A007C07
:1003F00052573A007C4C573A007C5246543A007CA3
:100400004C46543A007C53543A007C463A007C54A3
:100410003A007C57506F733A007C4D506F733A002E
:10042000536C65657000446F6F723A004368656392
:100430006B00416C61726D00486F6D696E67004DB5
:100440006F76696E67005061757365004D6F7669F0
:100450006E67005265616479006572726F723A006E
:100460005D002C002C002C002C002C002C002C00FB
:100470006E756C6C5D0027746872656164272C0072
:100480002764696C6C272C0027636F6E65272C002E
:100490002762616C6C272C0027656E646D696C6C3B
:1004A000272C005B000D0A006265666F7265546F51
:1004B0006F6C3A000D0A00537461727420746F6F90
:1004C0006C2073657474696E67006F6B0D0A0000B1
:1004D00011241FBECFEFD1E2DEBFCDBF00E00CBFC5
:1004E00013E0A0E0B2E0E0EBF1EB00E00BBF02C0F4
:1004F00007900D92A237B107D9F728E1A2E7B3E040
:1005000001C01D92AD3AB207E1F70E94BB460C94C0
:10051000D6580C9400002F923F924F925F926F92A8
:100520007F928F929F92AF92BF92CF92DF92EF9283
:10053000FF920F931F93CF93DF93CDB7DEB72E9724
:100540000FB6F894DEBF0FBECDBF4B015C017A0140
:1005500020E030E0A9010E94165210E087FF05C09C
:10056000B7FAB094B7F8B09411E0C501B4010E9495
:1005700099526B877C878D879E87112331F08DE29E
:10058000F7018083C70101967C016B857C858D8591
:100590009E858E010F5F1F4F68013AE0232E312C9C
:1005A000412C512C3801EFEF6E1A7E0AA201910105
:1005B0000E94AF55605DF8016083B901CA018301F3
:1005C000611571058105910569F7D701F301CE1613
:1005D000DF06E1F583010C191D090F5F1F4F0E0D9A
:1005E0001F1D6B857C858D859E850E94C8529B0151
:1005F000AC01C501B4010E94205193012C193D09A1
:10060000E20EF31E2EE2F7012083680124E0F22EB1
:10061000FA94F1101EC0F80113822E960FB6F894CA
:10062000DEBF0FBECDBFDF91CF911F910F91FF9025
:10063000EF90DF90CF90BF90AF909F908F907F9082
:100640006F905F904F903F902F90089582918D937F
:10065000BECF20E030E040E251E40E9478544B01EC
:100660005C010E94925220E3260FF60121936F0154
:10067000072E000C880B990B0E94CA529B01AC01FB
:10068000C501B4010E942051C3CF882361F081309D
:1006900061F0823061F0833061F0843061F0853048
:1006A00061F082E0089584E0089588E0089580E193
:1006B000089580E2089580E4089580E808952FB7B2
:1006C000F89490913715892B809337152FBF089593
:1006D0002FB7F89490913615892B809336152FBF3C
:1006E00008959FB7F894809338159FBF08959FB7DA
:1006F000F8942091391580958223809339159FBFF6
:1007000008952FB7F89490913915892B8093391556
:100710002FBF08954F925F926F927F928F929F9218
:10072000AF92BF92CF92DF92EF92FF920F931F93FF
:10073000CF93DF938090FD16912C2BECA22E26E117
:10074000B22E8C01D0E0C0E0F501C190D190E190D3
:10075000F1905F0120E030E0A901C701B6010E94DD
:100760001652882381F1F8014080518062807380A5
:10077000C4010C2E02C0959587950A94E2F720E0FB
:1007800030E0A90180FF11C0C301B2010E941652DE
:1007900087FD09C0C701B6019058A30192010E94CC
:1007A000165287FF10C081E016C0C301B2010E943B
:1007B00038541816C4F3A3019201C701B6010E9470
:1007C0003854181684F321960C5F1F4FC730D1059B
:1007D00009F0BACF80E0DF91CF911F910F91FF9088
:1007E000EF90DF90CF90BF90AF909F908F907F90D1
:1007F0006F905F904F9008958F929F92AF92BF92AB
:10080000CF92DF92EF92FF920F931F93CF93DF93DC
:10081000EB0127E7E22E26E1F22E8C016B018CE141
:10082000C80ED11C6991799189919991F7018190B4
:100830009190A190B1907F010E94CA52A5019401AC
:100840000E942052F80161937193819391938F01DB
:10085000CC15DD0539F7DF91CF911F910F91FF90F6
:10086000EF90DF90CF90BF90AF909F908F900895C2
:100870008A9A0895CF93DF93C0913115D0913215A4
:100880002097C9F0809101158160809301156091D6
:100890001715709118158091191590911A159B01D3
:1008A000AC010E9478546EA37FA388A799A71092E9
:1008B000321510923115DF91CF910895EBE5F9E0F3
:1008C00080915809868F8091E7168250990B880F86
:1008D0008195858FEFE6F0E08081826080830895C6
:1008E0002091FC1621FF0BC09093AB008093AA00CF
:1008F000892B31F48091A0008F7D8093A000089512
:100900008091A0008062F9CF882361F0813061F08E
:10091000823061F0833061F0843061F0853061F0C5
:1009200082E0089580E8089580E4089580E20895C3
:1009300080E1089588E0089584E00895AF92BF9221
:10094000CF92DF92EF92FF920F931F93CF93DF939B
:10095000E090E816F12CC090E916D12CD0E0C0E070
:1009600010E000E0BC2EAC2EC7010C2E02C0959505
:1009700087950A94E2F780FF04C08C2F0E944503FC
:10098000082BC60102C095958795AA94E2F780FFCF
:1009900004C08B2D0E948404182B2196C730D105EA
:1009A00009F70093580910935909DF91CF911F91CE
:1009B0000F91FF90EF90DF90CF90BF90AF90089590
:1009C00020913409DC0180E0861301C008959091E4
:1009D00033092917D9F3E92FF0E0ED5CF74F3081A7
:1009E0003D938F5F9F5F90933309EECF90913309D2
:1009F00080913409891749F0E92FF0E0ED5CF74F59
:100A000080819F5F9093330908958FEF0895E0915F
:100A1000310791E09E0F20913208291761F0F0E034
:100A2000EE5CF84F8083909331078091D100806213
:100A30008093D10004C02091391524FFECCF089594
:100A4000E0912D0691E09E0F20912E07291761F06D
:100A5000F0E0E25DF94F808390932D068091C9000C
:100A600080628093C90004C02091391524FFECCF27
:100A70000895E0912904DC0180E091E09E0F20912F
:100A80002A05291308C0E09329049091C1009062BF
:100A90009093C10008952D91F0E0E65DFB4F208317
:100AA0008F5FE92F6813E9CFEECFE091290491E041
:100AB0009E0F20912A05291761F0F0E0E65DFB4FBB
:100AC0008083909329048091C10080628093C1004B
:100AD00004C02091391524FFECCF089510923A09F3
:100AE0009091FC1697FD03C09CE090933A098823EF
:100AF00031F080913A099CE0892780933A09089562
:100B00008F929F92AF92BF92CF92DF92EF92FF921D
:100B10000F931F93CF93DF93CDB7DEB72D970FB60B
:100B2000F894DEBF0FBECDBF6B017C01042F20E027
:100B300030E0A9010E94165287FF07C08DE20E9493
:100B40005505F7FAF094F7F8F094102F123008F0EA
:100B500054C000FF0AC020E030E040E251E4C70189
:100B6000B6010E9478546B017C0120E030E040E047
:100B70005FE3C701B6010E9421510E94925210E02A
:100B80003AE0832E912CA12CB12CE12FF0E06115DD
:100B9000710581059105E9F581E090E08C0F9D1FBD
:100BA000E80FF91F80E3101708F445C0101309C0BF
:100BB000E1E0F0E0EC0FFD1FE10FF11D80E3808329
:100BC0001F5FEE24E394F12CEC0EFD1EE10EF11CF0
:100BD000111134C02D960FB6F894DEBF0FBECDBFF5
:100BE000DF91CF911F910F91FF90EF90DF90CF9009
:100BF000BF90AF909F908F90089520E030E048EC38
:100C000052E4C701B6010E9478546B017C01125076
:100C10009DCFEE24E394F12CEC0EFD1EEE0EFF1E94
:100C2000A50194010E94AF55605DF7016083B90191
:100C3000CA011F5FAACF1F5F8193B5CF101303C0F6
:100C40008EE20E945505F70182917F010E945505B1
:100C50001150BECF2091FC1640E020FF07C02BE8CA
:100C600032E441E25DE30E94785441E00C94800557
:100C70002091FC1643E020FF07C02BE832E441E25C
:100C80005DE30E94785444E00C9480050F931F9319
:100C9000CF938C01C0E0F8016191719181919191A4
:100CA0008F010E943806C33019F08CE20E9455056E
:100CB000CF5FC43081F7CF911F910F9108958F922C
:100CC0009F92AF92BF92CF92DF92EF92FF920F93DB
:100CD0001F93CF93DF9300D000D000D01F92CDB7E9
:100CE000DEB76115710581059105A9F480E32A96A7
:100CF0000FB6F894DEBF0FBECDBFDF91CF911F912D
:100D00000F91FF90EF90DF90CF90BF90AF909F90AA
:100D10008F900C94550500E09E012F5F3F4F7901A5
:100D20002AE0822E912CA12CB12C6701C00ED11C7F
:100D3000A50194010E94AF55F6016083B901CA0173
:100D40000F5F611571058105910579F70E0D1F2D56
:100D5000111DE016F10699F42A960FB6F894DEBF3D
:100D60000FBECDBFDF91CF911F910F91FF90EF90FC
:100D7000DF90CF90BF90AF909F908F900895F80133
:100D800082918F01805D0E945505E3CFCF92DF9263
:100D9000EF92FF9297FF0CC06B017C018DE20E94E5
:100DA000550566277727CB016C197D098E099F09A8
:100DB000FF90EF90DF90CF900C945F06CF93DF937E
:100DC000843658F06AE00E948155C0E3C90F6AE09A
:100DD0000E948155D0E3D90F04C0C0E0D0E08A3032
:100DE000B0F7805D0E945505DD2319F08D2F0E941C
:100DF0005505CC2329F08C2FDF91CF910C9455050C
:100E0000DF91CF910895CF93DF93EC01FE018491A0
:100E10002196811103C0DF91CF9108950E9455055D
:100E2000F5CF2F923F924F925F926F927F928F9267
:100E30009F92AF92BF92CF92DF92EF92FF920F9369
:100E40001F93CF93DF9300D000D01F921F92CDB796
:100E5000DEB7FC01108121803284C384D4840585EF
:100E6000E684F784FE24EF24FE24428053806480CD
:100E7000758049825A826B827C8286809780A084AA
:100E8000B1848D829E82AF82B88683EA94E00E940C
:100E90000307133009F46DC050F4113009F466C033
:100EA00080E994E0123051F080E794E045C01430BE
:100EB00009F462C086E794E01530B1F70E94030799
:100EC000822D0E94DE068EE694E00E94030742E037
:100ED000C301B2010E9480058CE694E00E940307E2
:100EE00042E0C501B4010E9480058AE694E00E94B8
:100EF0000307832D0E94DE0688E694E00E94030724
:100F00008C2D0E94DE0686E694E00E9403078D2D5C
:100F10000E94DE0684E694E00E940307802F0E9470
:100F2000DE0682E694E00E940307B70190E080E0CD
:100F30000E945F0680E694E028960FB6F894DEBF24
:100F40000FBECDBFDF91CF911F910F91FF90EF901A
:100F5000DF90CF90BF90AF909F908F907F906F90D9
:100F60005F904F903F902F900C94030788E994E096
:100F7000A5CF88E894E0A2CF80E894E09FCF8BE8EB
:100F800093E00C940307CF93C82F89E594E00E9467
:100F900003078C2F0E94DE06CF910C94BF07882395
:100FA00021F0823031F00C94C3078AEC94E00C9469
:100FB00003070895CF92DF92EF92FF92CF93DF93D2
:100FC000D82F6A017B01C22F84E20E9455058D2F24
:100FD0000E94DE068DE30E9455054C2FC701B60125
:100FE0000E948005DF91CF91FF90EF90DF90CF902E
:100FF0000C94BF07EF92FF920F931F93CF93DF9351
:1010000005E117E1C2EDD0E0EE24E394EC0E82E0BE
:10101000F82EFC0EF801D130C9F0D230F1F0408149
:1010200051816281738123E08C2F0E94DA07DF5F98
:10103000D33081F7CD5F0C5F1F4FC43E21F7DF91A6
:10104000CF911F910F91FF90EF900895408D518D9A
:10105000628D738D23E08E2DE8CF40A951A962A93E
:1010600073A923E08F2DE1CFCF93DF93D82FC62F25
:1010700084E20E9455058D2F0E94DE068DE30E94BA
:1010800055058C2F0E94DE06DF91CF910C94BF078F
:10109000EF92FF920F931F93CF93DF936091E71628
:1010A00070E080E00E9434086091EA1670E081E010
:1010B0000E9434086091E81670E082E00E943408D3
:1010C0006091E91670E083E00E9434086091FC169C
:1010D00062FB662760F970E084E00E94340860914A
:1010E000FC1666FB662760F970E085E00E94340814
:1010F0008091FC16082E000C990B692F661F66273D
:10110000661F70E086E00E9434086091EB1670E084
:101110008AE00E9434084091EC165091ED166091DF
:10112000EE167091EF1623E08BE00E94DA074091F3
:10113000F0165091F1166091F2167091F31623E0BB
:101140008CE00E94DA076091FC16617070E08DE01F
:101150000E9434086091FC1665FB662760F970E018
:1011600084E10E9434086091FC1663FB662760F9F5
:1011700070E085E10E9434086091FC166295617010
:1011800070E086E10E9434086091FD1670E087E10E
:101190000E9434084091FE165091FF16609100178E
:1011A0007091011723E088E10E94DA07409102174D
:1011B00050910317609104177091051723E089E19E
:1011C0000E94DA0760910617709107178AE10E9462
:1011D0003408409108175091091760910A177091CF
:1011E0000B1723E08BE10E94DA074091F41650912F
:1011F000F5166091F6167091F71620E08EE10E94C8
:10120000DA074091F8165091F9166091FA1670912C
:10121000FB1620E08FE10E94DA076091FC166695CC
:10122000617070E080E20E94340894E6F92E10E0CC
:10123000C7E7D6E100E0E02EEF0C123009F461C000
:10124000133009F46BC0113009F456C0488159813C
:101250006A817B8123E08E2D0E94DA070F5F24963E
:10126000073049F78AE0F80E1F5FECE8FE12E0CF86
:1012700060910C1770E088EC0E94340840910D17C3
:1012800050910E1760910F177091101723E089ECA1
:101290000E94DA07409111175091121760911317AD
:1012A0007091141723E08AEC0E94DA0705E117E138
:1012B000C2EDD0E0EE24E394EC0E82E0F82EFC0EBA
:1012C000F801D130A1F1D230C9F140815181628160
:1012D000738123E08C2F0E94DA07DF5FD33081F720
:1012E000CD5F0C5F1F4FC43E21F7DF91CF911F915F
:1012F0000F91FF90EF9008954C8D5D8D6E8D7F8DD9
:10130000A9CF20E030E041E655E468AD79AD8AAD83
:101310009BAD0E942052AB01BC019CCFFE01EC5A58
:10132000FF4F4081518162817381705893CF408D0E
:10133000518D628D738D23E08E2DCDCF40A951A9A3
:1013400062A973A923E08F2DC6CF8DE50E945505B4
:101350000C94BF078DE993E00E94030787E993E0AF
:101360000E9403070C94A509CF93DF93CDB7DEB796
:101370006C970FB6F894DEBF0FBECDBF8EE893E03A
:101380000E9403076BE379E0CE0101960E94FC0303
:10139000CE0101960E9446068AE30E94550580917F
:1013A00043150E94DE068CE20E94550560911117DC
:1013B0007091121780911317909114170E9438069C
:1013C0000E94A5096C960FB6F894DEBF0FBECDBF84
:1013D000DF91CF910895CF93DF93EC018991811133
:1013E00003C0DF91CF9108950E945505F7CFEFEC30
:1013F000F5E1A1EEB3E041915191619171914D936D
:101400005D936D937D9385E1EB3EF807A1F7089519
:10141000BF92CF92DF92EF92FF920F931F93CF93E1
:10142000DF937C01FC01FE9600811181D281C38192
:10143000FC0181A180FF33C06091461570E090E00F
:1014400080E00E94CA522AE037ED43E25CE30E944A
:1014500078549B01AC01B8018D2F9C2F0E947854C9
:101460008B01D82FC92F20E030E040E85FE3B801BE
:101470008D2F9C2F0E943854181624F000E010E0A5
:10148000D0E8CFE3B8018D2F9C2FDF91CF911F9132
:101490000F91FF90EF90DF90CF90BF90089582FD65
:1014A00017C06091451570E090E080E00E94CA523C
:1014B0002AE037ED43E25CE30E9478549B01AC01E3
:1014C000B8018D2F9C2F0E9478548B01D82FC92FE3
:1014D000F701B2ACC3ACD4ACF5AC98014D2F5C2F86
:1014E0006B2D7C2D8D2D9F2D0E94165287FFBBCF1B
:1014F0000B2D1C2DDD2DCF2DB6CF80919F09909106
:101500007813981739F026E4829FC0011124805681
:10151000964F089590E080E008954F925F926F9209
:101520007F928F929F92AF92BF92CF92DF92EF9273
:10153000FF920F931F93CF93DF93CDB7DEB7C057C2
:10154000D1090FB6F894DEBF0FBECDBF8CE1EFEC32
:10155000F5E1DE01119601900D928A95E1F7BE0149
:101560006F5F7F4FCE014D960E94FC03BE016F5FFF
:101570007F4FCE01C9960E94FC038CE30E94550563
:1015800080913E15883009F43EC108F022C18130B7
:1015900009F442C108F432C1823009F440C18430F8
:1015A00009F437C18091EB16282F2170E22E80FFBD
:1015B0004FC180914A15882309F44AC189E194E01A
:1015C0000E940307CE014D960E94460682E194E0F8
:1015D0000E940307CE01C9960E9446068EE094E061
:1015E0000E94030780910C170E94DE068AE094E0B7
:1015F0000E94030760916E1570916F1580917015B0
:10160000909171150E942A0685E094E00E940307DC
:1016100060911D0470911E0480911F04909120041C
:101620000E942A068FEF93E00E9403076091210435
:101630007091220480912304909124040E942A0630
:1016400089EF93E00E9403076091250470912604BE
:1016500080912704909128040E942A0684EF93E049
:101660000E94030760915B1570E090E080E00E94AB
:10167000C8520E942A068FEE93E00E9403076091F1
:101680005C1570E090E080E00E94C8520E942A063B
:101690008BEE93E00E9403076091531570E090E099
:1016A00080E00E94C8520E942A0686EE93E00E94C3
:1016B00003076091541570E090E080E00E94C852EA
:1016C0000E942A0682EE93E00E940307609155155E
:1016D00070E090E080E00E94C8520E942A068DEDE2
:1016E00093E00E94030760915D1570E090E080E058
:1016F0000E94C8520E942A0689ED93E00E940307C7
:101700006091561570E090E080E00E94C8520E94FF
:101710002A0685ED93E00E9403076091571570E05B
:1017200090E080E00E94C8520E942A0680ED93E07B
:101730000E9403076091581570E090E080E00E94DD
:10174000C8520E942A068CEC93E00E940307609125
:101750005F1570E090E080E00E94C8520E942A0667
:1017600087EC93E00E94030760915A1570E090E0C7
:1017700080E00E94C8520E942A0682EC93E00E94F8
:1017800003076091591570E090E080E00E94C85214
:101790000E942A068EEB93E00E94030760916A156F
:1017A00070916B1580916C1590916D1540E00E94C1
:1017B00080058AEB93E00E940307809169158031D0
:1017C00009F498C0803209F425C1811196C085E3DF
:1017D00092C08032D9F050F4803109F0E3CE80918C
:1017E000401587FD13C086E494E00AC08034D1F030
:1017F000803809F0D7CE80E294E002C083E594E01F
:101800000E940307CFCE8CE494E0FACF8FE394E0FC
:10181000F7CF88E394E0F4CF82E394E0F1CF8CE259
:1018200094E0EECF86E294E00E9403078091401599
:1018300083FF04C083E30E945505B4CE82FF06C037
:1018400085FF02C081E3F7CF80E3F5CF82E3F3CFDA
:101850004090CB155090CC156090CD157090CE1562
:1018600083E9A82E85E1B82E6E0185E5C80ED11C4E
:101870008E01075C1F4FF12C4601F50161917191BA
:10188000819191915F01208D318D428D538D0E9408
:101890002151F60161937193819391936F01F2E06D
:1018A000FF1225C0A30192010E942151F40160871B
:1018B000718782879387E11016C0F60134972081E3
:1018C000318142815381F8016081718182819381EC
:1018D0000E942051F8016083718382839383F6E034
:1018E000FF1609F46BCEF3940C5F1F4FC6CFEE20AA
:1018F00021F3F5CF83E30E94550586EB93E00E9428
:101900000307809166158A5C0E94DE068091EB16C3
:1019100081FF1EC081EB93E00E9403079091781332
:1019200080919F09981708F477C08D5D891B0E94EC
:10193000DE068CE20E94550580912B0690912C06C4
:10194000981708F46BC0981B892F80950E94DE06BB
:101950000E947D0A009791F0FC01C2A0D3A0E4A0F0
:10196000F5A0C114D104E104F10441F08CEA93E044
:101970000E940307C701B6010E94C60687EA93E0EA
:101980000E94030780913E158C7709F44AC060914C
:101990001715709118158091191590911A150E94BC
:1019A0002A068CE20E94550560914B1570914C15EA
:1019B00080914D1590914E1540E00E9480058091D8
:1019C0004A15882391F1815080934A1580914915D9
:1019D0008823E1F18150809349158EE30E945505DB
:1019E0000E94BF07C059DF4F0FB6F894DEBF0FBE8D
:1019F000CDBFDF91CF911F910F91FF90EF90DF90BE
:101A0000CF90BF90AF909F908F907F906F905F909E
:101A10004F90089584E36FCF815088CF8150891B08
:101A200095CF60E070E0CB01BACF80913E158C7706
:101A300059F08DE180934A15809149158111C6CFE7
:101A400081E080934915C2CF89E0F4CF80913E15A3
:101A50008C7711F083E1BFCF89E0BDCF0E947D0A72
:101A6000892B19F082E00C94810308952F923F9204
:101A70004F925F926F927F928F929F92AF92BF929E
:101A8000CF92DF92EF92FF920F931F93CF93DF934A
:101A900000D01F92CDB7DEB700917813002309F470
:101AA00086C0098339813150398310919E091317FB
:101AB00009F466C0C32ED12CE6E43E9FC001112478
:101AC0009C012056364F7901F90172A483A494A495
:101AD000A5A466A577A580A991A99B01AC010E9448
:101AE0002151F70122A933A944A955A90E9478548C
:101AF000B62EE72EF82E9B83262F372F482F592FEF
:101B0000672D782D892D9A2D0E94165287FF03C0CC
:101B1000B72C7401AB8286E48C9DF0018D9DF00D95
:101B20001124E056F64F8B2D9E2DAF2DBB8186A341
:101B300097A3A0A7B1A7F9818F2FF11101C084E26B
:101B4000FF24FA94F80E30909F091F1133C013112F
:101B500002C00E943A04E6E41E9FC0011124805690
:101B6000964F9A83898333243394310EF4E23F12E3
:101B700001C0312C86E4282E031185C010939E09E4
:101B80000F900F900F900F90DF91CF911F910F91B9
:101B9000FF90EF90DF90CF90BF90AF909F908F908D
:101BA0007F906F905F904F903F902F90089524E228
:101BB000298378CF298186E4289F9001112420561B
:101BC000364F3C832B8326E4E22E8F2C912CFE9CF7
:101BD000C0011124FC01E056F64FFA83E983F110AD
:101BE00002C094E2F92EFA94F31002C00E943A0463
:101BF000E89CC001E99C900D11249C012056364FB1
:101C00006901F90142A453A464A475A4A30192013B
:101C100066A177A180A591A50E941652882339F16B
:101C2000F60166A577A580A991A99B01AC010E9448
:101C30002151F60122A933A944A955A90E9478543B
:101C4000EB81FC8126A137A140A551A50E9421511D
:101C50004B015C01AC019B01C301B2010E943854ED
:101C6000F60118165CF486A297A2A0A6B1A6298157
:101C70003A813C832B831F11A8CF6DCF46A257A278
:101C800060A671A6F4CFC32CD12C329CC0011124C4
:101C90009C012056364F7901E981FA8146A057A070
:101CA00060A471A4F90186A097A0A0A4B1A4A50185
:101CB0009401C301B2010E94165287FF26C0E98138
:101CC000FA8166A577A580A991A99B01AC010E9424
:101CD0002151E981FA8122A933A944A955A90E9479
:101CE0007854A30192010E9421512B013C01AC01C7
:101CF0009B01C501B4010E943854181634F4F70151
:101D000046A257A260A671A6132D2C9CF0012D9C13
:101D1000F00D1124E056F64F22A533A544A555A594
:101D200066A177A180A591A50E941652811101C0DC
:101D3000132D3394F4E23F1201C0312CFA82E98270
:101D40001BCF6F927F928F929F92AF92BF92CF9252
:101D5000DF92EF92FF920F931F93CF93DF93EB01EC
:101D60008C015B018CE1A80EB11C89E9682E96E715
:101D7000792E26E9822E3EE7932EC990D990E990DC
:101D8000F99020E030E0A901C701B6010E94165287
:101D90008823B9F0A7019601F801608171818281E1
:101DA00093810E9420526B017C01E894F7F8930123
:101DB000A401C701B6010E943854181614F0360168
:101DC00047010C5F1F4FCA15DB05B9F6B301C4010B
:101DD000DF91CF911F910F91FF90EF90DF90CF9007
:101DE000BF90AF909F908F907F906F9008954F928B
:101DF0005F926F927F92AF92BF92CF92DF92EF92FB
:101E0000FF920F931F93CF93DF936C01FB015A0155
:101E1000A081A80FB92FB11D8C91ED018D3249F52C
:101E2000229611968C9101E0512C612C10E020E05B
:101E300030E0A9017E0190ED792E780E89E08715BA
:101E400028F16394A8E0A615E8F051101150A5E020
:101E5000B0E00E94D9559B01AC01220F331F441FF3
:101E6000551F270D311D411D511D2196D7018C9104
:101E7000E1CF8B3219F0219600E0D6CF2296119651
:101E80008C91FACF5110F1CF1F5FEFCFBEEF7B12D5
:101E900005C0511003C055245394E7CF662009F1C3
:101EA0007F01CA01B9010E94C8522B013C0120E008
:101EB00030E0A9010E94165281112EC0002309F4BE
:101EC00048C077FA709477F87094F5014082518297
:101ED00062827382CC19DD09C150F701C083662488
:101EE0006394862DDF91CF911F910F91FF90EF901A
:101EF000DF90CF90BF90AF907F906F905F904F90AA
:101F000008952AE037ED43E25CE3C301B2010E9489
:101F100078542B013C011E5F1F3F9CF31F3F59F477
:101F20002DEC3CEC4CEC5DE3C301B2010E94785413
:101F30002B013C01C3CF112309F220E030E040E245
:101F400051E4C301B2010E9478542B013C011150AD
:101F5000F2CFD5014D925D926D927C921397BACFDC
:101F600093B18091FC1686FF9095992399F094FB8C
:101F7000882780F995FD826096FD8460292F247062
:101F800092FD886091FD80612111806293FF03C002
:101F90008064089580E00895EBE6F0E0808110828F
:101FA000E8E6F0E080818E7F8083089584B114B8E4
:101FB000809107018B7F80930701809108018460E5
:101FC0008093080185B18FEF85B99091FC1693FF3E
:101FD00015C090916B0080936B00809168008160C8
:101FE0008093680084B7877F84BF80916000886198
:101FF0008093600081E08093600008950E94CC0F80
:10200000F1CF27E030E090E0AC01022E02C0559500
:1020100047950A94E2F7A09A40FF11C00000000023
:1020200000000000000000000000000000000000B0
:10203000A098000000002150310930F708950000F9
:102040000000A09800000000000000000000000058
:102050000000000000000000EECF27E030E090E03C
:10206000AC01022E02C0559547950A94E2F740FF55
:102070001AC040910B01406440930B010000000026
:102080000000000000000000000000000000000050
:1020900040910B014F7B40930B0100000000215049
:1020A0003109F0F6089540910B01406440930B0113
:1020B0000000000040910B014F7B40930B0100009A
:1020C0000000000000000000000000000000000010
:1020D0000000E5CFCF93DF93D82F862FC42F0E9427
:1020E0002D108D2F0E942D108C2FDF91CF910C94ED
:1020F0002D10811103C08098889A0895813019F4B9
:102100003898409A08956D98759A0895811102C083
:10211000809A0895813011F4389A08956D9A08953F
:102120006FEC75E187E795E10C94FC03F894F9995D
:10213000FECF92BD81BD81E08FBB20B5862F822767
:10214000082E000C990B50E086239523892B49F02B
:1021500084E16F3F11F060BD84E08FBBF99A789401
:1021600008952617E1F360BD84E2F7CF9F92AF9206
:10217000BF92CF92DF92EF92FF920F931F93CF9374
:10218000DF935C018A017B01E40EF51EEB01912CCB
:102190006C01C61AD70ACE018C0D9D1D21E091104D
:1021A00007C0292D990C330B232F221F2227221F12
:1021B0006991962E920E0E949610CE15DF0559F762
:1021C000692DC501800F911FDF91CF911F910F9154
:1021D000FF90EF90DF90CF90BF90AF909F900C94C6
:1021E00096106AE090E080E00E94961046E351E08D
:1021F00067E776E181E090E00C94B610F999FECFA4
:1022000092BD81BD81E08FBB80B508959F92AF9252
:10221000BF92CF92DF92EF92FF920F931F93CF93D3
:10222000DF935B018A017C01E40EF51EEC01912C29
:102230006B01C81AD90AC6018C0F9D1F0E94FE109F
:1022400021E0911007C0292D990C330B232F221F59
:102250002227221F982E920E8993CE15DF0559F75B
:10226000C501800F911F0E94FE1021E030E089150A
:1022700011F030E020E0C901DF91CF911F910F9163
:10228000FF90EF90DF90CF90BF90AF909F90089518
:102290008A9889980895A29889988A988F98A5987D
:1022A0007398E2E0F1E080818F7D808380818F7B75
:1022B000808310988B985F988081877F80830895B2
:1022C000E9ECF0E080818F7E808380818061808373
:1022D0008091340980933309E3E3F8E080E091E0F2
:1022E000DF019C011D9221503040E1F70895E1EE9D
:1022F000F3E08CE3DF011D928A95E9F710929F09C4
:102300001092781381E08093E00310929E09089563
:102310004F925F926F927F92AF92BF92CF92DF9275
:10232000EF92FF920F931F93CF93DF93EC015C0129
:102330002CE1A20EB11C8C01C12CD12C7601F8012C
:1023400041905190619071908F0120E030E0A9019F
:10235000C301B2010E941652882371F0A3019201B9
:10236000C301B2010E9478549B01AC01C701B601C0
:102370000E9421516B017C010A151B0501F7C70161
:10238000B6010E9417556B017C01AC019B0160E016
:1023900070E080E89FE30E9420522B013C0169918C
:1023A0007991899199915E01F4E0AF1AB108A30186
:1023B00092010E947854F501608371838283938334
:1023C000C017D10761F7C701B601DF91CF911F9107
:1023D0000F91FF90EF90DF90CF90BF90AF907F90E4
:1023E0006F905F904F9008954F925F926F927F929F
:1023F0008F929F92AF92BF92CF92DF92EF92FF9215
:102400006B017C018090F8169090F916A090FA1656
:10241000B090FB164090F4165090F5166090F616AA
:102420007090F716A3019201C501B4010E943854BF
:1024300087FF1BC06091471570E090E080E00E942C
:10244000CA522AE037ED43E25CE30E947854A701C8
:1024500096010E9478546B017C01AC019B01C30181
:10246000B2010E9416521816BCF040924B155092C1
:102470004C1560924D1570924E1580E094E0FF90DF
:10248000EF90DF90CF90BF90AF909F908F907F9014
:102490006F905F904F900895A7019601C501B40118
:1024A0000E94385487FD1FC020E030E0A901C70119
:1024B000B6010E94165281110BC010924B1510925A
:1024C0004C1510924D1510924E1590E080E0D7CF2C
:1024D00080924B1590924C15A0924D15B0924E15CE
:1024E00081E090E0CCCFC0924B15D0924C15E09299
:1024F0004D15F0924E15A5019401C701B6010E9439
:102500002051209136093091370940913809509176
:1025100039090E9478540E94055320E030E040E8D9
:102520005FE30E9421510E949952CB01A8CF2F92C4
:102530003F924F925F926F927F928F929F92AF9253
:10254000BF92CF92DF92EF92FF920F931F93CF93A0
:10255000DF93CDB7DEB7C054D1090FB6F894DEBF14
:102560000FBECDBF8091421580FD75C29091791349
:1025700080917A13981709F46EC280913115909169
:102580003215892B09F07EC01091421512FF7DC2D1
:102590008091781326E4829FC00111248056964FC3
:1025A0009093321580933115409131155091321529
:1025B0005E834D83452B09F44EC20091011500FF47
:1025C00067C21092011510921315109214151092F3
:1025D000151510921615AD81BE819E962D913D91D7
:1025E0004D915C91D19729833A834B835C8360E062
:1025F00070E080E09FE30E94205269877A878B8792
:102600009C87ED81FE8142A853A864A875A886A086
:1026100097A0A0A4B1A411FF29C3F2E0F093121572
:10262000A50194010E9478549B01AC01C301B20141
:102630000E9420516B017C0120E030E0A9010E9442
:10264000165287FF02C329813A814B815C81CA01FE
:10265000B9010E942151A30192010E9478549B016B
:10266000AC01C501B4010E9420510E94175560932E
:102670001F157093201580932115909322151860D3
:1026800010934215E091CB13F8E0EF9FD001112495
:10269000BA87A987FD01E558FC4E80910015848317
:1026A0004090311550903215D201D296BC91BEA304
:1026B000F201F3A9FFA3D201D496BC91B8A7F2010D
:1026C000F5A9F9A720910E1530910F15409110151D
:1026D000509111156EA17FA18B2F9F2F0E94205129
:1026E0006AAB7BAB8CAB9DAB20E030E0A9010E94D4
:1026F000165287FF04C01AAA1BAA1CAA1DAA209161
:1027000023152E8B309124153F8B40912515488F32
:1027100050912615598F80911B158E8F90911C1505
:102720009F8FA0911D15A8A3B0911E15B9A3E0918C
:102730002715EAA7F0912815FBA7209129152CA7AA
:1027400030912A153DA7409117154FAF509118159C
:1027500021965FAF21976090191570901A1580919E
:1027600012158983909113159EA7A0911415AFA7F8
:10277000B0911515B8ABE0911615E9ABF0911F15A6
:10278000FBAF209120152CAF309121153DAF40912A
:1027900022154EAF2AA53BA54CA55DA56E897F8964
:1027A000888D998D0E9416528111EFC352E05EAB65
:1027B0009EA19D83AFA1AD87B8A5B98BE9A5ED8B8F
:1027C0008EE3C82E83ECD82E8EE2E82E89E3F82E15
:1027D0001A8E1B8E1C8E1D8EA70196012AA33BA369
:1027E0004CA35DA33981313009F449C4D2013130A1
:1027F00008F4D3C3333009F075C49E962D913D91F2
:102800004D915C91D197C701B6010E9478544B015C
:102810005C0120E030E040E05FE30E9478549B01DF
:10282000AC016FAD21967FAD2197C3010E9420516D
:10283000A70196010E9478546FAB78AF89AF9AAF29
:102840009B01AC016D817D8589899D890E94205104
:102850001B018C012E893F89488D598D0E9416528B
:1028600087FD0CC020E030E0A9016FA978AD89ADEB
:102870009AAD0E94165218160CF472C42E893F8924
:10288000488D598D6EA17FA188A599A50E942051E0
:102890009B01AC010E9421516B017C012E8D3F8D6B
:1028A00048A159A16FAD21967FAD2197C3010E9428
:1028B00021519B01AC01C701B6010E9420526B015E
:1028C0007C01BE8DBFAFEF8D2196EFAF219768A041
:1028D00079A02E883F88088D198DF1E0F983A70132
:1028E00096016A8D7B8D8C8D9D8D0E9421516A8F02
:1028F0007B8F8C8F9D8F2AA13BA14CA15DA10E9453
:10290000165287FF67C42A8D3B8D4C8D5D8D6AA161
:102910007BA18CA19DA10E9420516B017C019101A2
:10292000A8016EA57FA588A999A90E94165287FDC6
:102930002FC38FAD21969FAD2197D301809317159B
:1029400090931815A0931915B0931A15F981F09367
:102950001215E091CC13F091CD1381A1811104C027
:102960009091421593FF33C0D20191969C91907340
:1029700009F45EC4F201EE5BFF4FC080D180E280BB
:10298000F3808823B9F020912B1530912C154091BC
:102990002D1550912E156FAD21967FAD2197C30156
:1029A0000E9478549B01AC01C701B6010E94785483
:1029B0006B017C01C701B6010E94F41190933015A0
:1029C00080932F1580914215877F809342158091C7
:1029D0002F1590913015E985FA85E558FC4EFE8358
:1029E000ED839783868320910A1530910B154091D2
:1029F0000C1550910D15B101C8010E9478542B019E
:102A00003C010E94FF516B017C01609106157091A1
:102A1000071580910815909109150E94FF514B01EF
:102A20005C01A70196010E9420510E94995269837E
:102A30007A838B839C83E981FA81AD81BE81ED939A
:102A4000FC93EF2B09F001C48091421581FFFDC377
:102A5000816080934215C05CDF4F0FB6F894DEBFF3
:102A60000FBECDBFDF91CF911F910F91FF90EF90DF
:102A7000DF90CF90BF90AF909F908F907F906F909E
:102A80005F904F903F902F9008950E947D0A88CDCF
:102A9000809100158F5F893009F480E080930015E4
:102AA000282F30E052E2859FC0011124DC01A2539F
:102AB000BC4E7D01B093CD13A093CC13ED81FE816C
:102AC00080A190968C9390E080E04191519161912A
:102AD0007191D701A80FB91F689412F8440F551FC0
:102AE000661F771F1694D1F74D935D936D937C937A
:102AF000139704968C31910541F7AD81BE815C96A8
:102B00006D917D918D919C915F97B2E2B29FA001F2
:102B1000B39F500D1124FA01E253FC4E4B015C01AE
:102B200023E0880C991CAA1CBB1C2A95D1F7848E23
:102B3000958EA68EB78E0E94C8526093061570932C
:102B400007158093081590930915ED81FE8122A940
:102B500033A944A955A90E9420529B01AC0120939E
:102B60000A1530930B1540930C1550930D1560E02A
:102B700070E080EA9FE30E94205260930E157093EC
:102B80000F15809310159093111510920215109245
:102B90000315109204151092051511FD02C003FFD4
:102BA00043C060911F15709120158091211590915F
:102BB000221560931715709318158093191590932B
:102BC0001A159B01AC010E947854AD81BE81969686
:102BD0006D937D938D939C939997077F0093011537
:102BE000D70191961C928091FC1681FFECCCED816F
:102BF000FE8181A185FFE7CCFE9620813181428153
:102C0000538160E070E080E89FE30E94205260936F
:102C10002B1570932C1580932D1590932E15E1E0B4
:102C2000D7019196EC93CFCCED81FE8166A177A17F
:102C300080A591A50E9417556093171570931815DC
:102C40008093191590931A15CBCFC0921315D0927B
:102C50001415E0921515F092161510921F1510928A
:102C60002015109221151092221509CD10921215DF
:102C700040922315509224156092251570922615C6
:102C800012FF6AC010921F15109220151092211584
:102C900010922215C12CD12C76018D819E810E942B
:102CA000080A698B7A8B8B8B9C8B9B01AC010E94F1
:102CB00078546D837E838F839887A50194010E9449
:102CC000165287FF93C02D813E814F815885C501E3
:102CD000B4010E94205129853A854B855C850E946C
:102CE00078549B01AC01C301B2010E942051609352
:102CF000231570932415809325159093261520E0B5
:102D000030E0A9010E94165218160CF449C032E0B6
:102D10003093121529813A814B815C81CA01B90136
:102D20000E942151A30192010E9478549B01AC01A1
:102D3000C501B4010E9420510E94175560931F15D0
:102D40007093201580932115909322158091011581
:102D500088608093011593CCE0919F09EF5FE43286
:102D600009F4E0E080917813C12CD12C76018E1704
:102D700051F026E42E9FF0011124E056F64FC6A034
:102D8000D7A0E0A4F1A4C701B6010E941755609333
:102D90001F157093201580932115909322157DCFD8
:102DA000A70196016D817E818F8198850E942051B7
:102DB00029853A854B855C850E9478546093271558
:102DC000709328158093291590932A1589899A89DB
:102DD000AB89BC8980931B1590931C15A0931D157E
:102DE000B0931E1593E09093121549CCA70196015C
:102DF000C501B4010E94205129853A854B855C8527
:102E00000E947854A30192010E94215120E030E0F9
:102E100040E05FE30E9478546D877E878F87988BB0
:102E200020E030E0A9010E94385418160CF094C03C
:102E3000A30192016D857E858F8598890E94165227
:102E400087FF88C0A70196016D817E818F8198855B
:102E50000E94205129853A854B855C850E947854D3
:102E60009B01AC0120932715309328154093291519
:102E700050932A156D857E858F8598890E943854D8
:102E80001816BCF529893A894B895C8920931B1552
:102E900030931C1540931D1550931E15A5019401E8
:102EA0006D817E818F8198850E941652811104C0A8
:102EB00031E030931215E3CBA50194016D817E8141
:102EC0008F8198850E94205129853A854B855C85A4
:102ED0000E9478549B01AC01C301B2010E942051B1
:102EE00060932315709324158093251590932615D0
:102EF000C6CB8D859E85AF85B88980932315909329
:102F00002415A0932515B09326158093271590932B
:102F10002815A0932915B0932A1529813A814B8150
:102F20005C81CA01B9010E9421512D853E854F85E2
:102F300058890E947854A70196010E9421510E944D
:102F4000175560931B1570931C1580931D15909356
:102F50001E1595CB92E047CF80911F1590912015BB
:102F6000A0912115B09122151092231510922415CD
:102F7000109225151092261580931B1590931C1501
:102F8000A0931D15B0931E157ACB81E08EAB10CCAB
:102F90002D823D86098B1D8B25CC9E962D913D91D2
:102FA0004D915C91D197C701B6010E9478544B01B5
:102FB0005C0120E030E040E05FE30E9478542FADF8
:102FC00021963FAD2197A3010E942151A7019601AF
:102FD0000E9478549B01AC016D817D8589899D8912
:102FE0000E9420511B018C019B01AC016E897F89DD
:102FF000888D998D0E943854181694F52E893F8932
:10300000488D598D6EA17FA188A599A50E94205158
:103010009B01AC010E9421516B017C012E8D3F8DE3
:1030200048A159A16FAD21967FAD2197C3010E94A0
:1030300021519B01AC01C701B6010E9420526B01D6
:103040007C01BEA9B983EE8DEFAFFF8D2196FFAF56
:10305000219768A079A02E883F88088D198D3FCCD4
:10306000A50194016FAD21967FAD2197C3010E9408
:1030700021516FAF21967FAF21973C0130CC2E8D2F
:103080003F8D48A159A1C701B6010E9478549B0108
:10309000AC016D817D8589899D890E9420511B012C
:1030A0008C012AA53BA54CA55DA50E94165287FF61
:1030B00016CC2AA53BA54CA55DA56D817D8589898A
:1030C0009D890E9420512E8D3F8D48A159A10E94BB
:1030D00020526B017C012AA43BA40CA51DA522E073
:1030E0002983FDCB9E962D913D914D915C91D19779
:1030F000C701B6010E9478544B015C01AC019B01F1
:103100006FAD21967FAD2197C3010E9438541816E8
:103110008CF520E030E040E05FE3C501B4010E949F
:1031200078549B01AC016FAD21967FAD2197C3010F
:103130000E942051A70196010E9478549B01AC0186
:103140006D817D8589899D890E9420511B018C019B
:103150002EA53FA548A959A90E943854181654F421
:10316000A50194016FAD21967FAD2197C3010E9407
:1031700020517FCF2EA53FA548A959A96D817D85F6
:1031800089899D890E9420519B01AC010E94215197
:103190006B017C012BAD3CAD4DAD5EAD6FAD2196AD
:1031A0007FAD2197C3010E9421519B01AC01C70152
:1031B000B6010E9420526B017C01BBADBFAFECADEC
:1031C0002196EFAF21976DAC7EAC2EA43FA408A949
:1031D00019A985CB2AA93BA94CA95DA9B101C801B0
:1031E0000E94385418169CF42EE333EC4EE259E357
:1031F0006AA17BA18CA19DA10E9421516AA37BA3FE
:103200008CA39DA32A8D3B8D4C8D5D8D84CB8FAD82
:1032100021969FAD2197D301809317159093181590
:10322000A0931915B0931A1529812093121591CBEB
:1032300010924B1510924C1510924D1510924E1580
:103240001092301510922F15BDCB209102153091A0
:10325000031540910415509105156A8D7B8D8C8D59
:103260009D8D0E9421516D837E838F839887A3015A
:103270009201C501B4010E9420519B01AC016D81F6
:103280007E818F8198850E9420524B015C0120EC49
:1032900031EE44E65EE40E9478540E94FF510E94A1
:1032A0009952E985FA85E558FC4E603D37E0730791
:1032B0008105910508F054C01582E985FA85E55825
:1032C000FC4E7383628380917A138093CB138F5F5C
:1032D0008A3009F47BC080937A13E0913115F09124
:1032E0003215C101D80182AB93ABA4ABB5ABC09290
:1032F0000615D0920715E0920815F0920915A30162
:103300009201C701B6010E942051A50194010E94BB
:10331000785460930215709303158093041590936D
:1033200005152091131530911415409115155091E4
:103330001615B101C8010E941652811117C990914A
:103340004215998320E030E0A901B101C8010E9433
:1033500038541816F4F5A981A160A09342157BCBCF
:10336000603A4FE074078105910520F551E05583DF
:10337000E985FA85E558FC4E2581022E04C0969514
:103380008795779567950A94D2F749815A8102C04B
:10339000440F551F2A95E2F751834083611571054B
:1033A00051E08507910508F488CF8FEF9FEF938355
:1033B000828389CF6034AFE17A078105910518F4E3
:1033C000B2E0B583D5CF23E02583D2CF10927A1314
:1033D00084CFB981B2FF04C0B160B09342153BCB3A
:1033E000109232151092311590919F0980917813A7
:1033F000891709F4BBC881E0890F843209F480E0A1
:1034000020919E09921302C080939E0980939F0988
:10341000ADC86A3071058105910570F425E02A95E3
:10342000F1F7000061507109810991096115710579
:103430008105910571F7089564367105810591053F
:1034400048F4E5E3EA95F1F700006A507109810953
:103450009109ECCFEFE8F1E03197F1F700C00000FF
:103460006456710981099109E1CFCF92DF92EF9201
:10347000FF920F931F93CF93DF936B017A01E901C2
:1034800020910B012F7720930B0120910B012068D5
:1034900020930B01F8948230910591F030F44FEFB6
:1034A0006FEF019779F040E008C040E06FEF8330A4
:1034B000910521F04FEF0497B1F760E080E003C081
:1034C00040E060E08FEF0E946A1082E0C816D104ED
:1034D000B1F038F44FEF6FEFCA94CD2891F040E08F
:1034E0000BC040E06FEF83E0C816D10431F04FEF1E
:1034F00084E0C816D10499F760E080E003C040E0A2
:1035000060E08FEF0E946A1082E0E816F104B1F0EB
:1035100038F44FEF6FEFEA94EF2891F040E00BC0E2
:1035200040E06FEF83E0E816F10431F04FEF84E004
:10353000E816F10499F760E080E003C040E060E045
:103540008FEF0E946A10C230D10591F030F44FEF36
:103550006FEF219779F040E008C040E06FEFC33093
:10356000D10521F04FEF2497B1F760E080E003C070
:1035700040E060E08FEF0E946A1002301105A1F078
:1035800038F44FEF6FEF0130110581F040E009C0D2
:1035900040E06FEF0330110529F04FEF04301105C3
:1035A000A9F760E080E003C040E060E08FEF0E9498
:1035B0006A1078946CE370E080E090E0DF91CF9146
:1035C0001F910F91FF90EF90DF90CF900C94091A0C
:1035D000CF93DF93D82FA198A19AF894CFE0D13060
:1035E000A1F480E00E9401108FEF0E94011080E0A2
:1035F0000E940110C15099F778946CE370E080E06C
:1036000090E0DF91CF910C94091AD23029F48FEF1A
:103610000E94011080E0E9CF80E00E94011080E06C
:103620000E9401108FEFE4CFCF93C82F0E94861025
:10363000C1111EC0889860EE71E080E090E00E94A9
:10364000091A8C2F0E94791066E470E080E090E007
:103650000E94091AC11112C0CFB1C095C1706AE9A8
:1036600071E080E090E00E94091A8C2FCF910895BC
:10367000C13011F44098DFCF7598DDCFC13011F41F
:10368000C6B1EBCFCCB1C5FBCC27C0F981E0C827D0
:10369000E6CFEF92FF921F93CF93DF93D82F88E06E
:1036A000E82EF12C10E016958D2F0E948610D11176
:1036B00027C0889863E070E080E090E00E94091ADB
:1036C0008D2F0E9479106AE070E080E090E00E9407
:1036D000091AD1111BC0CFB1C17062E370E080E064
:1036E00090E00E94091AC111106881E0E81AF108FF
:1036F000D1F6812FDF91CF911F91FF90EF90089528
:10370000D13011F44098D6CF7598D4CFD13011F480
:10371000C6B1E2CFCCB1C5FBCC27C0F9DECF0F9349
:103720001F93CF93DF93C82FD62F08E010E08C2F84
:103730000E948610D0FF21C0C11119C0889865E091
:1037400070E080E090E00E94091A8C2F0E947910AE
:1037500067E370E080E090E00E94091AD69501507E
:10376000110929F7DF91CF911F910F910895C13071
:1037700011F44098E4CF7598E2CFC1110FC088983A
:1037800061E470E080E090E00E94091A8C2F0E94B2
:10379000791065E070E080E090E0DECFC13011F498
:1037A0004098EECF7598ECCF8F929F92AF92BF92D8
:1037B000CF92DF92EF92FF92CF93C82F61111AC080
:1037C0000E94141B81110DC060E070E0CB01CF910D
:1037D000FF90EF90DF90CF90BF90AF909F908F9031
:1037E00008956CEC8C2F0E948F1B64E48C2F0E9438
:1037F0008F1BEACF442341F30E94141B6CEC8C2FE7
:103800000E948F1B6EEB8C2F0E948F1B8C2F0E94AF
:10381000491BC82E8C2F0E94491BD82E0D2C000C42
:10382000EE08FF08C701B601C1112FC00E94CA529D
:1038300020E030E040E85DE30E9478544B015C01F9
:1038400020E030E040EA50E40E943854181694F426
:1038500020E030E040EA52E4C501B4010E94165273
:1038600087FF08C080921D0490921E04A0921F043E
:10387000B0922004C701B6010E94CA5220E030E095
:1038800040E85DE30E947854A2CF0E94CA5220E033
:1038900030E040E85DE30E9478544B015C0120E099
:1038A00030E040EA50E4C130B9F40E9438541816B0
:1038B0000CF720E030E040EA52E4C501B4010E9478
:1038C000165287FFD7CF8092210490922204A092B3
:1038D0002304B0922404CECF0E943854181654F614
:1038E00020E030E040EA52E4C501B4010E941652E3
:1038F00087FFC0CF8092250490922604A0922704CF
:10390000B0922804B7CF019708F40895EFE9FFE0DB
:103910003197F1F700C00000F6CF80916F008D7FE6
:1039200080936F0080918100887F81608093810007
:1039300010925A098091EA1690913E158F3F49F4F2
:1039400020913815211105C0903829F490E00C948D
:10395000831C9430D9F70895CF93DF930E948D1C78
:10396000E0E0F5E181E3DF011D928A95E9F7CBE51F
:10397000D9E083E4FE0111928A95E9F7109232159D
:1039800010923115109279131092CB1381E080932D
:103990007A1310925A090E949E04809159098F8FC0
:1039A00082B1817090915809892B82B988B1817058
:1039B00090915909892B88B9DF91CF910895EF92A1
:1039C000FF920F931F93CF93DF93EC01FC0127E04D
:1039D0008FEF9FEF2150D9F48C017E0186E0E80E35
:1039E000F11C89910E940705EC16FD06D1F7802F86
:1039F0000E940705812F0E94070582E390E0DF9176
:103A0000CF911F910F91FF90EF900C94831C3191F7
:103A1000832748E050E0BC01617077279695879531
:103A2000672B21F031E0832730EA93274150510979
:103A300091F7D0CFCF93DF9300D000D0CDB7DEB7D2
:103A40008091FC1681FF0EC08091A0008F7D809335
:103A5000A00026960FB6F894DEBF0FBECDBFDF9153
:103A6000CF91089586E0E9E0F2E0DE011196019041
:103A70000D928A95E1F7CE0101960E94DF1CE9CFF5
:103A8000CF92DF92EF92FF92CF93DF9300D000D0DE
:103A9000CDB7DEB790913F15911110C06A017B013F
:103AA000811119C010924B1510924C1510924D15A2
:103AB00010924E150E941A1D1092491526960FB6A7
:103AC000F894DEBF0FBECDBFDF91CF91FF90EF9096
:103AD000DF90CF9008959091FC169270803181F420
:103AE00086E0EFE0F2E0992381F08091FC1681FFFF
:103AF00017C0C701B6010E94F4110E947004DCCF08
:103B00009111F3CF86E0E5E1F2E0DE01119601903C
:103B10000D928A95E1F7CE0101960E94DF1CE5CF58
:103B200020E030E040EC50E4C701B6010E94205292
:103B30000E94995281E0898386E08A8380EF8B839B
:103B400088E08C837D836E83CE0101960E94DF1C0A
:103B5000B3CFE1E0F1E080818061808383E08093F6
:103B6000A0008AE18093A10080E094E09093A900F6
:103B70008093A8002091F8163091F9164091FA161A
:103B80005091FB166091F4167091F5168091F6161F
:103B90009091F7160E9420519B01AC0160E070ECFF
:103BA0008FE794E40E94205260933609709337099E
:103BB00080933809909339090C941A1D8091391516
:103BC00084FD20C080E10E9481030E941A1D0E9492
:103BD0004B1190913E15892F8C7221F480914215E2
:103BE000867059F0943079F480913815811103C0B2
:103BF00086E00E9471030E948D1C81E00E94E81AF9
:103C000010925F15089583E0F4CF5F926F927F92D8
:103C10008F929F92AF92BF92CF92DF92EF92FF92DC
:103C20000F931F93CF93DF9300D000D000D01F924B
:103C30001F92CDB7DEB74C016DB67EB68BE0EBE1DF
:103C4000F2E0DE01119601900D928A95E1F70E9453
:103C5000601183E0582E5E012CE0A20EB11C8E0193
:103C60000F5F1F4FF80181918F010E942005A01660
:103C7000B106C1F784E690E00E94831C0E94F6041E
:103C80008A3A09F04BC00E94F604CDB6DEB6082F82
:103C900010E02DB73EB7201B310B0FB6F8943EBF96
:103CA0000FBE2DBFEDB7FEB731967F01682FCF0154
:103CB0000E94E0040E0D1F1DF801319780818535AB
:103CC00041F5F701369680E1D40101900D928A9575
:103CD000E1F70FB6F894DEBE0FBECDBE0FB6F89476
:103CE0007EBE0FBE6DBE2B960FB6F894DEBF0FBE24
:103CF000CDBFDF91CF911F910F91FF90EF90DF909B
:103D0000CF90BF90AF909F908F907F906F905F907B
:103D100008950FB6F894DEBE0FBECDBE5A94511072
:103D20009ECFDCCF4F925F926F927F928F929F9245
:103D3000AF92BF92CF92DF92EF92FF920F931F93B9
:103D4000CF93DF93C0913815CC2349F181E0809364
:103D50003E158CEE92E00E9403078C2F0E94DE0637
:103D60000E94BF0784EF91E00E94831CC150C230C3
:103D700088F485E893E00E94030788E793E00E94B7
:103D800003070E94A50980E10E94770380913915FD
:103D900084FFFCCF8FB7F894109238158FBFC09175
:103DA0003915CC2309F4DBC0C4FF14C081E0809333
:103DB0003F15DF91CF911F910F91FF90EF90DF9012
:103DC000CF90BF90AF909F908F907F906F905F90BB
:103DD0004F900895C0FF05C00E948D0A81E00E94A7
:103DE00077038C2F887E09F46AC080913E15982F46
:103DF000937009F053C08872A9F080914015807CBF
:103E000089F40E943A0482E08093421580913E1525
:103E1000803241F480E2C7FD0CC08091401580687B
:103E20008093401580913E15811103C091E09093DD
:103E30004015C6FF07C085FD05C0909140159064F0
:103E400090934015C3FF05C0807E19F480E18093F4
:103E50003E15C5FF23C085E893E00E9403078CE36D
:103E600093E00E9403070E94A5098091401587FDF9
:103E700010C090913E15903451F483FF04C0837EAE
:103E800082608093401580E480933E1502C0903894
:103E9000D1F780914015806280934015C7FF0CC018
:103EA00080913E15813029F4809140158560809382
:103EB000401580E880933E1588EE0E947703C1FF8D
:103EC00028C08C2F887611F580913E15803441F4FE
:103ED0008091401585FD04C084FFF4C010923E150A
:103EE00080913E15882309F4F3C084FF0FC09091A0
:103EF000401590FF0BC0803109F0EAC08091481551
:103F0000882309F4E5C088608093481582E00E9408
:103F10007703C2FF24C09091401580913E15807DAB
:103F200009F4EFC0809141158111EBC097FDEBC002
:103F30000E943A0480919F0980939E090E94360D49
:103F40008091421581FF05C090914015916090933A
:103F50004015897F8093421584E00E9477039091F9
:103F60003615992309F44DC08FB7F8941092361581
:103F70008FBF40914515842F90FD84E691FD865FAB
:103F800092FD8A5093FD8F5F94FD8150893C08F02B
:103F900088EC8A3008F48AE030914615232F95FD8D
:103FA00024E696FD22E397FD29E1481302C023177A
:103FB00041F1809345152093461510924915809044
:103FC0009F0940907813C82D89E9B82E96E7E92E0D
:103FD00026E9F22EDEE736E4532EC411AFC08B2D56
:103FE0009E2DAF2DBD2F8093190490931A04A0939A
:103FF0001B04B0931C040E943A0480929E090E9404
:10400000360D90913715992309F445C08FB7F89470
:10401000109237158FBF20914715822F90FD84E6AF
:1040200091FD865F92FD8A5093FD8F5F94FD8150D4
:10403000893C08F088EC8A3008F48AE0281749F0B7
:1040400020914215286020934215809347151092C5
:10405000491580913E1595FF09C0803139F42091B2
:1040600048152111C0C022E020934815292F207C3B
:1040700091F0882311F0887171F08091681597FF95
:1040800003C087FFB4C08F7796FF03C086FFB1C01F
:104090008F7B8093681580913E158C7F09F489CEC3
:1040A000DF91CF911F910F91FF90EF90DF90CF9014
:1040B000BF90AF909F908F907F906F905F904F9048
:1040C0000C94971282FF0CCF88608093401508CF24
:1040D000109242150E947D0A892B71F08091401543
:1040E00086FD0AC01092401588E080933E150E941C
:1040F00097120E945E040ACF1092401510923E154E
:1041000005CF97FF0AC0109242150E9477110E94B6
:10411000AC1C0E9490100E94F7098091401585FF09
:1041200008C08F7781608093401580E480933E15AE
:1041300013CF1092401510923E150ECFCC2ED12CDD
:10414000C59DC00111248056964F0E94080A3B016C
:10415000982EA92E2B2D3E2D4F2D5D2F0E943854C9
:104160005C9C80015D9C100D11240056164F1816A2
:104170009CF52B2D3E2D4F2D5D2F6B2D7E2D8F2DE4
:104180009D2F0E947854F80162A773A784A795A772
:104190005C9C80015D9C100D11240056164FF801A7
:1041A000C6A8D7A8E0ACF1ACA701960162A573A59B
:1041B00084A595A50E94385418162CF4F801C2A6BF
:1041C000D3A6E4A6F5A6CF5FC43209F4C0E0B62CAE
:1041D000E72CF92CDA2D01CF9301492D5A2DB3018B
:1041E000892D9A2DCECF20FF41CF24603DCF80680E
:1041F0004BCF80644ECFCF92DF92EF92FF920F931E
:104200001F93CF93DF930E94921E809140158823C5
:1042100009F460C00E947D0A0097D1F5C09169152C
:1042200080916815C82BC0906A15D0906B15E090EE
:104230006C15F0906D158091FC1681FF03C080E233
:104240000E945F03C073D1E080914015882309F478
:1042500041C090913F1591113DC080FF16C09091D3
:104260003E15292F207C09F484C082FD1BC01092CA
:10427000481540E050E0BA0180E00E94401D809166
:1042800040158D7F8460809340150E94921EDCCF84
:10429000FC01C1A18E5B9F4FFC01C080D180E280F8
:1042A000F380C9CF903811F585E893E00E940307A9
:1042B00083EF92E00E9403070E94A50940E050E0CE
:1042C000BA0180E00E94401D0E948D1C80913F1524
:1042D000882349F0DF91CF911F910F91FF90EF90CC
:1042E000DF90CF9008950E94921EF0CF903429F471
:1042F000909106018F7D809340158091401583FF3A
:10430000C4CF90916915992359F081FDBECF80915A
:10431000FC1681FF10C08091421588608093421581
:104320008091401581FDB1CF80618093401582E07E
:104330000E948103AACFB701A6018C2F0E94401DC5
:1043400001E510E00150110959F380913F158111E9
:10435000E7CF0E94921E8091401581FD96CFFFEF1E
:1043600020E782E0F15020408040E1F700C00000EB
:10437000E9CF809148158823C9F181FF0DC0809154
:104380006915882351F140E050E0BA0180E00E94B5
:10439000401DD093481579CF8C7009F476CF809169
:1043A0006915882399F085E893E00E9403078CEF54
:1043B00092E00E9403070E94A5098091FC1681FFEC
:1043C0000FC08091421588608093421580914815F6
:1043D00083FF03C082E00E9481031092481555CFED
:1043E000B701A6018C2F0E94401DF0CF809142158D
:1043F00083FF4BCFB701A6018C2F0E94401D8091F7
:104400004215877F8093421540CF0E942E0D0E9457
:10441000FB2080913F15811108C00E947D0A892BE5
:10442000B1F780913E15883091F30895CF93DF93D3
:1044300021E031E0829FE001839FD00D1124DD5FF8
:1044400040E051E0BE018DEA97E10E940611892B00
:1044500079F41092AD170E94052240E051E06DEA18
:1044600077E1CE010E94B61080E0DF91CF910895F0
:1044700081E0FBCF0E94052210924A150895CF9249
:10448000DF92EF92FF92CF9390913E15923079F0A8
:104490006A017B01C82F0E940522B701A6018C2F5B
:1044A000CF91FF90EF90DF90CF900C94401DCF9173
:1044B000FF90EF90DF90CF9008950F931F93CF93CD
:1044C000C82F8B010E9405222DE1C29FC00111243B
:1044D0004CE150E0B8019E5FCF911F910F910C9479
:1044E000B6101F93CF93DF93182FEB018DE1189F28
:1044F000B00111247E5F4CE150E0CE010E94061114
:10450000892B71F48CE1FE0111928A95E9F7BE01C5
:10451000812F0E945D2280E0DF91CF911F9108954D
:1045200081E0FACF4F925F926F927F928F929F922B
:10453000AF92BF92CF92DF92EF92FF920F931F93B1
:10454000CF93DF93CDB7DEB76C970FB6F894DEBF8D
:104550000FBECDBF182F80FFFAC18AE08093E71607
:1045600089E18093EA161092E81684E08093E916B8
:1045700082E08093EB168AE097EDA3E2BCE38093A0
:10458000EC169093ED16A093EE16B093EF168FE60F
:1045900092E1A3E0BBE38093F0169093F116A09311
:1045A000F216B093F31680E090E4ACE9B6E48093A1
:1045B000F4169093F516A093F616B093F716109292
:1045C000F8161092F9161092FA161092FB16109225
:1045D000FD1680E090E0A8ECB1E48093FE16909385
:1045E000FF16A0930017B093011780E090E0A6E1BA
:1045F000B4E48093021790930317A0930417B09329
:1046000005178AEF90E0909307178093061780E0D4
:1046100090E0A0E0B0E48093081790930917A0936E
:104620000A17B0930B1788E18093FC1680E090E0A6
:10463000A8ECB3E48093771690937816A09379163C
:10464000B0937A1680937B1690937C16A0937D1678
:10465000B0937E1680937F1690938016A093811658
:10466000B093821680E090E0AAE7B5E480939316B9
:1046700090939416A0939516B093961680939716E0
:1046800090939816A0939916B0939A1680939B16C0
:1046900090939C16A0939D16B0939E1680E098EC84
:1046A000AFEAB9E48093AF169093B016A093B11619
:1046B000B093B2168093B3169093B416A093B51628
:1046C000B093B6168093B7169093B816A093B91608
:1046D000B093BA1680E090E0A8ECB3EC8093CB16D0
:1046E0009093CC16A093CD16B093CE168093CF1690
:1046F0009093D016A093D116B093D2168093D31670
:104700009093D416A093D516B093D61681E08093DB
:104710000C1710920D1710920E1710920F1710927F
:10472000101710921117109212171092131710925F
:10473000141735E1C32E37E1D32E4CEEE42EFF24BF
:10474000FA94412C512C50EA652E50EC752E812C98
:10475000912C68E4A62E62ECB62EF601419251929D
:10476000619271926F01B7010F2C000C880B990BAD
:104770000E94CA52F601648B758B868B978B84A638
:1047800095A6A6A6B7A6FEE1EF1AF10888E3E816FB
:104790008FEFF80611F7EDE5F7E181E070EC60E4EA
:1047A00053E04AE036E022E392E2808311821282F3
:1047B000138274836583168217821086118652874E
:1047C000438734872587868797877096A7E1ED39D9
:1047D000FA0759F710929D1710929E1710929F1783
:1047E0001092A0171092A1171092A2171092A3175F
:1047F0001092A4171092A5171092A6171092A7173F
:104800001092A8171092A9171092AA1787E0809308
:10481000AB1784E08093AC178FE195ECA1E3B3E490
:104820008093831690938416A0938516B093861672
:1048300040E050E06AE775E440939F165093A0165D
:104840006093A1167093A216C12C88ECD82E8FEA23
:10485000E82E89E4F82EC092BB16D092BC16E092E6
:10486000BD16F092BE1680E090E0A8E4B3EC809311
:10487000D7169093D816A093D916B093DA16812C38
:10488000912C20EAA22E23E4B22E809287169092D9
:104890008816A0928916B0928A164093A316509358
:1048A000A4166093A5167093A616C092BF16D09258
:1048B000C016E092C116F092C2168093DB16909358
:1048C000DC16A093DD16B093DE1680928B169092C4
:1048D0008C16A0928D16B0928E16C092C316D092EE
:1048E000C416E092C516F092C6164093A7165093D0
:1048F000A8166093A9167093AA168093DF1690935A
:10490000E016A093E116B093E21680928F16909273
:104910009016A0929116B0929216C092C716D0929D
:10492000C816E092C916F092CA164093AB1650937F
:10493000AC166093AD167093AE168093E316909309
:10494000E416A093E516B093E6160E94F11011FF4D
:104950000FC0FE0131967F018CE111928A95E9F733
:1049600000E0B701802F0E945D220F5F0830C9F779
:1049700012FF14C060E080E093E00E94961060E0B7
:1049800081E093E00E94961060E081E094E00E9454
:10499000961060E082E094E00E94961013FF0AC037
:1049A00060E08EEA93E00E94961060E08FEA93E068
:1049B0000E9496106C960FB6F894DEBF0FBECDBF66
:1049C000DF91CF911F910F91FF90EF90DF90CF90EB
:1049D000BF90AF909F908F907F906F905F904F901F
:1049E00008952F923F924F925F926F927F928F9293
:1049F0009F92AF92BF92CF92DF92EF92FF920F936E
:104A00001F93CF93DF93CDB7DEB7C658D1090FB64A
:104A1000F894DEBF0FBECDBFE9967FAF6EAFE997CA
:104A2000B09078132B2D30E0E3963FAF2EAFE39795
:104A300026E4B29EA0011124BA016056764FEB968F
:104A40007FAF6EAFEB97DB011D922A95E9F7E996F0
:104A5000EEADFFADE9972485DB0191962C93FB0128
:104A6000EE5BFF4FE996AEADBFADE99714964D9161
:104A70005D916D917C91179740835183628373831D
:104A800018964D915D916D917C911B97EB96EEADD3
:104A9000FFADEB9742A353A364A375A321FFE9C124
:104AA0002CE1EFECF5E1DE01D99601900D922A950B
:104AB000E1F7E4968FAFE497E5969FAFE59727E798
:104AC00036E1CD57DF4F39832883C358D040BE012C
:104AD000635E7F4FCF57DF4F79836883C158D040E3
:104AE000CE01C996C158DF4F99838883CF57D040F4
:104AF000EB96AEADBFADEB97EF96BFAFAEAFEF9716
:104B00004E01B5E58B0E911CED969FAE8EAEED97E6
:104B100010E086E4E396EEADFFADE3978E9F1001C3
:104B20008F9F300C112491012056364F1901B90185
:104B3000645E7F4FCB57DF4F79836883C558D04081
:104B400070E2270E311CE596AEADBFADE5976D91D5
:104B50007D918D919D91E596BFAFAEAFE597CD5715
:104B6000DF4FE881F981C358D04041905190619066
:104B70007190CD57DF4FF983E883C358D040A3012C
:104B800092010E9478540E944554CF57DF4FA8816C
:104B9000B981C158D0406D937D938D939D93CF572C
:104BA000DF4FB983A883C158D040C158DF4FE88197
:104BB000F981CF57D040C190D190E190F190C15888
:104BC000DF4FF983E883CF57D0406C197D098E09F8
:104BD0009F099B01AC0197FF07C022273327A9013A
:104BE000261B370B480B590BEF96AEADBFADEF97B9
:104BF0002D933D934D935D93EF96BFAFAEAFEF977F
:104C0000CB57DF4FE881F981C558D040C080D180B3
:104C1000E280F380C216D306E406F50610F46901BB
:104C20007A01CB57DF4FA881B981C558D040CD92CA
:104C3000DD92ED92FC9213970E94CA52A301920159
:104C40000E942052ED96EEADFFADED97619371930A
:104C500081939193ED96FFAFEEAFED9720E030E0BA
:104C6000A9010E94165287FF07C0812F0E94840469
:104C7000D1019C91892B8C931F5F173009F063CF72
:104C800080E0CD28CE28CF2809F4D9C0CE018B5A98
:104C90009F4F0E9488116B017C0186E4E396EEAD84
:104CA000FFADE3978E9F80018F9F100D112400565A
:104CB000164FD801D296CD92DD92ED92FC92D59707
:104CC000BE016B5A7F4F8FEA96E10E94A10EF80158
:104CD00066A777A780AB91ABBE016B5A7F4F83E984
:104CE00096E10E94A10ED801DA966D937D938D9383
:104CF0009C93DD979196AC90025C1F4FA0FEBDC0C7
:104D0000F801608371838283938380919F09B81631
:104D100011F0A1FECDC086E4E3962EAD3FADE39742
:104D2000829FF001839FF00D1124E056F64F16A2EA
:104D300017A210A611A616AA17AA10AE11AE86E4E5
:104D4000E396EEADFFADE3978E9F80018F9F100D30
:104D500011240056164FD80191968C9181FD6EC09A
:104D6000EB968EAD9FADEB970E94080A6B017C011C
:104D70008090190490901A04A0901B04B0901C0419
:104D8000AC019B01C501B4010E94165287FF6DC1A1
:104D9000A5019401C501B4010E947854F80162A7ED
:104DA00073A784A795A786E4E396EEADFFADE397DE
:104DB0008E9F80018F9F100D11240056164FD80131
:104DC000D6968D909D90AD90BC90D997A5019401F9
:104DD0009A966D917D918D919C919D970E943854EA
:104DE00018162CF4F80182A693A6A4A6B5A6C09224
:104DF0001904D0921A04E0921B04F0921C048CE176
:104E0000FE01EB5AFF4FADEFB3E001900D928A9592
:104E1000E1F78CE1FE017D96A1EEB3E001900D92E9
:104E20008A95E1F78091E003809378138F5F843255
:104E300009F480E08093E0030E94360D81E0CA57B8
:104E4000DF4F0FB6F894DEBF0FBECDBFDF91CF911D
:104E50001F910F91FF90EF90DF90CF90BF90AF9098
:104E60009F908F907F906F905F904F903F902F908A
:104E700008952CE1E1EEF3E016CEE996AEADBFADBC
:104E8000E9972D913D914D915C91A3FC06C0F801ED
:104E9000208331834283538338CFC701B6010E94F8
:104EA0007854D8016D937D938D939C9313972DCF58
:104EB0006DEF73E0E9967FAF6EAFE9978E010F5FFC
:104EC0001F4F14017CE1270E311CC12CD12C76011F
:104ED0005801E996EEADFFADE99781919191A191CD
:104EE000B191E996FFAFEEAFE997E7968CAF9DAF32
:104EF000AEAFBFAFE797D4014D905D906D907D90C0
:104F00004D01A3019201E7966CAD7DAD8EAD9FADD5
:104F1000E7970E9478549B01AC01C701B6010E943B
:104F200020516B017C01E7962CAD3DAD4EAD5FADE0
:104F3000E797C301B2010E942051F8016193719378
:104F4000819391938F012814390419F62FEE3FEFC6
:104F50004FE75FE3C701B6010E94385418166CF49E
:104F600086E4E3962EAD3FADE397829FF001839FE9
:104F7000F00D1124E056F64FDECE2FEE3FEF4FE757
:104F80005FEBC701B6010E94165287FF15C086E489
:104F9000E3966EAD7FADE397869FF001879FF00D9E
:104FA0001124E056F64F89E996E7A6E9BEE786ABFD
:104FB00097ABA0AFB1AFC3CEC5010E948811B501B8
:104FC0008FEA96E10E94A10E4B015C01A7019601B8
:104FD00060E070E080E89FE30E94205120E030E034
:104FE00040E05FE30E9478540E9417556B017C01FA
:104FF0002091EC163091ED164091EE165091EF167F
:10500000C501B4010E947854A70196010E9478540A
:105010004B015C01A701960160E070E080E89FE32E
:105020000E9420519B01AC01C501B4010E94205295
:105030006B017C0120E030E0A9010E94165287FF3D
:1050400003C0C12CD12C760186E4E396AEADBFAD92
:10505000E3978A9FF0018B9FF00D1124E056F64FE5
:10506000C6AAD7AAE0AEF1AE6ACEA7019601C701E3
:10507000B6010E947854D8019A966D937D938D93D2
:105080009C939D9790CEBF92CF92DF92EF92FF922A
:105090000F931F93CF93DF93CDB7DEB7A9970FB6CA
:1050A000F894DEBF0FBECDBFB82E0E9405220E942D
:1050B000CC0F80913F15811179C08E01035E1F4F87
:1050C0008DE0F80111928A95E9F786E089A720E042
:1050D00030E040E450EC6091E3167091E41680916A
:1050E000E5169091E6160E9478546B017C0120E051
:1050F00030E0A9010E94165287FF03C0C12CD12CB9
:1051000076016FEC75E1CE0101960E94FC031092CE
:10511000E7151092E8151092E9151092EA15BB20D8
:1051200021F0F7FAF094F7F8F094C98EDA8EEB8E4E
:10513000FC8E82E08093441580E090E0A8E4B2E425
:105140008D8F9E8FAF8FB8A3B801CE0101960E94BC
:10515000F12484E0809342150E9497120E945E041D
:1051600012E0809109018095BB2081F1807181114D
:1051700010E0109344150E949712809139158473A2
:1051800009F448C01091391514FF03C086E00E944D
:10519000710315FF03C087E00E94710380913815E9
:1051A0008823B1F00E94DE1D0E94FB20A9960FB655
:1051B000F894DEBF0FBECDBFDF91CF911F910F914D
:1051C000FF90EF90DF90CF90BF9008958072CFCF87
:1051D00084E00E9477030E94AC1C80910617909196
:1051E00007170E94831C1092E7151092E815109281
:1051F000E9151092EA15109242150E94FB20809149
:105200003F158111D3CF0E9490100E94F7090E9490
:10521000D60FCCCF1111A5CFDECFBF92CF92DF92A8
:10522000EF92FF920F931F93CF93DF93CDB7DEB72B
:10523000A9970FB6F894DEBF0FBECDBFB82E0E945F
:1052400005225F9A0E94CC0F80913F15811176C094
:105250008E01035E1F4F8DE0F80111928A95E9F7E8
:1052600086E089A720E030E040E450EC6091DB1656
:105270007091DC168091DD169091DE160E947854B4
:105280006B017C0120E030E0A9010E94165287FFEB
:1052900003C0C12CD12C76016FEC75E1CE010196D3
:1052A0000E94FC031092DF151092E0151092E11598
:1052B0001092E215BB2009F451C0F7FAF094F7F808
:1052C000F094C98ADA8AEB8AFC8A80E480934415D8
:1052D00080E090E0A8E4B2E48D8F9E8FAF8FB8A3FA
:1052E000B801CE0101960E94F12484E0809342151A
:1052F0000E9497120E945E0410E4BB2011F07D9B77
:1053000010E0109344150E94971280913915847310
:1053100009F452C01091391514FF03C086E00E94B1
:10532000710315FF03C087E00E9471038091381557
:105330008823E9F00E94DE1D0E94FB20A9960FB68B
:10534000F894DEBF0FBECDBFDF91CF911F910F91BB
:10535000FF90EF90DF90CF90BF90089580E090E0B5
:10536000A0ECBFE3898B9A8BAB8BBC8BAECF84E078
:105370000E9477030E94AC1C80910617909107173A
:105380000E94831C1092DF151092E0151092E11517
:105390001092E215109242150E94FB2080913F1559
:1053A0008111CCCF0E9490100E94F7090E94D60F65
:1053B0000E9405225F98C2CF11119FCFDBCFAF9221
:1053C000BF92CF92DF92EF92FF920F931F93CF93F2
:1053D000DF93CDB7DEB7A9970FB6F894DEBF0FBE47
:1053E000CDBF182F0E9405220E94CC0F80913F153F
:1053F000811175C05E018DE1A80EB11C8DE0F50133
:1054000011928A95E9F786E089A720E030E040E430
:1054100050EC6091DF167091E0168091E11690914A
:10542000E2160E9478546B017C0120E030E0A90173
:105430000E94165287FF03C0C12CD12C76016FEC5D
:1054400075E1CE0101960E94FC031092E3151092C3
:10545000E4151092E5151092E615112309F450C0D9
:10546000CD8ADE8AEF8AF88E80E88093441580E04A
:1054700090E0AAEFB4E48D8F9E8FAF8FB8A3B501F3
:10548000CE0101960E94F12484E0809342150E948F
:1054900097120E945E0400E8112321F08091090117
:1054A00081FF00E0009344150E9497128091391506
:1054B000847309F456C00091391504FF03C086E0D7
:1054C0000E94710305FF03C087E00E947103809171
:1054D00038158823F1F00E94DE1D0E94FB20A9965A
:1054E0000FB6F894DEBF0FBECDBFDF91CF911F91F5
:1054F0000F91FF90EF90DF90CF90BF90AF90089505
:1055000080E090E0A8ECB2EC8D8B9E8BAF8BB88FD7
:10551000ABCF84E00E9477030E94AC1C80910617F9
:10552000909107170E94831C1092E3151092E415C6
:105530001092E5151092E615109242150E94FB207C
:1055400080913F158111CBCF0E9490100E94F709E6
:105550000E94D60F81E0111101C080E080935E159A
:10556000BECF011199CFD8CFEF92FF921F93CF9367
:10557000DF93EC017B018091FC1685FF22C0109126
:105580003E15103211F1CE010E948A038823C9F022
:1055900081E080934115183069F488E00E9481030E
:1055A0000E94FB2080913F1581110BC080913E1518
:1055B0008111F6CF0E94DE1D82E00E9471030E94DD
:1055C000FB2080913E158230C1F00E94FB2080912B
:1055D0003F15811112C090919F098091E0039813AB
:1055E00003C00E942E0DF1CFB701CE01DF91CF9104
:1055F0001F91FF90EF900C94F124DF91CF911F91B8
:10560000FF90EF9008952F923F924F925F926F928A
:105610007F928F929F92AF92BF92CF92DF92EF9242
:10562000FF920F931F93CF93DF93CDB7DEB7E7972A
:105630000FB6F894DEBF0FBECDBF90913F1591110C
:1056400014C18DAB9E01235E3F4F3AAB29AB8DE079
:10565000D9011D928A95E9F786E089A727E7A22E4E
:1056600026E1B22EFE01BA964F0110E000E0C12CF7
:10567000D12C7601FDA92F2E312C802F0E944503BD
:10568000D4018D934D01C101002E02C095958795DF
:105690000A94E2F780FF1BC020E030E040EC5FEBB3
:1056A000F501EC5AFF4F60817181828193810E94E4
:1056B0007854762E472E582E692EA70196010E9407
:1056C000165287FD04C0C72CD42CE52CF62C0F5F96
:1056D0001F4FB4E0AB0EB11C0730110571F680907E
:1056E000021790900317A0900417B090051794E04C
:1056F000692E01E06FEC75E1CE0101960E94FC037A
:105700008091FD16E82FF0E0FCABEBABFE0131968B
:105710008FEC482E85E1582E5FAA4EAA712C10E01E
:1057200030E020E0B701A6017058C101022E02C08E
:10573000959587950A94E2F780FF28C07394AEA9E7
:10574000BFA91D921D921D921C9213978BA99CA913
:10575000022E02C0959587950A94E2F780FF07C054
:10576000002339F0408351836283738306C0002392
:10577000C9F3C082D182E282F3828AE290E08C0F88
:105780009D1F820F931FDC018C91182B2F5F3F4FC1
:1057900034968EA99FA904969FAB8EAB2730310516
:1057A00021F6672D70E090E080E00E94C8520E94D0
:1057B000175510934415A50194010E9478546D8FDC
:1057C0007E8F8F8F98A3BE01635E7F4FCE010196BF
:1057D0000E94F12494E0909342150E9497120E9437
:1057E0005E040023E9F00E94B00FFE01BA9630E09B
:1057F00020E090E06191462F412359F0AC01022E48
:1058000002C0559547950A94E2F740FF02C06095A3
:1058100016232F5F3F4F2730310561F71093441552
:105820000E94971280913915847309F47AC01091FF
:10583000391514FF03C086E00E94710315FF03C0F1
:1058400087E00E947103011182C00E94B00FADA9D0
:105850008A2319F088E00E9471038091381588230B
:10586000E9F00E94DE1D0E94FB20E7960FB6F89437
:10587000DEBF0FBECDBFDF91CF911F910F91FF9083
:10588000EF90DF90CF90BF90AF909F908F907F90E0
:105890006F905F904F903F902F90089584E00E940A
:1058A00077030E94AC1C80910617909107170E9405
:1058B000831CB1E00B27D1F120E030E040EA50E456
:1058C000609108177091091780910A1790910B1732
:1058D0000E9478546B017C018090FE169090FF1618
:1058E000A0900017B09001176A94611003CF90E068
:1058F00080E09101082E02C0359527950A94E2F7C1
:1059000020FF05C0F20110821182128213820196DB
:10591000F4E04F0E511C8730910559F71092421553
:10592000A4CF812F8E7F09F05CCFBBCFC09008172A
:10593000D0900917E0900A17F0900B17809002178B
:1059400090900317A0900417B0900517CDCF12FFC9
:1059500084CF89E080CFCF93C82F0E94CC0F8C2FAB
:10596000C11104C084E00E94032B83E00E94032B3A
:105970000E94FB2080913F15811107C00E9490106A
:105980000E94F709CF910C94D60FCF9108952F92D2
:105990003F924F925F926F927F928F929F92AF92BF
:1059A000BF92CF92DF92EF92FF920F931F93CF930C
:1059B000DF93CDB7DEB7C256D1090FB6F894DEBF7C
:1059C0000FBECDBF7C01E4E7F3E089E5DF011D9266
:1059D0008A95E9F78AE0E0E6F5E1A5E7B3E0019012
:1059E0000D928A95E1F7F7018081843289F01EA635
:1059F0001FAA312C212C27961FAE1EAE27971FAE53
:105A00001FA61BAA88248394912CAA24A3947AC14C
:105A100081E0809375031092760383E08EA7F1E016
:105A2000FFABE7CF0FEB010F0A3110F00C944F3CA6
:105A30008F5F8EA7AE01465D5F4FBE01625D7F4FF7
:105A4000C7010E94F70E882311F40C94523C4AA41B
:105A50005BA46CA47DA4C301B2010E945B550E94AB
:105A60009952B62EC62ED12CB6010D2C000C880BE7
:105A7000990B0E94CA529B01AC01C301B2010E9462
:105A8000205120E030E048EC52E40E9478540E941B
:105A9000E5540E949952CB01173409F426C01D34F5
:105AA00009F48BC1E02F000FFF0B8827E55AF24D58
:105AB0008F4F0C94D1555A2F8D2F9A2FA72F8C2DA5
:105AC000B42F8C2D8C2DBE2FCB2FD82FE52F8C2DC6
:105AD000E92F8C2DF72F8C2D01300B3015308C2DAC
:105AE0008C2D8C2D12311F312C3128E2B21609F485
:105AF000FBC02B1580F133E13B1580F041E1B4167A
:105B000008F0B0C0A4E0BA1609F489C0BA16E0F0F3
:105B1000BAE0BB1609F47BC084E1ACC0ECE1BE1670
:105B200009F475C0EB1548F0F5E1FB15A8F325E184
:105B30002B192093770326E09AC02EE1B21609F4C0
:105B400066C036E2B312E8CF3BA931110C94553C44
:105B500042E04BAB33C04DE3B41609F4C0C04B1563
:105B600018F1A5E3BA1609F45AC0AB1598F0BBE2D8
:105B7000BB1619F0E1E3BE12CFCFEBA9E1110C94F3
:105B8000553CF1E3BF12A2C010927A0328E033E043
:105B90003BAB57C0FBE3FB1508F4BECF6AEC6B0DC3
:105BA00060937B0329E063C02BE52B1518F13AE5E0
:105BB000B31608F079C040E5B412AECFB0927503C9
:105BC000A6E221E0BA1253C08431910551F08E3122
:105BD000910539F08832910521F08233910509F061
:105BE0009BCF6AE070E00E949B55665760937503F7
:105BF00021E027C0ACE5BA1651F0BEE5BB1508F4AC
:105C00008BCF2EE52B192093760325E030C000972B
:105C100031F4EBA9E1110C94553CF1E0FBABB092EF
:105C200074032B2D2D7F2C3119F02CE5B2125EC0A0
:105C3000009719F00A9709F06FCF6B0D609374030A
:105C400020E0C40102C0880F991F2A95E2F7279629
:105C50002EAD3FAD279728233923232B09F448C0C5
:105C600085E108C06FEE6B0D6093790322E0892B0C
:105C700041F387E1CE59DF4F0FB6F894DEBF0FBE78
:105C8000CDBFDF91CF911F910F91FF90EF90DF90EB
:105C9000CF90BF90AF909F908F907F906F905F90CC
:105CA0004F903F902F900895892B31F466EA6B0D49
:105CB0006093780323E0C5CF6A30710509F02CCFDB
:105CC000BAE5BB1609F428CF24E0BBCF0A9709F048
:105CD00023CFA0927A0328E043E04BABB2CF892BCD
:105CE00009F01ACF2AE0ADCF27E0C1CF20E0BFCF27
:105CF0002796AEADBFAD2797A82BB92B2796BFAF80
:105D0000AEAF27978EA5F701E80FF11D1081111195
:105D100089CEFFA5FF2329F02BA9211102C032E073
:105D20003BAB25FE0FC08091A0039091A103A091F1
:105D3000A203B091A30381389649A849B10514F094
:105D40000C94613C8FA9882309F493C220FEA3C25E
:105D5000809177038130B1F423E333E34BEC51E4DA
:105D600060917F0370918003809181039091820301
:105D70000E94785460937F03709380038093810323
:105D80009093820330FC10C080916A1590916B153E
:105D9000A0916C15B0916D158093AC039093AD03F9
:105DA000A093AE03B093AF0380917403843009F0E5
:105DB0008DC226FC89C28CE15DCF892B09F059CFB9
:105DC000B5E0BB1540F1E3E0BE1670F144E0B41657
:105DD000B1F185E0B816A9F180E180937E038CE0F3
:105DE000F40102C0EE0FFF1F8A95E2F7CF0127965C
:105DF0002EAD3FAD27972E233923232B09F030CF2B
:105E000027962EAD3FAD27972E2B392B27963FAFE8
:105E10002EAF279777CFF9E0FB15B0F42EE1B21241
:105E20007BCEB0927C0305C0BB2029F031E0B312D9
:105E3000F8CF8BE0D5CF83E080937C03FACF80E26C
:105E4000CCCF10927E03CBCF98E0B916B9F0A9E081
:105E5000BA16F1F0B7E0BB120FC080E880937D0363
:105E6000A092561580910201806280930201809178
:105E700002018860809302018DE0B2CF80E48093BC
:105E80007D0382E080935615809102018064EDCFFE
:105E900010927D031092561580910201877F8093A6
:105EA0000201809102018F7D8093020180910201A5
:105EB0008F7BE0CF4092BD035092BE036092BF0340
:105EC0007092C0033FA538603FA78DE08401082E83
:105ED00002C0000F111F0A94E2F79801222133211A
:105EE000232B11F00C945B3CE1E6F3E002C0F59546
:105EF000E7958A95E2F7E0FF0DC020E030E0A901C8
:105F00006AA57BA58CA59DA50E94165287FF02C09D
:105F10000C945E3C202A312AF5CE4092C103509267
:105F2000C2036092C3037092C4034FA540614FA7A0
:105F30008EE0CCCF4092C5035092C6036092C70357
:105F40007092C8038FA580628FA78FE0BFCF409269
:105F5000C9035092CA036092CB037092CC039FA5F1
:105F600090649FA780E1B2CF40927F03509280035C
:105F7000609281037092820380E0A8CF40928303F5
:105F8000509284036092850370928603AFADA16046
:105F9000AFAF81E09BCF409287035092880360921D
:105FA000890370928A03BFADB260BFAF82E08ECF2B
:105FB00040928B0350928C0360928D0370928E03FB
:105FC000EFADE460EFAF83E081CFB0929F0384E058
:105FD0007DCFC301B2010E9492526093A0037093DF
:105FE000A1038093A2039093A30385E06FCF409217
:105FF000A4035092A5036092A6037092A70386E0C3
:1060000065CF4092A8035092A9036092AA037092B0
:10601000AB0387E05BCF4092AC035092AD0360923C
:10602000AE037092AF0388E051CF20E030E040E053
:1060300051E4C301B2010E943854181614F40C94B0
:10604000583C80910C178B15A9F182E392E00E94D5
:10605000C72C0E9405220E9438048EE392E00E9421
:10606000C72C8DE492E00E94C72C0E9405228A98DA
:1060700081E00E944328B1101FC00E94663D0E942B
:10608000052280E00E94432880913E15813091F0E6
:10609000B0920C170E94F1108BE592E00E9403076A
:1060A0006B2D70E090E080E00E94C60688E592E0EB
:1060B0000E94030789E00ACF0E94663D90E080E0DD
:1060C000F1E0CF1AD1088C159D0529F4FC01EC5F95
:1060D000FD4F24E02083019685309105A1F70091C2
:1060E000080210E02091070230E04091060250E0E3
:1060F0006091050270E08091040290E00E94351AE0
:1061000082E392E00E94C72C0E9405228EE592E075
:106110000E94C72C8601000F111F000F111F095884
:10612000194EF801E256FF4F60817181828193819F
:1061300043E656E10E948B02F801EA54FF4F60816A
:106140007181828193814FE456E10E948B028FE43A
:1061500096E19F938F9383E696E19F938F9386E6D4
:1061600092E09F938F93EFEFF5E1FF93EF930E94FF
:1061700000568FEF95E10E94C72CF801E253FF4FC4
:1061800060817181828193814BEE55E10E948B0287
:106190008BEE95E19F938F9385E792E09F938F938A
:1061A000EFEFF5E1FF93EF930E9400568FEF95E13B
:1061B0000E94C72C0E94052284EF91E00E94831C5C
:1061C00082E392E00E94C72C0E94052287E892E0B9
:1061D0000E94C72C0FB6F894DEBF0FBECDBF8091D2
:1061E0005315882381F080913A1590913B15A09129
:1061F0003C15B0913D1580934F1590935015A09389
:106200005115B093521503E010E023E030E043E075
:1062100050E063E070E083E090E00E94351A0E9455
:10622000A83C2DCF4092B1035092B2036092B303C9
:106230007092B4039FA591609FA78AE047CE4092D9
:10624000B5035092B6036092B7037092B803AFA53E
:10625000A260AFA78BE03ACE4092B9035092BA0346
:106260006092BB037092BC03BFA5B460BFA78CE073
:106270002DCE80917603813081F49BA9923009F074
:1062800081CD80917503803509F47CCD882309F494
:1062900079CD20FC77CD86E1EDCC8091611581111F
:1062A00071CD20FC55CD80916E1590916F15A09108
:1062B0007015B091711580937F0390938003A09324
:1062C0008103B09382035ECDE89426F88091790330
:1062D000882379F0813009F4C1C068961FAE6897B1
:1062E000E2E06096EFAF6097F1E02E96FFAF2E9759
:1062F0000BC0A2E06896AFAF6897B1E06096BFAF01
:1063000060972E961FAE2E9780917703813051F5BE
:1063100051EBE52E53E0F52E10E000E04FA5C42E22
:10632000D12CC601002E02C0959587950A94E2F7FC
:1063300080FF10C023E333E34BEC51E4D7016D91B0
:106340007D918D919C910E947854F70160837183B7
:10635000828393830F5F1F4FF4E0EF0EF11C073031
:106360001105F9F62BA9233049F480917A03813085
:1063700029F43FA585E2343009F07CCC8CE1E3E9D7
:10638000F5E1DE01119601900D928A95E1F72796CD
:106390008EAD9FAD279791FD6DC0109174031A309B
:1063A00009F47CC01C3509F422C18BA98330F1F1BA
:1063B0009FA59923D9F1009178038091CB159091F5
:1063C000CC15A091CD15B091CE158BAF9CAFADAFD4
:1063D000BEAFB0E6AB2EB5E1BB2E81EBC82E83E09D
:1063E000D82EF12CE12C9FA5892E912CC4010E2CC6
:1063F00002C0959587950A94E2F780FD63C1F50187
:106400008789908DA18DB28DF60180839183A283BF
:10641000B383BFEFEB1AFB0AE4E0AE0EB11CF4E06D
:10642000CF0ED11C27E0E216F10401F71E3109F46A
:1064300097C1153309F4BBC163E873E086E01C31F2
:1064400009F02FC10E947122882331F13FA531113B
:106450008BC124961FAE24971BAAB1C021E0689679
:106460002FAF689760961FAE609732E02E963FAFD1
:106470002E974ACF80917B03873010F08DE1FACBC5
:1064800090916615891709F488CFBE016F5F7F4F21
:106490000E947122811181CF87E0ECCB9FA59111E1
:1064A00002C08AE1E7CBC10180759927892B09F4E5
:1064B00082CC6091A4037091A5038091A603909172
:1064C000A7030E945B550E9499526730B8F68091ED
:1064D0009F03843129F0823009F01ECB27FC1CCBAE
:1064E000662309F478C0615024966FAF249763E85F
:1064F00073E024968FAD24970E947122882361F265
:10650000B0919F03BBAF4090CB155090CC156090DD
:10651000CD157090CE1544E7E42E43E0F42E10E044
:1065200000E0EFA5CE2ED12CC601002E02C095951D
:1065300087950A94E2F780FF37C0F701FD968080C7
:106540009180A280B380FBADF43109F04AC0F8011C
:10655000EE0FFF1FEE0FFF1FE05AFA4EDF01A15BA7
:10656000BF4F2D913D914D915C916789708D818DCB
:10657000928D0E942051A50194010E942051D701C3
:106580001F966D937D938D939C935297023061F487
:10659000A30192010E94205160938B0370938C039E
:1065A00080938D0390938E030F5F1F4FF4E0EF0EE7
:1065B000F11C0730110509F0B7CF2FEA2222809194
:1065C00075038BAF803509F0F9C09FA5992309F4B5
:1065D000FFC08FE14FCBA0917B032496AFAF2497F0
:1065E00086CFF7018786908AA18AB28ADDCF3FA540
:1065F000332309F456CF4090CB155090CC156090C2
:10660000CD157090CE1590E6A92E95E1B92E8E018C
:106610000F5F1F4F21EBC22E23E0D22EF12CE12C75
:10662000832E912CC4010E2C02C0959587950A9457
:10663000E2F780FF3AC0D8012D913D914D915C91D8
:10664000F5016789708D818D928D0E942051D60150
:106650002D913D914D915C910E942051F6016083F6
:10666000718382839383F2E0EF120CC0A301920145
:106670000E9420516093B9037093BA038093BB03C7
:106680009093BC03FFEFEF1AFF0A24E0A20EB11CA7
:106690000C5F1F4F34E0C30ED11C47E0E416F10439
:1066A00009F624961FAE24978ACFF501E15BFF4FD0
:1066B00080819181A281B381F60180839183A2833D
:1066C000B383E0CF153309F4A4CED6014D905D908D
:1066D0006D907C90011134C0F701EE0FFF1FEE0F9B
:1066E000FF1F21E030E02C0F3D1FE20FF31FD5010B
:1066F000A15BBF4F2D913D914D915C916081718166
:10670000828193810E942151A30192010E94215113
:10671000D6016D937D938D939C931397B2E0EB120A
:1067200078CE2BAD3CAD4DAD5EAD0E942151609356
:10673000B9037093BA038093BB039093BC0369CEF3
:10674000A3019201F5016789708D818D928D0E9460
:106750002151D6016D937D938D939C93139759CEC0
:1067600063E873E087E06ECEA0E6B5E1E4E7F3E02E
:1067700090E080E04FA5242F30E0A901082E02C050
:10678000559547950A94E2F740FD0AC057964D91FA
:106790005D916D917C915A974787508B618B728B7D
:1067A0000196149634968730910539F77ACF809107
:1067B0007503823008F475CF8EE15CCAABA9A230B4
:1067C00039F4BBADB11182C0EFA5EE2309F49CC032
:1067D0002FA92170EFA9C101E0FF01C38E7DFBA9A4
:1067E000F1119370892B11F00C946A3C8E01035EB9
:1067F0001F4F8DE0D8011D928A95E9F7222309F4F5
:10680000F1C227968EAD9FAD2797867B892B11F01D
:106810000C946D3C80917403853319F081110C94B4
:106820006D3C80916A1590916B15A0916C15B0919B
:106830006D1589A39AA3ABA3BCA380916915909110
:106840006815892B40917F035091800360918103EB
:10685000709182034D8F5E8F6F8F78A3846089A7BC
:106860008091A0039091A103A091A203B091A303F2
:106870008DA39EA3AFA3B8A78091FC1685FF07C088
:1068800081EB93E00E948A0381110C94703CB80163
:1068900081EB93E00E94B42A80913E1581110BC0D8
:1068A0000E947D0A892B39F080E280933E150E9478
:1068B00097120E945E048CE1E1EBF3E0A7E7B5E1FB
:1068C00001900D928A95E1F780E0D4C920E030E094
:1068D000A90160917F037091800380918103909161
:1068E00082030E941652882309F4D5CCFBADFC38F4
:1068F000B9F060F4F23059F1F33061F1F13009F0A0
:1069000067CF3FA5311164CF1BAA62CF2BAD2E38C4
:1069100039F018F02F3809F05BCF9FA990619FAB39
:106920008BAD8E58823018F4AFA9A860AFABBFA56D
:10693000BB2309F4B6CD4CE150E061EB73E087E78F
:1069400095E10E94F355892B09F042CF79C04FA9F8
:1069500044604FAB8FA5882309F4A3CD2E96BFAD1D
:106960002E97AB2FB0E02B96BFAFAEAF2B976096B4
:10697000FFAD6097EF2FF0E06596FFAFEEAF659744
:1069800081E090E07C012E960FAC2E9702C0EE0CB9
:10699000FF1C0A94E2F760960FAC609702C0880F64
:1069A000991F0A94E2F7E82AF92A2FA5822F90E08E
:1069B0008E219F21892B09F487C7CD01880F991F4C
:1069C000880F991FFC01EF54FC4F805A9A4EDC014E
:1069D00057962D913D914D915C915A9760817181AF
:1069E000828193810E9420512B013C0165968EADDE
:1069F0009FAD6597880F991F880F991FFC01EF5471
:106A0000FC4F805A9A4EDC0157962D913D914D9145
:106A10005C915A9760817181828193810E9420519B
:106A20004B015C0127FE04C1E89427F84CE150E0DB
:106A300061EB73E087E795E10E94F355892B11F430
:106A400081E218C96091A8037091A9038091AA03FB
:106A50009091AB0320917703213071F423E333E36A
:106A60004BEC51E40E9478546093A8037093A903FF
:106A70008093AA039093AB038091A8039091A903FC
:106A8000A091AA03B091AB0323968CAF9DAFAEAF9C
:106A9000BFAF2397A3019201C301B2010E947854B2
:106AA0006F966CAF7DAF8EAF9FAF6F97A5019401CE
:106AB000C501B4010E947854A3966CAF7DAF8EAF30
:106AC0009FAFA39720E030E040E850E423966CAD00
:106AD0007DAD8EAD9FAD23970E94785423962CAD4B
:106AE0003DAD4EAD5FAD23970E9478546F962CADAF
:106AF0003DAD4EAD5FAD6F970E942051A3962CAD7A
:106B00003DAD4EAD5FADA3970E9420516B017C015E
:106B100020E030E0A9010E94165287FDD8C6C701C7
:106B2000B6010E9417556B017C01A3962CAD3DADBB
:106B30004EAD5FADA3976F966CAD7DAD8EAD9FAD45
:106B40006F970E9421510E9417559B01AC01C7010C
:106B5000B60190580E9420526B017C019BAD93308E
:106B600021F4F7FAF094F7F8F09420E030E0A9016E
:106B700023966CAD7DAD8EAD9FAD23970E941652CE
:106B800087FF13C0F7FAF094F7F8F09423968CADD2
:106B90009DADAEADBFAD2397B0588093A803909341
:106BA000A903A093AA03B093AB032B960EAD1FAD20
:106BB0002B97000F111F000F111F08581C4FA50124
:106BC0009401C701B6010E9478549B01AC01C30136
:106BD000B2010E94205120E030E040E05FE30E94DB
:106BE0007854D8011B966D937D938D939C931E973B
:106BF00065960EAD1FAD6597000F111F000F111F99
:106C000008581C4FA3019201C701B6010E94785495
:106C1000A50194010E94215120E030E040E05FE3B3
:106C20000E947854F8016387748785879687D0CD52
:106C3000FFADCF2ED12CEF22FD2083E2EF2809F407
:106C400019C821EF222280917703813059F5F12C68
:106C5000E12CC6010E2C02C0959587950A94E2F7A7
:106C600080FF19C08701000F111F000F111F0C5862
:106C70001C4F23E333E34BEC51E4D8011F966D9195
:106C80007D918D919C9152970E947854F80167876D
:106C9000708B818B928BFFEFEF1AFF0A27E0E216D1
:106CA000F104B9F62B96EEADFFAD2B97EE0FFF1F5B
:106CB000EE0FFF1FE858FC4FC384D484E584F684AC
:106CC000A7019601C301B2010E9420512B013C0192
:106CD0006596EEADFFAD6597EE0FFF1FEE0FFF1F40
:106CE000E858FC4F83859485A585B68523968CAF9F
:106CF0009DAFAEAFBFAF23979C01AD01C501B401FD
:106D00000E9420514B015C01A3019201C301B20119
:106D10000E9478542B013C01A5019401C501B401E6
:106D20000E9478549B01AC01C301B2010E94215121
:106D30000E9417554B015C01A7019601C701B601DE
:106D40000E9478546B017C0123962CAD3DAD4EAD75
:106D50005FAD2397CA01B9010E9478549B01AC0131
:106D6000C701B6010E9421510E9417556B017C0199
:106D7000C092A803D092A903E092AA03F092AB03B9
:106D8000AC019B01C501B4010E9420514B015C0183
:106D9000E894B7F82AE037ED43EA5BE3C501B401B4
:106DA0000E94385418160CF013CD20E030E040E07B
:106DB0005FE3C501B4010E94385418160CF440CEAC
:106DC0002FE632E143E85AE3C701B6010E94785446
:106DD000A50194010E94165287FFFACC31CE8E7D18
:106DE0009C7FFDCC8091FC16F090691581FF12C04C
:106DF0008BAD8150833018F0BFA9B064BFABEFA555
:106E0000EE2309F427C1FBA9F23009F023C12FA911
:106E100020682FAB8091A0039091A103A091A203C1
:106E2000B091A3038093731590937415A093751577
:106E3000B09376158DA39EA3AFA3B8A780917603D8
:106E400080936115882311F088E089A780917F03E2
:106E500090918003A0918103B091820380936E157D
:106E600090936F15A0937015B09371158D8F9E8FB1
:106E7000AF8FB8A38090AC039090AD03A090AE0309
:106E8000B090AF03A501940160916A1570916B15E4
:106E900080916C1590916D150E9416529FA9907467
:106EA000E92E811103C0AFA9A5FF1FC0FF2069F023
:106EB000BFA9B7FD0AC040E050E0BA01E11002C02E
:106EC000B501A4018F2D0E943F228091AC039091C7
:106ED000AD03A091AE03B091AF0380936A15909378
:106EE0006B15A0936C15B0936D15E1100CC08091DB
:106EF0006A1590916B15A0916C15B0916D1589A3D1
:106F00009AA3ABA3BCA380910C17809372158091B8
:106F10007E0390916915981751F049A15AA16BA170
:106F20007CA10E943F2280917E038093691589A5F0
:106F300090916915892B89A780917403843009F495
:106F4000A0C080917903809364158091770380932A
:106F50006215EBA9E330C1F580917A038093651542
:106F6000811108C01092B9031092BA031092BB03AA
:106F70001092BC03C090B903D090BA03E090BB0359
:106F8000F090BC03A70196016091CB157091CC15D0
:106F90008091CD159091CE150E9416528823A1F0B4
:106FA000C092CB15D092CC15E092CD15F092CE15B3
:106FB000C0920D17D0920E17E0920F17F092101793
:106FC0000E94F1100E943A2280917B0390916615F5
:106FD000981769F0809366158CE1FE013196A3E95C
:106FE000B5E101900D928A95E1F70E943A228091D5
:106FF00078038093631580917403863209F4B5C0D9
:1070000008F072C08C3109F496C08E3109F493C037
:107010008A3009F476C080917503809360158035BD
:1070200009F4ABC3BBA9B23009F0A7C3813009F0A2
:10703000B0C0BE01635E7F4F81EB93E00E94B42A33
:107040008CE1E1EBF3E0A7E7B5E101900D928A95C1
:10705000E1F793C330E1F312DDCE9FA990748091E4
:1070600060158150833038F4992309F4D3CE4FA9A9
:1070700040624FABCFCE9111CDCE8FA980628FAB46
:10708000C9CE80913E15823009F45BCFC090A40335
:10709000D090A503E090A603F090A7030E940522DC
:1070A00020E030E040EA51E4C701B6010E94785484
:1070B0000E94FF510E9499527B01E114F10409F4EE
:1070C00040CFF1E0EF1AF10880913F15811139CFDF
:1070D0000E94FB202FEF30E742E02150304040403B
:1070E000E1F700C00000E9CF8C3509F444C08636D2
:1070F00009F447C0883209F08ECF67E775E187E071
:1071000037C063E873E024968FAD24970E945D2218
:107110008091661524969FAD249789137CCF8CE1CE
:10712000E3E8F3E0A3E9B5E101900D928A95E1F778
:107130000E943A2270CF89A5816089A7ABA9AA23B2
:1071400029F0B80181EB93E00E94B42AB80183E8EA
:1071500093E00E94B42A8CE1E3E8F3E0A7E7B5E10D
:1071600001900D928A95E1F756CF67E775E186E0C9
:107170000E945D2250CF8CE1E1EBF3E0AFEAB5E194
:10718000D3CFEFEAF5E18CE1DF011D928A95E9F7B3
:10719000CFCF811105C089A5816089A7B8014CCFE7
:1071A0008250823008F0BFC28091A8039091A90359
:1071B000A091AA03B091AB038BAB9CABADABBEABC4
:1071C0002E96AFAD2E9794E0A99F70011124F70180
:1071D000E958FA4EFCAFEBAF97012D573C4F25967F
:1071E0003FAF2EAF2597D9014D905D906D907C906B
:1071F0002081318142815381C301B2010E9421511A
:1072000029966CAF7DAF8EAF9FAF29976096EFAD9B
:107210006097B4E0EB9F80011124980129583A4E01
:1072200021963FAF2EAF2197C8018D579C4F2F96C7
:107230009FAF8EAF2F97DC018D909D90AD90BC904D
:10724000F9012081318142815381C501B4010E943D
:10725000215163966CAF7DAF8EAF9FAF639777FA86
:10726000709477F87094D501C401B0588FA798AB8B
:10727000A9ABBAABF701EF54FC4F29962CAD3DAD4D
:107280004EAD5FAD299760817181828193810E94AB
:1072900020516B017C01F801EF54FC4F63962CAD3B
:1072A0003DAD4EAD5FAD6397608171818281938109
:1072B0000E9420514B015C01A7019601C301B2015C
:1072C0000E9478542D966CAF7DAF8EAF9FAF2D97F7
:1072D000A50194016FA578A989A99AA90E9478545B
:1072E0009B01AC012D966CAD7DAD8EAD9FAD2D9704
:1072F0000E9421512D966CAF7DAF8EAF9FAF2D9721
:10730000A5019401C301B2010E9478544B015C01B4
:10731000A70196016FA578A989A99AA90E94785416
:107320009B01AC01C501B4010E9420512D962CADEA
:107330003DAD4EAD5FAD2D970E94A0516B017C011C
:107340009FA992FF72C127E137EB41E558EBC701D6
:10735000B6010E94385487FD0AC02BED3FE049EC8E
:1073600050E4C701B6010E9420516B017C0180905E
:10737000F0169090F116A090F216B090F3162BA98B
:107380003CA94DA95EA9CA01B9010E942151A501DC
:1073900094010E942051A50194010E9478540E94FA
:1073A00017554B015C0120E030E040E05FE3C7018E
:1073B000B6010E9478542BA93CA94DA95EA90E9450
:1073C00078549F77A50194010E9420520E94055392
:1073D0000E9499522B967FAF6EAF2B97DB01AB2BA0
:1073E00009F427CE19A590E080E00E94C8524B0115
:1073F0005C0113FF0EC0AC019B016D8D7E8D8F8DE6
:1074000098A10E9478546D8F7E8F8F8F98A3177FDD
:1074100019A7A5019401C701B6010E9420526FABC4
:1074200078AF89AF9AAF6896EFAD6897B4E0EB9FFD
:10743000C00111248C0109581A4E8F549C4FD80159
:107440002D913D914D915C91FC0160817181828112
:1074500093810E942051A50194010E9420526F96B1
:107460006CAF7DAF8EAF9FAF6F972FA938AD49AD91
:107470005AADCA01B9010E9478549B01AC0160E089
:1074800070E080E090E40E9420516B017C012BEAC7
:107490003AEA4AE25EE36FA978AD89AD9AAD0E94FF
:1074A00078544B015C0120E030E040E850E4C70133
:1074B000B6010E9421519B01AC01C501B4010E949B
:1074C000785467966CAF7DAF8EAF9FAF679720E023
:1074D00030E040E05FE3C701B6010E9478546B964C
:1074E0006CAF7DAF8EAF9FAF6B971BAA2224239406
:1074F000312C2B96EEADFFAD2B97E215F30509F479
:1075000098CDFBA9FC3008F0A4C0A30192016796B6
:107510006CAD7DAD8EAD9FAD67970E9478546B01C9
:107520007C012FA538A949A95AA96B966CAD7DADF0
:107530008EAD9FAD6B970E9478549B01AC01C70143
:10754000B6010E9421517B016C01A30192016B964F
:107550006CAD7DAD8EAD9FAD6B970E9478544B01A5
:107560005C012FA538A949A95AA967966CAD7DADD4
:107570008EAD9FAD67970E9478549B01AC01C50109
:10758000B4010E9420512B013C012BA92F5F2BAB92
:10759000470156018FA698AAA9AABAAAA3019201E7
:1075A00029966CAD7DAD8EAD9FAD29970E9421517E
:1075B000EBADFCAD60837183828393832FA538A9E3
:1075C00049A95AA963966CAD7DAD8EAD9FAD639709
:1075D0000E9421512196AEADBFAD21976D937D9351
:1075E0008D939C9313976F962CAD3DAD4EAD5FADD3
:1075F0006F97F80160817181828193810E9421518E
:10760000D8016D937D938D939C931397BE01635E18
:107610007F4F87E795E10E94B42A80913F15811141
:107620000FCDBFEF2B1A3B0A64CF27E137EB41E5C3
:1076300058E3C701B6010E94165218160CF497CEF3
:107640002BED3FE049EC50E4C701B6010E94215107
:107650008CCEB10190E080E00E94C8522FA938ADD5
:1076600049AD5AAD0E9478546B017C010E941B52B7
:107670006FA778AB89AB9AABC701B6010E940955D9
:107680004B015C012596AEADBFAD2597CD90DD9049
:10769000ED90FC90F7FAF094F7F8F0942F96AEADD9
:1076A000BFAD2F978D919D910D90BC91A02D8BAB6F
:1076B0009CABADABBEABA70196016FA578A989A91C
:1076C0009AA90E9478542B013C012BA93CA94DA9F1
:1076D0005EA9C501B4010E9478549B01AC01C301AD
:1076E000B2010E9421512B013C01A7019601C50165
:1076F000B4010E9478546B017C012BA93CA94DA9CF
:107700005EA96FA578A989A99AA90E9478549B01BE
:10771000AC01C701B6010E9420516FA778AB89ABBD
:107720009AAB1BAA3BCF89A5846089A780913E159F
:10773000823009F485CC0E94052280913F15811189
:107740001CC0FFA9F071FF2E109243152FA923FB37
:10775000882780F90E946E05809109018C709091B4
:107760003A09891729F184E00E9471030E94DE1D05
:107770000E94FB2080E00E946E0580917C03809334
:107780006715882311F40C943A2E0E9405228091EB
:10779000671590913E15833009F04DC0923029F065
:1077A00088E00E9481030E94FB20109267158CC81C
:1077B000B80181EB93E00E94B42A81E080935709DD
:1077C00082E00E9481030E94FB2080913F1581117D
:1077D000D4CF80913E158111F6CF80915709813029
:1077E00031F5FF2001F18CE1EFECF5E1ABE3B9E01D
:1077F00001900D928A95E1F71092570980E00E945E
:107800006E050E94FB200E94AC1C0E9477110E9412
:10781000F7090E94B40980914315882309F410CC1C
:107820000E949010AACF85E00E947103E5CF81E00D
:1078300080934315E1CF81E0809360151092641529
:1078400010926315109261151092661510926915C9
:107850001092681584E680934515809346158093B1
:107860004715923089F063E975E180E00E9471224A
:10787000882311F40C944C320E943A2240E050E0EC
:10788000BA0180E00E94401D85E893E00E94030752
:1078900081E293E00E9403070E94A50986CF81E060
:1078A0000C943A2E82E00C943A2E88E10C943A2EF5
:1078B00086E20C943A2E89E10C943A2E84E00C94E2
:1078C0003A2E8BE10C943A2E80E20C943A2E82E20E
:1078D0000C943A2E84E20C943A2E80E10C943A2EC9
:1078E0008FE00C943A2ECF93DF93C0E08C2F0E9450
:1078F0001622811116C01092AD178EE30E94550515
:107900008DEA97E10E94EB098AE30E94550587E022
:107910000E94C307C13019F4DF91CF910895C1E0EF
:10792000E5CF8091AD178823A9F38DEA97E10E94F6
:10793000C72CD82F8EE30E9455058DEA97E10E944F
:10794000EB098AE30E9455058D2F0E94CF07E2CFF5
:10795000AF92BF92CF92DF92EF92FF920F931F935D
:10796000CF93DF93CDB7DEB76C970FB6F894DEBF39
:107970000FBECDBF87EB94E00E94030784EB94E039
:107980000E94030782E392E00E94C72C60912917AE
:1079900070912A1780912B1790912C1743E656E18E
:1079A0000E948B026091411770914217809143179A
:1079B000909144174FE456E10E948B028FE496E1C8
:1079C0009F938F9383E696E19F938F9386E692E051
:1079D0009F938F930FEF15E11F930F930E94005613
:1079E000C8010E94C72C6091591770915A17809155
:1079F0005B1790915C174BEE55E10E948B028BEE6A
:107A000095E19F938F938AE892E09F938F931F93C2
:107A10000F930E940056C8010E94C72C86E992E08D
:107A20000E94C72C8BEA92E00E94C72C80EB92E068
:107A30000E94C72C6FEC75E1CE0101960E94FC03F9
:107A4000C984DA84EB84FC8401E117E1F801208128
:107A5000318142815381C701B6010E9420512DE03E
:107A6000A22E27E1B22EF50120813181428153817E
:107A70000E9421516093CB157093CC158093CD1546
:107A80009093CE15F5016083718382839383F8010F
:107A9000C082D182E282F38282E392E00E94C72C0C
:107AA0000FB6F894DEBF0FBECDBF6C960FB6F8943C
:107AB000DEBF0FBECDBFDF91CF911F910F91FF9021
:107AC000EF90DF90CF90BF90AF9008952F923F92AC
:107AD0004F925F926F927F928F929F92AF92BF92DE
:107AE000CF92DF92EF92FF920F931F93CF93DF938A
:107AF000CDB7DEB7C357D1090FB6F894DEBF0FBEBE
:107B0000CDBF4DB65EB620910C172150330B90E0DF
:107B100080E0F901EC5FFD4F44E02817390709F4D4
:107B20004083019685309105C1F70091080210E06D
:107B30002091070230E04091060250E0609105027A
:107B400070E08091040290E00E94351A88EA94E087
:107B50000E94030760910C1770E090E080E00E94A3
:107B6000C60685EA94E00E94030782E392E00E9441
:107B7000C72C8CEB92E00E94C72C0E940522E0915A
:107B80000C17EE2309F472C1E150FF0BEE0FFF1F3B
:107B9000EE0FFF1FEB5EF84E608171818281938151
:107BA00043E656E10E948B02E0910C17E150FF0B77
:107BB000EE0FFF1FEE0FFF1FE35DF84E6081718136
:107BC000828193814FE456E10E948B028FE496E11B
:107BD0009F938F9383E696E19F938F9386E692E03F
:107BE0009F938F930FEF15E11F930F930E94005601
:107BF000C8010E94C72CE0910C17E150FF0BEE0F5B
:107C0000FF1FEE0FFF1FEB5BF84E608171818281D9
:107C100093814BEE55E10E948B028BEE95E19F9391
:107C20008F9385E792E09F938F931F930F930E940A
:107C30000056C8010E94C72C82E392E00E94C72C24
:107C40000E94052287E892E00E94C72C2DB73EB71C
:107C5000225F3F4F0FB6F8943EBF0FBE2DBF8091FD
:107C60005315882309F4F6C060913A1570913B15BD
:107C700080913C1590913D1500914F151091501534
:107C80002091511530915215601B710B820B930B93
:107C90002CE330E040E050E00E94AF55190182E350
:107CA00092E00E94C72C0E94052280E00E940D29CC
:107CB0008E010F5A1F4FE0910C17E150FF0BEE0F92
:107CC000FF1FEE0FFF1FE35DF84E20E030E040EFB6
:107CD00051E460817181828193810E942051A801C9
:107CE0000E948B021F930F9384EC92E09F938F93DB
:107CF000005511091F930F930E940056C8010E945E
:107D0000C72C0E94052200910C178CE0E6E2F2E0FD
:107D1000DE01AB59BF4F01900D928A95E1F70E94A9
:107D2000601110E0380194E0660C771C9A95E1F739
:107D30000F900F900F900F900F900F9033E0E296FE
:107D40003FAFE29785E690E08C0F9D1F0C96E4967E
:107D50009FAF8EAFE49783010959194E680194EFE4
:107D6000C90ED11C0B501F4F9E012B593F4F79015B
:107D7000F70181917F010E942005E4962EAD3FAD71
:107D8000E4972E153F05A1F7F12CE12CF701E60D44
:107D9000F71DE35BF84E80810E9420053FEFE31A58
:107DA000F30A8EE0E816F10489F7F601E080F801A5
:107DB0008081FE2CE82EE20CF31C8F2D0E94200502
:107DC000FE2DFF70EF2E8F2F0E94200585E50E946B
:107DD0002005F601F082F801E08284E690E00E943E
:107DE000831C0E94F6048A3A19F50E94F604ADB687
:107DF000BEB6882E912C2DB73EB7281939090FB67B
:107E0000F8943EBF0FBE2DBFEDB7FEB731967F0190
:107E1000682FCF010E94E004E80CF91CF7013197AC
:107E20008081853579F00FB6F894BEBE0FBEADBE29
:107E3000E296FFADE297F150E296FFAFE297F111C3
:107E400093CF05C00FB6F894BEBE0FBEADBE81E0A5
:107E50000E940D2903E010E023E030E043E050E011
:107E600063E070E083E090E00E94351A0FB6F8946A
:107E70005EBE0FBE4DBECD58DF4F0FB6F894DEBFCD
:107E80000FBECDBFDF91CF911F910F91FF90EF906B
:107E9000DF90CF90BF90AF909F908F907F906F902A
:107EA0005F904F903F902F9008951F920F920FB6C2
:107EB0000F9211248F939F9380910601809588786B
:107EC00090913515981749F08093351580910302EC
:107ED0008093341581E0809333159F918F910F909B
:107EE0000FBE0F901F9018951F920F920FB60F9212
:107EF00011248F939F9392B1809158098E7F917036
:107F0000892B82B915BC9F918F910F900FBE0F9056
:107F10001F9018951F920F920FB60F9211240BB657
:107F20000F920F931F932F933F934F935F936F93F2
:107F30007F938F939F93AF93BF93EF93FF93809122
:107F40005A09811173C398B180917A098E7F91701B
:107F5000892B88B982B1817090917909892B82B976
:107F60008091780986BD82E085BD81E080935A09C1
:107F7000789480919C0990919D09892B09F0F8C013
:107F8000809179139091CB13981709F43FC3809196
:107F9000791398E0899FD0011124FD01E558FC4E2A
:107FA000F0939D09E0939C092281338130938900ED
:107FB000209388002081318130939809209397097C
:107FC000E481209199092E17A1F1E093990982E2A9
:107FD000E89FF0011124E253FC4EF0939B09E093DB
:107FE0009A09448D558D668D778D76956795579551
:107FF00047954093630950936409609365097093B2
:10800000660940935F09509360096093610970931A
:10801000620940935B0950935C0960935D0970931A
:108020005E094093670950936809609369097093EA
:108030006A09E0919A09F0919B0920A130915909B0
:10804000232720937A09A558BC4E15969C91159725
:108050004081518162817381092E04C076956795B4
:10806000579547950A94D2F740937B0950937C0922
:1080700060937D0970937E09448155816681778183
:10808000092E04C076956795579547950A94D2F7BF
:1080900040937F095093800960938109709382090E
:1080A0004085518562857385092E04C07695679554
:1080B000579547950A94D2F74093830950938409C2
:1080C0006093850970938609448555856685778513
:1080D000092E04C076956795579547950A94D2F76F
:1080E00040938709509388096093890970938A099E
:1080F0004089518962897389092E04C076956795F4
:10810000579547950A94D2F740938B0950938C0961
:1081100060938D0970938E094489558966897789A2
:10812000092E04C076956795579547950A94D2F71E
:1081300040938F095093900960939109709392092D
:10814000408D518D628D738D04C0769567955795DE
:1081500047959A95D2F74093930950939409609369
:1081600095097093960916968D919C910E947004C2
:10817000809157098130B9F4809109018C709091F8
:108180003A09891781F0109257098CE1EFECF5E17B
:10819000ABE3B9E001900D928A95E1F78091391532
:1081A0008064809339151092790940915B09509150
:1081B0005C0960915D0970915E0980917B099091E5
:1081C0007C09A0917D09B0917E09480F591F6A1F53
:1081D0007B1F40935B0950935C0960935D0970932A
:1081E0005E09E0919A09F0919B09848D958DA68D89
:1081F000B78D84179507A607B70730F524E02093BD
:108200007909481B590B6A0B7B0B40935B09509310
:108210005C0960935D0970935E094091CF155091A0
:10822000D0156091D1157091D21520A127FF13C2EE
:1082300041505109610971094093CF155093D015F0
:108240006093D1157093D21540915F0950916009E8
:10825000609161097091620900917F091091800914
:108260002091810930918209400F511F621F731FB5
:1082700040935F09509360096093610970936209AC
:1082800084179507A607B70740F52091790928605C
:1082900020937909481B590B6A0B7B0B40935F09AC
:1082A0005093600960936109709362094091D315FE
:1082B0005091D4156091D5157091D61520A126FF47
:1082C000CFC141505109610971094093D3155093B1
:1082D000D4156093D5157093D615409163095091CC
:1082E0006409609165097091660900918309109194
:1082F00084092091850930918609400F511F621F22
:10830000731F4093630950936409609365097093E8
:10831000660984179507A607B70740F520917909E4
:10832000206120937909481B590B6A0B7B0B409302
:1083300063095093640960936509709366094091DD
:10834000D7155091D8156091D9157091DA1520A1E3
:1083500025FF8BC141505109610971094093D7151F
:108360005093D8156093D9157093DA154091670929
:10837000509168096091690970916A0900918709B3
:10838000109188092091890930918A09400F511F65
:10839000621F731F409367095093680960936909CE
:1083A00070936A0984179507A607B70740F52091CF
:1083B0007909206220937909481B590B6A0B7B0BC2
:1083C00040936709509368096093690970936A093B
:1083D0004091DB155091DC156091DD157091DE1533
:1083E00020A124FF47C141505109610971094093FF
:1083F000DB155093DC156093DD157093DE1540910D
:108400006B0950916C0960916D0970916E09009132
:108410008B0910918C0920918D0930918E09400FA4
:10842000511F621F731F40936B0950936C09609337
:108430006D0970936E0984179507A607B70740F575
:1084400020917909206420937909481B590B6A0B04
:108450007B0B40936B0950936C0960936D0970938B
:108460006E094091DF155091E0156091E115709112
:10847000E21520A123FF03C141505109610971098F
:108480004093DF155093E0156093E1157093E2156A
:1084900040916F0950917009609171097091720952
:1084A00000918F09109190092091910930919209C2
:1084B000400F511F621F731F40936F095093700943
:1084C000609371097093720984179507A607B7071F
:1084D00040F520917909206820937909481B590BB0
:1084E0006A0B7B0B40936F0950937009609371097D
:1084F000709372094091E3155091E4156091E51570
:108500007091E61520A122FFBFC0415051096109B9
:1085100071094093E3155093E4156093E51570934A
:10852000E615409173095091740960917509709135
:108530007609009193091091940920919509309141
:108540009609400F511F621F731F40937309509388
:108550007409609375097093760984179507A607C7
:10856000B70738F520917909226020937909481BD3
:10857000590B6A0B7B0B40937309509374096093FA
:108580007509709376098091E7159091E815A0918F
:10859000E915B091EA1520A121FF7BC00197A1093F
:1085A000B1098093E7159093E815A093E915B0936E
:1085B000EA1580913E15843039F4809144159091EC
:1085C0007909892380937909809197099091980975
:1085D00001979093980980939709892B69F41092D9
:1085E0009D0910929C09809179138F5F8093791374
:1085F0008A3011F410927913809179099091580979
:1086000089278093790910925A0910C00E948D1C05
:10861000E0919A09F0919B0981A1882321F090E0D3
:1086200080E00E94700484E00E948103FF91EF913A
:10863000BF91AF919F918F917F916F915F914F917A
:108640003F912F911F910F910F900BBE0F900FBE76
:108650000F901F9018954F5F5F4F6F4F7F4FECCD7E
:108660004F5F5F4F6F4F7F4F30CE4F5F5F4F6F4F0A
:108670007F4F74CE4F5F5F4F6F4F7F4FB8CE4F5FCE
:108680005F4F6F4F7F4FFCCE4F5F5F4F6F4F7F4FFE
:1086900040CF0196A11DB11D84CF1F920F920FB63E
:1086A0000F9211248F93809135098F5F8093350944
:1086B0008F910F900FBE0F901F9018951F920F92E1
:1086C0000FB60F9211240BB60F928F939F93EF93D7
:1086D000FF9380913208E82FF0E0EE5CF84F908134
:1086E0009093D6008F5F8093320890913107981352
:1086F00005C08091D1008F7D8093D100FF91EF91D3
:108700009F918F910F900BBE0F900FBE0F901F90F7
:1087100018951F920F920FB60F9211248F939F936B
:108720008091D600809130078F5F90912F0798132A
:10873000809330079F918F910F900FBE0F901F90E5
:1087400018951F920F920FB60F9211240BB60F922D
:108750008F939F93EF93FF9380912E07E82FF0E084
:10876000E25DF94F90819093CE008F5F80932E074A
:1087700090912D06981305C08091C9008F7D80933C
:10878000C900FF91EF919F918F910F900BBE0F90B9
:108790000FBE0F901F9018951F920F920FB60F9259
:1087A00011240BB60F922F938F939F93EF93FF9308
:1087B0009091CE00E091340981E08E0F2091330931
:1087C000281731F0F0E0ED5CF74F90838093340987
:1087D000FF91EF919F918F912F910F900BBE0F9072
:1087E0000FBE0F901F9018951F920F920FB60F9209
:1087F00011240BB60F922F933F934F935F936F9378
:108800007F938F939F93AF93BF93EF93FF93E091E9
:10881000C600E13209F450C008F02EC0E83109F476
:1088200034C0E7FF77C0E458EE3108F030C0F0E024
:108830008827E25EFB4B8F4F0C94D1555E44604419
:1088400047444744474447444744474447444744D0
:108850004744474466446A446C446E4470447244DE
:1088600074447644474478447C447E448044824443
:108870008444474486448844EF33E1F082E0EE3795
:1088800009F0CFCF0E94810302C00E94DE1DFF913C
:10889000EF91BF91AF919F918F917F916F915F9178
:1088A0004F913F912F910F900BBE0F900FBE0F90E5
:1088B0001F90189581E0E6CF88E0E4CF80E2E2CF18
:1088C00080913E1585FFE3CF80E4DCCF81E00E94FC
:1088D0006803DDCF82E0FBCF84E0F9CF88E0F7CFFB
:1088E00080E1F5CF80E2F3CF80E4F1CF80E8EFCFF5
:1088F00081E00E945F03CBCF82E0FBCF84E0F9CF21
:1089000088E0F7CF80E1F5CF80E2F3CF80E4F1CFCC
:1089100080E8EFCFA0912C0681E08A0F90912B0682
:10892000981709F4B4CFB0E0A55DBA4FEC938093EB
:108930002C06ADCF1F920F920FB60F9211240BB6DB
:108940000F928F939F93EF93FF9380912A05E82FC7
:10895000F0E0E65DFB4F90819093C6008F5F8093BF
:108960002A0590912904981305C08091C1008F7D3C
:108970008093C100FF91EF919F918F910F900BBE5B
:108980000F900FBE0F901F9018951F920F920FB669
:108990000F9211240BB60F92CF92DF92EF92FF92BB
:1089A0000F931F932F933F934F935F936F937F93F7
:1089B0008F939F93AF93BF93EF93FF93CF93DF93E7
:1089C000CDB7DEB72897DEBFCDBF809160008F7B2B
:1089D0008093600080913E15813041F1809138157F
:1089E000811124C013B110951E7701F10E94DE1D84
:1089F000CE0101967C010896F701212F2170219369
:108A00001695E817F907C9F78F01F80182918F01D0
:108A1000805D0E945505E016F106B9F70FB6F8948F
:108A2000DEBF0FBECDBF81E00E94710328960FB656
:108A3000F894DEBF0FBECDBFDF91CF91FF91EF91D4
:108A4000BF91AF919F918F917F916F915F914F9166
:108A50003F912F911F910F91FF90EF90DF90CF905A
:108A60000F900BBE0F900FBE0F901F9018951F9286
:108A70000F920FB60F9211248F938091600086FDA4
:108A800005C0809160008064809360008F910F909A
:108A90000FBE0F901F9018951F920F920FB60F9256
:108AA00011240BB60F922F933F934F935F936F93C5
:108AB0007F938F939F93AF93BF93EF93FF93809197
:108AC000D8039091D903843F914008F0F1C0809180
:108AD000D8039091D90301969093D9038093D8033A
:108AE0008091D8039091D903C29709F09BC081E08F
:108AF0008093DF038093DE038093020280915315FD
:108B00008823E1F18091D4039091D503A091D603FD
:108B1000B091D70380399F45A140B10508F4CDC07D
:108B20001092D4031092D5031092D6031092D7035B
:108B30008F9880915A15882309F14091D003509164
:108B4000D1036091D2037091D3034033554761053F
:108B5000710508F0D5C08091D0039091D103A09108
:108B6000D203B091D3030196A11DB11D8093D00310
:108B70009093D103A093D203B093D3038091CE03FB
:108B80009091CF03843F914008F0D1C08091CE03F3
:108B90009091CF0301969093CF038093CE03809161
:108BA0003315882321F18091341581508093341539
:108BB0008091341581111BC080910601809583FB43
:108BC000992790F99093551510925D15909138154D
:108BD000911107C087FD05C00E94DE1D81E00E9443
:108BE00071031092331580910302809334158091A4
:108BF000CD038F5F843608F0A8C08093CD03FF912A
:108C0000EF91BF91AF919F918F917F916F915F9104
:108C10004F913F912F910F900BBE0F900FBE0F9071
:108C20001F9018958091D8039091D90384369105AF
:108C300031F41092DF031092DE0381E05DCF80916A
:108C4000D8039091D903883C910541F481E0809349
:108C5000DD038093DC038093010250CF8091D80321
:108C60009091D9038A3F910531F41092DD0310925F
:108C7000DC0381E0F0CF8091D8039091D9038C324E
:108C8000914041F481E08093DB038093DA03809389
:108C9000000234CF8091D8039091D9038E35914052
:108CA00009F02CCF1092DB031092DA0381E0EFCFB2
:108CB0001092D9031092D80321CF8091D4039091C0
:108CC000D503A091D603B091D7030196A11DB11D84
:108CD0008093D4039093D503A093D603B093D70386
:108CE0008091D4039091D503A091D603B091D7037E
:108CF00080329844A140B10509F01BCF8F9A19CF5B
:108D0000813079F489980E94380482E080935A1562
:108D10001092D0031092D1031092D2031092D30379
:108D20002DCF8230A9F78A98899A81E0EFCF1092EF
:108D3000CF031092CE0389B18695817080935B1525
:108D400089B1817080935C152ACF1092CD038091F8
:108D50003A1590913B15A0913C15B0913D150196A7
:108D6000A11DB11D80933A1590933B15A0933C151E
:108D7000B0933D1544CFCF93DF93CDB7DEB7C55940
:108D8000D1090FB6F894DEBF0FBECDBF9A9A819A73
:108D9000829A879A9D9A6B9A80910101886080934C
:108DA00001018091010180628093010180910101A4
:108DB000806480930101089A839A579A0E944B110C
:108DC000F894109220011092210110922501109226
:108DD000240183EC99E090932901809328018091EC
:108DE000210188608093210180912101836080931B
:108DF0002101809173008260809373007894519870
:108E0000599A5098589A8091C00082608093C0000F
:108E10001092C50080E18093C4008091C1008869F0
:108E20008093C1008091C80082608093C800109236
:108E3000CD0082E28093CC008091C9008869809344
:108E4000C9008091D0008D7F8093D0001092D50012
:108E500087E68093D4008091D10088698093D10007
:108E600090E080E00E94FE108A3009F452C187E051
:108E70000E94C3078FEF0E9492220E94480881B18E
:108E80008E6F81B987B18E6F87B9809181008F7E97
:108E9000809381008091810088608093810080911F
:108EA00080008C7F80938000809180008F70809301
:108EB000800080916E00887F80936E0014BC15BC8A
:108EC00080916E00816080936E00809107018777AA
:108ED0008093070180910801877780930801809132
:108EE0006D00886880936D00809168008460809335
:108EF000680078944E0129E8820E911C6E013DE6CF
:108F0000C30ED11CEEE3F5E182E2DF011D928A95EA
:108F1000E9F781E080933E1584E6809345158093C0
:108F200046158093471580913A1590913B15A09175
:108F30003C15B0913D1580934F1590935015A0931B
:108F40005115B0935215109257091092391510927D
:108F50003815109236151092371580912C06809393
:108F60002B06E0E6F5E18BE6DF011D928A95E9F735
:108F700080910D1790910E17A0910F17B0911017B7
:108F80008093CB159093CC15A093CD15B093CE15AF
:108F900063E975E180E00E947122811103C087E0DE
:108FA0000E94C3070E94A91D0E94D60F80910A014A
:108FB0008C7F80930A0180910B01836080930B0169
:108FC00085988D9A86988E9A80910A018F7C8093DD
:108FD0000A0180910B01806380930B0180910A014B
:108FE000837F80930A0180910B018C6080930B0139
:108FF00080E00E946E050E944B110E9477110E9432
:10900000AC1C6C9A749A80910A01806880930A0162
:1090100080910A01806480930A01999A989A01E0EC
:1090200010E021E030E041E050E061E070E081E0FC
:1090300090E00E94351A81E00E94E81A0E94F70928
:109040000E9490108091FC1683FF11C00E94B00F07
:10905000882369F081E080933E1585E893E00E94C3
:1090600003078FE293E00E9403070E94A509809105
:109070003E15817809F459C085E893E00E94030702
:109080008AE693E00E9403070E94A50981E080938D
:109090003E1510E000E01E01B1E82B0E311C80915E
:1090A0000202882349F04091DF036091DE0380E0F3
:1090B0000E94D41B1092020280910102882349F081
:1090C0004091DD036091DC0381E00E94D41B10928B
:1090D000010280910002882349F04091DB036091F6
:1090E000DA0382E00E94D41B10920002FE01319646
:1090F0005F0190912B0680912C0698130C94F950E7
:109100000E942E0D0E94FB2080913F15882339F28A
:10911000F9CE46E351E061E070E087E796E10E9416
:109120000611892B09F0ABCEA2CE10923E1580918C
:1091300006010E94733CADCF843211F00C94BC50F8
:1091400081E0CF56DF4F8883C159D04088E0D401F9
:109150001D928A95E9F78091AE17863409F443C2CF
:10916000BCF5813409F459C01CF5882309F485C085
:10917000843209F4D4C290913E15923008F0DEC3D7
:10918000893409F43DC50CF0C0C3833209F4D8C357
:10919000883409F436C410E0A601BE016F567F4F33
:1091A0008DEA97E10E94F70E8111DAC512E066C0E0
:1091B000833409F4B4C20CF4B0C18534E1F681E023
:1091C0000E9443280E94A83C80E00E94432855C08A
:1091D000833509F47EC1ACF4873409F4A0C28A3423
:1091E00051F680913E158F7D09F0A8C38091AF178D
:1091F0008D3309F052C08DEA97E10E94C72C182FD9
:109200003DC0863509F462C1883509F488C28435C9
:1092100009F0B1CF0E94FA0730C08091AF178111D9
:1092200030C08EED92E00E9403078DE597E10E9429
:1092300011078CED92E00E9403078DE697E10E94F2
:1092400011078CED92E00E9403078DE797E10E94E1
:1092500011078CED92E00E9403078DE897E10E94D0
:1092600011078CED92E00E9403078DE997E10E94BF
:10927000110787ED92E00E94030710E0812F0C9404
:109280001D511091B0171111F0C0823541F0843595
:1092900009F4A1C0813409F4D7C013E0EFCF82E311
:1092A00092E00E94C72C81E00E9443280E94052280
:1092B00080E00E940D29EDE2F7E1CE56DF4FF98301
:1092C000E883C259D0404DE5E42E47E1F42E54E046
:1092D000652E52E0752E512C68E0462ED101E42D0A
:1092E0001D92EA95E9F7CE56DF4FA881B981C259A0
:1092F000D0406D917D918D919D91CE56DF4FB98378
:10930000A883C259D04020E030E04CE052E40E94F3
:109310002051A6010E948B02DF92CF92E4ECF2E092
:10932000FF93EF93BF92AF920E940056C5010E9437
:10933000C72C0E940522C1010E94051E80E1F10197
:10934000D70101900D928A95E1F780ED92E00E949D
:1093500003075394852D0E94DE068DEC92E00E9457
:109360000307C7010E94110789EC92E00E940307DE
:109370000F900F900F900F900F900F90D7018C913E
:10938000811125C0F30110820091080210E02091A4
:10939000070230E04091060250E06091050270E063
:1093A0008091040290E00E94351AF0E1EF0EF11C6A
:1093B0002FEF621A720A35E0531290CF81E00E94BB
:1093C0000D2980E00E9443280E94F11056CFE3E06F
:1093D000D301EC93D9CF40903A1550903B15609053
:1093E0003C1570903D1580914F1590915015A091AE
:1093F0005115B0915215A3019201281B390B4A0B4C
:109400005B0BCA01B9012CE330E040E050E00E9460
:10941000AF5540924F155092501560925115709271
:109420005215CA01B901882799270E945F0680ED6D
:1094300092E00E94EB09C301B2010E945F0680ED39
:1094400092E00E94EB0919CF8BEB92E00E94030798
:109450008FB186FB882780F90E94DE0689EB92E0B7
:109460000E94030786EB92E006CF9091B11791110D
:109470002DC01053163008F010CF8734C1F082355C
:1094800009F00BCFC4010E94051E412F4150550B1E
:10949000DA0134E0AA0FBB1F3A95E1F7A35AB84EA0
:1094A00080E1F40101900D928A95E1F78DCFA12F13
:1094B000A150BB0BCD0124E0880F991F2A95E1F73D
:1094C00060E1835A984E0E943905D7CE0E94AA09BE
:1094D000D4CE8091B1178111D0CE64E08DEA97E1AE
:1094E0000E9439058091B01780539091AF17923543
:1094F00089F0943509F469CE903509F0BECE90918B
:109500005E15282F30E09217130609F4B6CE0E949C
:10951000DF29B3CE0E940D29B0CE8091B017811102
:10952000ACCE8091AF178534E9F0833509F0A5CE34
:1095300081E08093531580935A1583E00E94E81AC6
:1095400080913A1590913B15A0913C15B0913D1535
:1095500080934F1590935015A0935115B0935215C9
:10956000899A8BCE10925A1582E00E94E81A0E94C6
:10957000481182E392E00E94C72C0E9405220E94BB
:1095800038048EE392E00E94C72C8DE492E00E94A2
:10959000C72C83ED92E00E94C72C85EE92E00E94DA
:1095A000C72C85EF92E00E94C72C86E093E00E94D2
:1095B000C72C89E193E00E94C72C8CE293E00E94C3
:1095C000C72C8DE393E00E94C72C8EE493E00E94A9
:1095D000C72C81E693E00E94C72C0E9405228A983E
:1095E000109253154ACE8091B117811146CE109139
:1095F000B0171053E091AF17E154EE3008F04DCEA4
:109600000E2E000CFF0B8827E75FF44B8F4F0C9456
:10961000D155174B234B2C4B344B404B464B524BA5
:109620005E4B664B6E4B744B7A4B8A4B804B1123CF
:1096300041F0A29A81E0111101C080E08093581599
:109640001CCEA298F7CF112329F0899A81E080934C
:109650005A1513CE8998FACF112321F00E943804AD
:1096600082E0F5CF8A98FCCF112341F08F9A81E0F8
:10967000111101C080E080935915FFCD8F98F7CF6D
:10968000112311F0A59AF9CDA598F8CD112341F039
:10969000739A81E0111101C080E080935715EDCDE0
:1096A0007398F7CF80910201112321F08860809395
:1096B0000201E3CD877F80930201E0CD809102011A
:1096C000112311F08062F3CF8F7DF5CF80910201DD
:1096D000112311F08064EBCF8F7BEDCF112311F0BC
:1096E000109ACBCD1098CACD112311F08B9AC5CD0D
:1096F0008B98C4CD112311F05F9ABFCD5F98BECD7A
:10970000812F0E94432881E0111101C080E08093E5
:109710005415B3CD0E94481110925A15AECD9091B8
:10972000AF179111BACD833409F4D0C05CF4843200
:1097300009F0A3CD80913E15887109F0FFC00E9409
:1097400048089BCD8734D1F0883509F096CD8091BB
:109750003E15813009F091CD8091060185E893E0B6
:109760000E94030788E593E00E9403070E94A50971
:1097700010923E1582E00E94E81A7FCD80EB92E0C5
:109780000E940307809160158C3838F08CEA92E0D3
:109790000E940307809160158A580E94DE068DE9B9
:1097A00092E00E940307809166158A5C0E94DE06A3
:1097B0008DE992E00E940307809164158F5E0E94FC
:1097C000DE068DE992E00E9403079091621585E123
:1097D000891B0E94DE068DE992E00E9403078091BA
:1097E0006315865A0E94DE068DE992E00E94030707
:1097F000909161158EE5891B0E94DE0680916715A8
:10980000882391F080EA92E00E9403078091671517
:10981000833039F08E3111F0823031F40E94DE064F
:1098200003C080E30E94550580EA92E00E9403078E
:1098300080916915803139F0803209F443C081117B
:1098400005C085E301C083E30E94550580EA92E0EC
:109850000E940307809168158823B1F187FF03C038
:1098600087E30E9455058091681586FF03C088E351
:109870000E94550589EA92E00E94030780910C1727
:109880000E94DE0686EA92E00E94030760916E1550
:1098900070916F1580917015909171150E942A0634
:1098A00083EA92E00E94030760916A1570916B153C
:1098B00080916C1590916D1540E00E9480050E948A
:1098C000A509DBCC84E3C0CF89E3D2CF10913E154C
:1098D000123059F40E94DE1D85E893E00E940307D0
:1098E00087E493E00E940307EACF111127C082E0CA
:1098F00080933E1585E893E00E94030780E593E09E
:109900000E9403070E94A509B9CC823509F4DAC187
:10991000833509F463C18E3409F03DCC82E0CF5623
:10992000DF4F8883C159D0408091AF1710E0882362
:1099300009F4F9C111E0992309F42ECC18E09ECC6A
:109940008091AF178111A9CC00E0BE016F5A7F4F03
:10995000802F0E947122182F811104C087E00E947D
:10996000C3078CCC8AE992E00E940307063041F0DD
:10997000073009F443C086E3800F0E94DE0604C06E
:1099800087E992E00E9403078AE30E945505CE0111
:109990008F5A9F4F0E9446060E94A5090F5F08300C
:1099A000A1F68EE892E00E9403078FEA95E10E94FB
:1099B00046060E94A50988E892E00E94030760918C
:1099C000CB157091CC158091CD159091CE150E943C
:1099D00038060E94A50981E892E00E940307609181
:1099E00011177091121780911317909114170E94FC
:1099F00038060E94A5090E94B4093FCC84E992E090
:109A0000C1CF8091FC1615E084FF38CC809106010F
:109A100084E080933E150E948D0A8091AF178111DA
:109A20001EC081E00E94DF2980E00E94AB2C81E013
:109A30000E940D2980E00E94432881E080935F15F9
:109A400010913F15111119CC10923E150E948D1CDA
:109A50008091AF17811111CC0E94733C0FCC909173
:109A6000B01791111ACC883509F499C00CF090C048
:109A7000813409F012CC0E94052280913F1581119A
:109A8000DFCF8DE0F60111928A95E9F786E0D601E5
:109A90001C968C9320E030E040E450EC6091D716A7
:109AA0007091D8168091D9169091DA160E94785448
:109AB0002B013C0120E030E0A9010E94165287FFF3
:109AC00003C0412C512C3201209102173091031711
:109AD0004091041750910517CE56DF4F28833983E4
:109AE0004A835B83C259D0406FEC75E1C5010E9487
:109AF000FC031092DB151092DC151092DD1510920C
:109B0000DE1577FA709477F870944D865E866F86CE
:109B1000788A80E280934415CE56DF4F8881998100
:109B2000AA81BB81C259D040F60180839183A28370
:109B3000B383B601C5010E94F12484E080934215ED
:109B40000E9497120E945E0410E20E94FB20809106
:109B5000060182FD10E0109344150E949712809137
:109B600039158473C1F11091391514FF03C086E0D3
:109B70000E94710315FF03C087E00E94710380916A
:109B80003815882391F00E94DE1D0E94FB2058CFDB
:109B9000893549F08A3509F080CB84E001C081E045
:109BA0000E94AB2C4DCF82E0FBCF84E00E94770374
:109BB0000E94AC1C80910617909107170E94831C8D
:109BC0001092DB151092DC151092DD151092DE1547
:109BD0001092421535CF1111B8CFEACF8091AF174F
:109BE0008C3409F05ACB8091B017803509F055CBF1
:109BF0008091B117811151CB80E80E9481033DCB48
:109C000082E0CF56DF4F8883C159D0408091AF1793
:109C1000811132C040E051E06EEA73E08DEA97E1D5
:109C20000E940611892B51F41092AD1740E051E0CB
:109C30006DEA77E18EEA93E00E94B6108DE692E03D
:109C40000E9403078DEA97E10E94EB090E94A50993
:109C500087E692E00E94030786E50E9455058EE4A0
:109C60000E9455058DE40E9455058AE50E94550520
:109C700088E40E94550523CEF3E0CF56DF4FF883EA
:109C8000C159D0408D3309F008CB83E0282F30E054
:109C9000F901E355F84E90812655384ED9019C9331
:109CA0008F5F90819111F2CFCF56DF4F8883C159DA
:109CB000D04040E051E06DEA77E18EEA93E00E9407
:109CC000B610DBCA8091AF17833509F0E6CA8091E0
:109CD000B017843509F0E1CA8091B1178D3309F0CE
:109CE000DCCA8091B3178111D8CA8091B21784322F
:109CF00039F08A32A9F0833209F0CFCA82E001C07C
:109D000081E00E94922285E893E00E9403078EE0A2
:109D100093E00E9403070E94A5090E94DE1DADCAC0
:109D20008FEFEFCF11E0812F0E941622811107C023
:109D300087E00E94C307113009F49FCAF3CF84E67D
:109D400092E00E940307812F0E94DE068DE30E94AD
:109D500055058DEA97E10E94EB090E94BF07EBCF02
:109D6000CF56DF4FE881C159D04081E08E0FCF56EA
:109D7000DF4F8883C159D040F0E0E355F84E908121
:109D80009D3309F08ACA112309F440C0482F50E0DE
:109D9000282F30E0D901A355B84E9C91241B350BD8
:109DA000F901E355F84E90838F5F9C919111F0CFAC
:109DB000CF56DF4F8883C159D0401EE0813508F06F
:109DC0005DCA8DEA97E10E94C72C182F811156CAEF
:109DD000F60160817181828193810E945B552B0124
:109DE0003C010E940522C301B2010E94995221E068
:109DF00031E0629FC001639F900D112440E051E06B
:109E00006DEA77E19D5F0E94B61038CAA501BE01D8
:109E10006F567F4F8DEA97E10E94F70E882309F471
:109E2000C5C9CF56DF4FE881C159D040F0E0E355B6
:109E3000F84E8081811131CAD6018D919D910D908E
:109E4000BC91A02DCE56DF4F88839983AA83BB8314
:109E5000C259D04020E030E04FE753E4BC01CD01CF
:109E60000E94385418160CF418CA49805A806B8026
:109E70007C80CE56DF4F688179818A819B81C2596F
:109E8000D0400E949952062F88E3800F8A3048F50F
:109E9000093C69F00A3CE1F0083C31F4C301B2012D
:109EA0000E94995260930C170E94F110E7C94092EA
:109EB0000D1750920E1760920F1770921017409264
:109EC000CB155092CC156092CD157092CE15ECCF7B
:109ED0004092111750921217609213177092141734
:109EE000E3CF023D10F18EE2800F63E00E948D55BA
:109EF000292FB4E08B9FC0011124213051F0223072
:109F000089F08B5E984EFC0140825182628273829E
:109F1000CBCF835D984EDC014D925D926D927C9229
:109F20001397C2CF8B5B984EEECF043608F43FC038
:109F3000045680E0073090F5E02FF0E0EE0FFF1FB1
:109F4000EE0FFF1F823051F0833009F1813019F09C
:109F5000E958F94ED9CFED56F94ED6CF9F0121558C
:109F6000394E790120E030E040E752E4C301B2010C
:109F70000E94785420E030E040E752E40E94785498
:109F8000D7016D937D938D939C9313978DCFE5535C
:109F9000F94E77FA709477F87094B6CF8F5F0A30E5
:109FA00008F47BC9843009F478C90A50C3CFC301CF
:109FB000B2010E945B550E949952013208F06DC9AE
:109FC000E02FF0E08827E851F04B8F4F0C94D155EB
:109FD00009500F50125017501A5024502C504D4910
:109FE0004D494D4939503C5045504E504D494D49D1
:109FF0004D494D494D494D495A5064507050785023
:10A000007B5084508D5093504D494D499C50A750E2
:10A01000B050633008F4ACC06093E71645CF60934E
:10A02000EA1642CF6093E8160E949E043DCF6093EB
:10A03000E916FACF8091FC16662321F084608093A4
:10A04000FC1632CF8B7FFBCF8091FC16662311F07C
:10A050008064F5CF8F7BF3CF8091FC16662339F0B7
:10A0600080688093FC1680E00E946E051DCF8F777C
:10A07000F8CF6093EB1618CF4092EC165092ED1685
:10A080006092EE167092EF160FCF4092F01650923B
:10A09000F1166092F2167092F31606CF8091FC16BC
:10A0A000662331F081608093FC160E943A22FCCE38
:10A0B0008E7FF9CF8091FC16662321F084FF5AC071
:10A0C0008062BDCF8F7DBBCF8091FC16662331F0BF
:10A0D00088608093FC160E94D60FE6CE877FF9CF6A
:10A0E0008091FC16662311F08061A9CF8F7CA7CFE9
:10A0F0006093FD16D9CE4092FE165092FF166092E4
:10A10000001770920117D0CE409202175092031799
:10A110006092041770920517C7CE70E0709307170E
:10A1200060930617C1CE40920817509209176092AB
:10A130000A1770920B17B8CE4092F4165092F5168B
:10A140006092F6167092F7160E94A91DADCE40924D
:10A15000F8165092F9166092FA167092FB16F4CF28
:10A160008091FC16662311F0826069CF8D7F67CFE6
:10A1700016E084C81AE082C880913E15817239F0D9
:10A1800089E00E94C30710E000E00C9479488DEA52
:10A1900097E10E94C72C51C0002339F0893211F099
:10A1A0000C9479480D7F0C947948813210F40C940A
:10A1B00079488F3211F40C947948883289F08B33C6
:10A1C00091F01F3F99F0E12FF0E0E355F84E1F5F4B
:10A1D0009FE9980F9A3108F4805280830C94794853
:10A1E00002E00C94794804E00C94794801E00C9466
:10A1F0007948E92FF0E0E55DFA4F80819F5F909309
:10A200002B068F3F11F40C9480488A3011F08D306A
:10A2100019F60E94FB2080913F1581110C94824712
:10A22000E12FF0E0E355F84E10828BE000FDA9CF5E
:10A230008091AD1781110C949C480E94CF07A3CF49
:10A240005058BB27AA270E9438510C94D2530E9421
:10A25000995338F00E94A05320F039F49F3F19F42D
:10A2600026F40C946F530EF4E095E7FB0C944053E6
:10A27000E92F0E94F75358F3BA1762077307840750
:10A28000950720F079F4A6F50C9431540EF4E0957E
:10A290000B2EBA2FA02D0B01B90190010C01CA01A0
:10A2A000A0011124FF27591B99F0593F50F4503E4B
:10A2B00068F11A16F040A22F232F342F4427585F3D
:10A2C000F3CF469537952795A795F0405395C9F755
:10A2D0007EF41F16BA0B620B730B840BBAF091500D
:10A2E000A1F0FF0FBB1F661F771F881FC2F70EC0AC
:10A2F000BA0F621F731F841F48F48795779567957F
:10A30000B795F7959E3F08F0B0CF9395880F08F06A
:10A310009927EE0F9795879508950E94995360F0BD
:10A3200080E891E009F49EEF0E94A05328F040E8F5
:10A3300051E071F45EEF0CC00C946F530C943154E7
:10A34000E92FE0780E94F75340F3092E052AB1F374
:10A35000261737074807590738F00E2E07F8E0256B
:10A3600069F0E025E0640AC0EF6307F8009407FA9B
:10A37000DB01B9019D01DC01CA01AD01EF930E942F
:10A3800037520E94D2530E94D0515F91552339F029
:10A390002BED3FE049E450FD49EC0C942151089528
:10A3A000DF93DD27B92FBF7740E85FE31616170666
:10A3B00048075B0718F4D92F0E943D549F938F9351
:10A3C0007F936F930E945755E4EEF0E00E94725322
:10A3D0000E94D2532F913F914F915F910E948B54D5
:10A3E000DD2351F09058A2EA2AED3FE049EC5FE30B
:10A3F000D0785D270E943851DF910C94D2530E948F
:10A40000195490F09F3748F4911116F40C9432547B
:10A4100060E070E080E89FE3089526F01B16611D60
:10A42000711D811D0C9446530C9461530E941C5362
:10A4300008F481E008950E94A953E3950C94E35336
:10A440000E9434520C94D2530E94A05358F00E94A0
:10A45000995340F029F45F3F29F00C944053511177
:10A460000C9432540C946F530E94F75368F3992361
:10A47000B1F3552391F3951B550BBB27AA27621700
:10A480007307840738F09F5F5F4F220F331F441F0D
:10A49000AA1FA9F335D00E2E3AF0E0E832D0915041
:10A4A0005040E695001CCAF72BD0FE2F29D0660F2E
:10A4B000771F881FBB1F261737074807AB07B0E871
:10A4C00009F0BB0B802DBF01FF2793585F4F3AF077
:10A4D0009E3F510578F00C9440530C9432545F3FEA
:10A4E000E4F3983ED4F3869577956795B795F795FD
:10A4F0009F5FC9F7880F911D9695879597F90895E5
:10A50000E1E0660F771F881FBB1F62177307840780
:10A51000BA0720F0621B730B840BBA0BEE1F88F78F
:10A52000E09508950E9499526894B1110C943254A8
:10A5300008950E94FF5388F09F5798F0B92F9927EC
:10A54000B751B0F0E1F0660F771F881F991F1AF01E
:10A55000BA95C9F714C0B13091F00E943154B1E0FE
:10A5600008950C943154672F782F8827B85F39F0FD
:10A57000B93FCCF3869577956795B395D9F73EF4B7
:10A5800090958095709561957F4F8F4F9F4F08955F
:10A59000E89409C097FB3EF490958095709561957D
:10A5A0007F4F8F4F9F4F9923A9F0F92F96E9BB2733
:10A5B0009395F695879577956795B795F111F8CFAF
:10A5C000FAF4BB0F11F460FF1BC06F5F7F4F8F4F1A
:10A5D0009F4F16C0882311F096E911C0772321F010
:10A5E0009EE8872F762F05C0662371F096E8862FA8
:10A5F00070E060E02AF09A95660F771F881FDAF7FF
:10A60000880F9695879597F908950E94195490F0B0
:10A610009F3748F4911116F00C94325460E070E0CA
:10A6200080E89FEB089526F41B16611D711D811DA6
:10A630000C9446530C946153990F0008550FAA0BC4
:10A64000E0E8FEEF16161706E807F907C0F0121645
:10A650001306E407F50798F0621B730B840B950B48
:10A6600039F40A2661F0232B242B252B21F408959D
:10A670000A2609F4A140A6958FEF811D811D08953A
:10A6800097F99F6780E870E060E00895882371F48F
:10A69000772321F09850872B762F07C0662311F47B
:10A6A00099270DC09051862B70E060E02AF09A95B2
:10A6B000660F771F881FDAF7880F9695879597F9A9
:10A6C00008959F3F31F0915020F4879577956795D5
:10A6D000B795880F911D9695879597F908959FEFE7
:10A6E00080EC0895DF93CF931F930F93FF92EF9227
:10A6F000DF927B018C01689406C0DA2EEF010E9484
:10A700008B54FE01E894A591259135914591559181
:10A71000A6F3EF010E943851FE019701A801DA94D7
:10A7200069F7DF90EF90FF900F911F91CF91DF912C
:10A73000089500240A9416161706180609060895A7
:10A7400000240A94121613061406050608950C94A4
:10A750006F530E94FF53D8F3E894E0E0BB279F5764
:10A76000F0F02AED3FE049EC06C0EE0FBB0F661F8C
:10A77000771F881F28F0B23A62077307840728F012
:10A78000B25A620B730B840BE3959A9572F780387B
:10A7900030F49A95BB0F661F771F881FD2F7904839
:10A7A0000C946353092E0394000C11F4882352F087
:10A7B000BB0F40F4BF2B11F460FF04C06F5F7F4FED
:10A7C0008F4F9F4F0895EF93E0FF07C0A2EA2AED55
:10A7D0003FE049EC5FEB0E9438510E94D2530F904A
:10A7E000039401FC9058E1E1F1E00C946D5557FDA4
:10A7F0009058440F551F59F05F3F71F04795880FEF
:10A8000097FB991F61F09F3F79F087950895121685
:10A8100013061406551FF2CF4695F1DF08C0161631
:10A8200017061806991FF1CF8695710561050894E2
:10A8300008950E94FF53A0F0BEE7B91788F4BB2724
:10A840009F3860F41616B11D672F782F8827985F00
:10A85000F7CF869577956795B11D93959639C8F38F
:10A860000895E894BB2766277727CB0197F90895C9
:10A870000E941C5308F48FEF08959B01AC0160E027
:10A8800070E080E89FE30C9420520E94FF5358F13F
:10A890009E5760F19851A0F0E9F0983020F5092E0C
:10A8A0009927660F771F881F991F0A94D1F712C046
:10A8B000062E672F782F8827985F11F4000C07C0A9
:10A8C000993FB4F38695779567959395D9F7611D70
:10A8D000711D811D3EF490958095709561957F4F17
:10A8E0008F4F9F4F089568940C9432540C943154B8
:10A8F0000E948B540C94D2530E94995338F00E94BA
:10A90000A05320F0952311F00C9440530C946F53F6
:10A9100011240C9432540E94F75370F3959FC1F3A5
:10A92000950F50E0551F629FF001729FBB27F00DFD
:10A93000B11D639FAA27F00DB11DAA1F649F662752
:10A94000B00DA11D661F829F2227B00DA11D621FA1
:10A95000739FB00DA11D621F839FA00D611D221F5B
:10A96000749F3327A00D611D231F849F600D211D3F
:10A97000822F762F6A2F11249F5750409AF0F1F0C2
:10A9800088234AF0EE0FFF1FBB1F661F771F881F2B
:10A9900091505040A9F79E3F510580F00C944053D0
:10A9A0000C9432545F3FE4F3983ED4F38695779548
:10A9B0006795B795F795E7959F5FC1F7FE2B880FD1
:10A9C000911D9695879597F908950E94FF53E8F099
:10A9D0009E37E8F09639B8F49E3848F4672F782F00
:10A9E0008827985FF9CF86957795679593959539E0
:10A9F000D0F3B62FB1706B0F711D811D20F48795B8
:10AA00007795679593950C9446530C9461530C94E9
:10AA100032549F930E94A9530F9007FCEE5F0C9451
:10AA2000E35319F416F40C946F530C9461530E9481
:10AA3000FF53B8F39923C9F3B6F39F57550B87FF1C
:10AA40000E9466550024A0E640EA90018058569581
:10AA5000979528F4805C660F771F881F20F02617D3
:10AA60003707480730F4621B730B840B2029312908
:10AA70004A2BA69517940794202531254A2758F785
:10AA8000660F771F881F20F026173707480730F416
:10AA9000620B730B840B200D311D411DA09581F7B6
:10AAA000B901842F9158880F9695879508959B0139
:10AAB000AC010C9478540E94195430F09F3710F474
:10AAC0000C9432540C9446530C9461539150504062
:10AAD000660F771F881FD2F708959F938F937F93F8
:10AAE0006F93FF93EF939B01AC010E947854EF9119
:10AAF000FF910E9472532F913F914F915F910C945F
:10AB00007854991B79E004C0991F961708F0961B9A
:10AB1000881F7A95C9F78095089587FB082E062629
:10AB200087FD819567FD61950E9481550EF4919591
:10AB300007FC81950895AA1BBB1B51E107C0AA1F02
:10AB4000BB1FA617B70710F0A61BB70B881F991FCE
:10AB50005A95A9F780959095BC01CD010895A1E281
:10AB60001A2EAA1BBB1BFD010DC0AA1FBB1FEE1F87
:10AB7000FF1FA217B307E407F50720F0A21BB30BD2
:10AB8000E40BF50B661F771F881F991F1A9469F74E
:10AB900060957095809590959B01AC01BD01CF01AA
:10ABA0000895EE0FFF1F881F8BBF0790F691E02DD1
:10ABB00019940E94E455A59F900DB49F900DA49FF9
:10ABC000800D911D11240895A29FB001B39FC00173
:10ABD000A39F700D811D1124911DB29F700D811DC9
:10ABE0001124911D0895FB01DC0104C08D91019099
:10ABF000801921F441505040C8F7881B990B0895E3
:10AC00000F931F93CF93DF93CDB7DEB72E970FB679
:10AC1000F894DEBF0FBECDBF0E891F8986E08C83FE
:10AC20001A8309838FEF9FE79E838D83AE01465E73
:10AC30005F4F688D798DCE0101960E9430562F812D
:10AC40003885020F131FF80110822E960FB6F89464
:10AC5000DEBF0FBECDBFDF91CF911F910F91089541
:10AC60002F923F924F925F926F927F928F929F921C
:10AC7000AF92BF92CF92DF92EF92FF920F931F930A
:10AC8000CF93DF9300D000D000D01F921F92CDB79A
:10AC9000DEB77C013B018A01FC01178216828381A9
:10ACA00081FFDDC1CE0101965C01F7019381F301C3
:10ACB00093FD859193FF81913F01882309F453C14E
:10ACC000853239F493FD859193FF81913F0185325F
:10ACD00029F4B70190E00E944858E7CF912C212C2D
:10ACE000312CFFE1F31538F08B3211F190F4803202
:10ACF00009F1833229F137FC3CC020ED280F2A30BE
:10AD000050F536FE20C08AE0989E200D1124922E28
:10AD100006C08D3291F0803371F7689430F8F301FA
:10AD200093FD859193FF81913F018111DACF21C07D
:10AD3000689431F8689432F8F2CF689433F8EFCF22
:10AD4000689434F8ECCFEAE02E9E200D1124222ED8
:10AD5000689435F8E4CF8E3229F436FC04C1689447
:10AD600036F8DDCF8C3619F4689437F8D8CF8836AA
:10AD7000B1F2982F9F7D95549330E0F08336A1F186
:10AD80008337C1F1833509F063C02801F2E04F0E2B
:10AD9000511CF801C080D180692D70E036FC02C0E2
:10ADA0006FEF7FEFC6010E9432584C01689437F86C
:10ADB00082010AC00C5F1F4FFFE3F983882483944C
:10ADC000912C6501E89437F833FE2DC0522C811484
:10ADD000910471F5552009F468CFB70180E290E045
:10ADE0000E9448585A94F6CFF801808189830E5FFB
:10ADF0001F4FE4CF2801F2E04F0E511CF801C08034
:10AE0000D180692D70E036FC02C06FEF7FEFC60184
:10AE10000E943D584C018201D5CFB70180E290E0FD
:10AE20000E9448582A942814190409F0B0F7CECF8C
:10AE3000F60137FC859137FE81916F01B70190E0F3
:10AE40000E94485851105A94F1E08F1A9108BFCFD0
:10AE5000843619F0893609F077C0F80137FE6BC0E7
:10AE600060817181828193810C5F1F4FF32DFF768A
:10AE70003F2E97FF09C090958095709561957F4F03
:10AE80008F4F9F4F689437F82AE030E0A5010E9469
:10AE90007858C82ECA188C2C432C36FE0CC0E89467
:10AEA00040F8C91440F434FE05C032FC03C0F32D51
:10AEB000FE7E4F2E892C44FEAAC0FE01EC0DF11D32
:10AEC0008081803309F09CC0242D297E422E842D60
:10AED0008870582E43FCAAC040FEA4C09C2C82144B
:10AEE00018F42C0C922C981844FEA6C0B70180E3ED
:10AEF00090E00E94485842FE09C088E790E041FE79
:10AF000002C088E590E0B7010E944858C91408F4CF
:10AF10009FC0CA94D12C9FEFC91AD90ACA0CDB1C56
:10AF2000F60182916F01B70190E00E944858AC147D
:10AF3000BD04B1F74FCF60817181072E000C880BE3
:10AF4000990B0E5F1F4F92CFD32CE894D4F82AE0D0
:10AF500030E08537E1F1232D297FD22E8F36A9F1FC
:10AF6000F0F4883551F1F701868197812B960FB661
:10AF7000F894DEBF0FBECDBFDF91CF911F910F912F
:10AF8000FF90EF90DF90CF90BF90AF909F908F9009
:10AF90007F906F905F904F903F902F9008958037F3
:10AFA00049F0883701F7D4FE02C06894D2F820E156
:10AFB00030E00DC06894D4F8F6CF34FE03C0822F81
:10AFC0008660D82E20E132E002C028E030E0F801AF
:10AFD000D7FE0FC060817181828193810C5F1F4F0A
:10AFE000A5010E947858C82ECA183D2CE89437F85D
:10AFF00052CF6081718190E080E00E5F1F4FF0CFF3
:10B0000042FC02C0839463CF8394839460CF842DE9
:10B01000867809F45CCFF6CFB70180E290E00E9419
:10B02000485883948214C0F3512C5ECF522C581888
:10B03000821408F459CFF8CF842D867809F466CFAE
:10B040008BE241FE80E247FC8DE2B70190E05CCFED
:10B05000B70180E390E00E9448589A9457CF8FEF51
:10B060009FEF84CFFC010590615070400110D8F72C
:10B07000809590958E0F9F1F0895FC016150704040
:10B0800001900110D8F7809590958E0F9F1F08951D
:10B090000F931F93CF93DF93182F092FEB018B8111
:10B0A00081FD09C01FEF0FEF812F902FDF91CF910E
:10B0B0001F910F91089582FF14C02E813F818C81D2
:10B0C0009D81281739073CF4E881F981CF01019669
:10B0D0009983888310838E819F8101969F838E83BD
:10B0E000E3CFE885F985812F1995892BA1F3DACF74
:10B0F000FA01AA27283051F1203181F1E8946F93A9
:10B100006E7F6E5F7F4F8F4F9F4FAF4FB1E03ED04E
:10B11000B4E03CD0670F781F891F9A1FA11D680FEC
:10B12000791F8A1F911DA11D6A0F711D811D911D1F
:10B13000A11D20D009F468943F912AE0269F112494
:10B140003019305D3193DEF6CF010895462F4770F8
:10B15000405D4193B3E00FD0C9F7F6CF462F4F7053
:10B16000405D4A3318F0495D31FD4052419302D0B1
:10B17000A9F7EACFB4E0A695979587957795679557
:10B18000BA95C9F700976105710508959B01AC0157
:10B190000A2E06945795479537952795BA95C9F77E
:10B1A000620F731F841F951FA01D0895F894FFCF91
:10B1B0000101010201010101010106200000060157
:10B1C0000620000002010620000001AA092000005C
:10B1D000000001010155AA1B250000000001010922
:10B1E000400047393047353347305A2D350047390D
:10B1F000304735334730582D35592D3500473930D4
:10B200004735334730582D35592D323030004D33C6
:10B2100053323330300047393047353347305825C3
:10B2200073592573004739304735334730315A2534
:10B23000734631353030004D3500473930473533AE
:10B2400047305A2573004732314739314733382E5A
:10B25000325A2D313030463230300047305A3100CA
:10B260004733382E325A2D32463330004D34533264
:10B270003330300047393047353347305925730074
:10B280000D0A004739304735334730582D3530598E
:10B290002D323030004739304735334730582D355F
:10B2A00030592D35004739304735334730582D3127
:10B2B0003030592D35004739304735334730582D18
:10B2C000313030592D32303000473930473533472F
:10B2D00030582D313530592D323030004739304714
:10B2E00035334730582D313530592D3500473930F9
:10B2F0004735334730582D323030592D35004739D6
:10B30000304735334730582D323030592D323030B8
:10B31000004739304735334730582D3130592D31BA
:02B320003000FB
:00000001FF
