:100000000C94BE020C94DF020C94DF020C94DF020D
:100010000C94DF020C94DF020C94DF020C94DF02DC
:100020000C94DF020C9436520C94DF020C94894B32
:100030000C94F0510C94DF020C94DF020C94DF025C
:100040000C94DF020C94EF4B0C94DF020C94DF0253
:100050000C94DF020C94DF020C94DF020C94D94B59
:100060000C94DF020C94CF500C94C5510C94DF0219
:100070000C94DF020C94DF020C94DF020C94DF027C
:100080000C94DF020C94DF020C94DF020C94B24F4C
:100090000C94A7500C947C500C94DF020C94DF025B
:1000A0000C94DF020C94DF020C94DF020C94DF024C
:1000B0000C94DF020C94DF020C94DF020C944B5280
:1000C0000C94DF020C94DF020C94DF020C94545069
:1000D0000C9429500C94DF020C94EE4F0C94C34FF7
:1000E0000C94DF02084AD73B3BCE016E84BCBFFDB7
:1000F000C12F3D6C74319ABD56833DDA3D00C77FF8
:1001000011BED9E4BB4C3E916BAAAABE0000008090
:100110003F05A84CCDB2D44EB93836A9020C50B91F
:10012000918688083CA6AAAA2ABE000000803F004B
:100130000C94A1310C948C510C949D510C94394B1E
:100140000C94F4450C9466510C9488510C94F0492D
:100150000C945C510C94B84A0C940F460C94A55125
:100160000C94F0450C9421460C948E510C947531EE
:100170000C94674B0C9454510C94B54A0C94F6456E
:100180000C94F44A0C944F310C940A4B0C94825109
:100190000C94CA4A0C945E4B0C9427460C949431F0
:1001A0000C9490510C9484510C9461310C945A51DC
:1001B0000C94794B0C9435310C94E24A0C9419460A
:1001C0000C9411310C947F310C9437510C945E5186
:1001D0000C941E310C944D4B0C94164B0C94334BD9
:1001E0000C94F7300C94D24A0C94AD510C946C5191
:1001F0000C94214B0C94564B0C94AE310C946251E0
:100200000C946A510C9486510C9478510C942D46A0
:100210000C946B310C942A4B0C9476510C94EC4555
:100220000C9470510C94AF510C94C5300C9404464E
:100230000C9494510C947C510C94704B0C94DF4AA8
:100240000C9497510C9400460C9428310C94A151B5
:100250000C94EB4A0C946E510C9433460C94354636
:100260000C94424B0C9474510C9460510C94AF4A12
:100270000C9458510C94FA450C941E4B0C94043178
:100280000C9442310C94A9510C94004B0C94B15134
:100290000C947E510C94BD4A0C944E510C940B2F2F
:1002A0000C94C04A0C9453310C94B3510C94725179
:1002B0000C9492510C9464510C94824B0D0A007C66
:1002C00057506F733A004D506F733A000D0A00415A
:1002D0006C61726D3A005BE68EA2E992883A003159
:1002E0002E302E33005B76657273696F6E3A007C38
:1002F00046533A007C4C6E3A007C42663A007C479A
:100300003A007C4D3A007C533A007C46423A007CED
:1003100053463A007C483A007C41463A007C4C3ACD
:10032000007C433A007C44523A007C443A007C54BE
:10033000443A007C523A007C52573A007C4C573A7F
:10034000007C5246543A007C4C46543A007C53544C
:100350003A007C463A007C543A007C4C443A007C9B
:1003600057506F733A007C4D506F733A00536C6571
:10037000657000446F6F723A00436865636B0041BB
:100380006C61726D00486F6D696E67004D6F7669C4
:100390006E67005061757365004D6F76696E67001A
:1003A0005265616479006572726F723A005D002C6B
:1003B000002C002C002C002C002C002C006E756CE6
:1003C0006C5D0027746872656164272C0027647275
:1003D000696C6C272C0027636F6E65272C002762E1
:1003E000616C6C272C0027656E646D696C6C272C22
:1003F000005B007D0D0A00273A007B27746F6F6C4D
:10040000007D0D0A00273A007B27746F6F6C007D1A
:100410000D0A00273A007B27746F6F6C000D0A00ED
:100420005D005B746F6F6C5374617475733A200078
:100430000D0A00537461727420746F6F6C207365C1
:100440007474696E6700204700204D00205300201F
:10045000460020540033382E005B47433A47005B88
:100460005A706F733A005B544C4F3A005B47393215
:100470003A003330003238005B47005B4F50543A4B
:10048000005B5645523A312E31652E3230313730CD
:100490003131343A00536C656570696E670052659E
:1004A00073746F72696E67207370696E646C650037
:1004B000526573746F72696E672064656661756CEE
:1004C00074730050726F6772616D20656E6465644D
:1004D00000436865636B206C696D697473004368E1
:1004E00065636B20646F6F720044697361626C6551
:1004F0006400456E61626C65640043617574696F88
:100500006E3A20556E6C6F636B656400506C65616C
:10051000736520756E6C6F636B00506C65617365FD
:10052000205265736574005B4D53473A006F6B0D45
:100530000A00244E005D7D0D0A002C007B27746F9D
:100540006F6C44617461273A5B000D0A0062656656
:100550006F7265546F6F6C3A000D0A006E6F7754BE
:100560006F6F6C3A000D0A00537461727420746FDF
:100570006F6C2073657474696E67000011241FBE70
:10058000CFEFD1E2DEBFCDBF00E00CBF2DE1A4E094
:10059000B4E001C01D92A436B207E1F714E0A0E078
:1005A000B2E0E6E4FEEB00E00BBF02C007900D9264
:1005B000A430B107D9F70E949E530C94215F0C948C
:1005C00000002F923F924F925F926F927F928F9294
:1005D0009F92AF92BF92CF92DF92EF92FF920F93D2
:1005E0001F93CF93DF93CDB7DEB72E970FB6F89456
:1005F000DEBF0FBECDBF4B015C017A0120E030E0D1
:10060000A9010E94425810E087FF05C0B7FAB094D4
:10061000B7F8B09411E0C501B4010E94C5586B87CA
:100620007C878D879E87112331F08DE2F7018083CF
:10063000C70101967C016B857C858D859E858E0129
:100640000F5F1F4F68013AE0232E312C412C512CB3
:100650003801EFEF6E1A7E0AA20191010E94DB5B66
:10066000605DF8016083B901CA01830161157105FC
:100670008105910569F7D701F301CE16DF06E1F593
:1006800083010C191D090F5F1F4F0E0D1F1D6B8578
:100690007C858D859E850E94F4589B01AC01C50127
:1006A000B4010E944C5793012C193D09E20EF31E30
:1006B0002EE2F7012083680124E0F22EFA94F11073
:1006C0001EC0F80113822E960FB6F894DEBF0FBE3F
:1006D000CDBFDF91CF911F910F91FF90EF90DF90F1
:1006E000CF90BF90AF909F908F907F906F905F90D2
:1006F0004F903F902F90089582918D93BECF20E030
:1007000030E040E251E40E94A45A4B015C010E9497
:10071000BE5820E3260FF60121936F01072E000C2F
:10072000880B990B0E94F6589B01AC01C501B401DE
:100730000E944C57C3CF2FB7F8949091D51A892BAC
:100740008093D51A2FBF08952FB7F8949091D41A9B
:10075000892B8093D41A2FBF08959FB7F894809364
:10076000D31A9FBF08959FB7F8942091D21A80950D
:1007700082238093D21A9FBF08952FB7F894909147
:10078000D21A892B8093D21A2FBF08954F925F926D
:100790006F927F928F929F92AF92BF92CF92DF9291
:1007A000EF92FF920F931F93CF93DF938090A11C42
:1007B000912C2FE6A22E2CE1B22E8C01D0E0C0E0CD
:1007C000F501C190D190E190F1905F0120E030E01F
:1007D000A901C701B6010E944258882381F1F8019E
:1007E0004080518062807380C4010C2E02C09595B8
:1007F00087950A94E2F720E030E0A90180FF11C05C
:10080000C301B2010E94425887FD09C0C701B60169
:100810009058A30192010E94425887FF10C081E0C6
:1008200016C0C301B2010E94645A1816C4F3A30192
:100830009201C701B6010E94645A181684F32196EA
:100840000C5F1F4FC730D10509F0BACF80E0DF91B0
:10085000CF911F910F91FF90EF90DF90CF90BF90BD
:10086000AF909F908F907F906F905F904F90089582
:100870008F929F92AF92BF92CF92DF92EF92FF92B0
:100880000F931F93CF93DF93EB012BE1E22E2CE12B
:10089000F22E8C016B018CE1C80ED11C699179910B
:1008A00089919991F70181909190A190B1907F01E8
:1008B0000E94F658A50194010E944C58F8016193DA
:1008C0007193819391938F01CC15DD0539F7DF91F9
:1008D000CF911F910F91FF90EF90DF90CF90BF903D
:1008E000AF909F908F900895E2E0F1E08081886062
:1008F00080830895882341F0739A91E0811101C0AB
:1009000090E09093F51A08957398F7CF882341F0FB
:100910008F9A91E0811101C090E09093F71A0895A9
:100920008F98F7CF813019F4899A8A9804C08998F2
:100930008230D9F78A9A8093F81A0895882341F073
:10094000A29A91E0811101C090E09093F61A089567
:10095000A298F7CFCF93DF93C091CD1AD091CE1A42
:100960002097C9F080919D1A816080939D1A6091B3
:10097000B31A7091B41A8091B51A9091B61A9B016E
:10098000AC010E94A45A6EA37FA388A799A71092D6
:10099000CE1A1092CD1ADF91CF910895E7EFFEE0C5
:1009A0008091F40E868F80918B1C8250990B880F5A
:1009B0008195858FEFE6F0E08081826080830895E5
:1009C0002091A01C21FF0BC09093AB008093AA0044
:1009D000892B31F48091A0008F7D8093A000089531
:1009E0008091A0008062F9CF882361F0813061F0AE
:1009F000823061F0833061F0843061F0853061F0E5
:100A000082E0089580E8089580E4089580E20895E2
:100A100080E1089588E0089584E00895882361F0D6
:100A2000813061F0823061F0833061F0843061F0B8
:100A3000853061F082E0089584E0089588E00895AB
:100A400080E1089580E2089580E4089580E80895A3
:100A5000AF92BF92CF92DF92EF92FF920F931F93CC
:100A6000CF93DF93E0908C1CF12CC0908D1CD12C87
:100A7000D0E0C0E010E000E0BC2EAC2EC7010C2E90
:100A800002C0959587950A94E2F780FF04C08C2FE9
:100A90000E940E05082BC60102C095958795AA9461
:100AA000E2F780FF04C08B2D0E94F404182B2196DE
:100AB000C730D10509F70093F40E1093F50EDF91BE
:100AC000CF911F910F91FF90EF90DF90CF90BF904B
:100AD000AF9008959091D61A8091D71A891749F04E
:100AE000E92FF0E0E753F64F80819F5F9093D61A8D
:100AF00008958FEF08952091D00EDC0180E08613D9
:100B000001C008959091CF0E2917D9F3E92FF0E095
:100B1000E153F24F30813D938F5F9F5F9093CF0EF3
:100B2000EECF9091CF0E8091D00E891749F0E92F2A
:100B3000F0E0E153F24F80819F5F9093CF0E0895D4
:100B40008FEF0895E091CD0C91E09E0F2091CE0D96
:100B5000291761F0F0E0E253F34F80839093CD0CBE
:100B60008091310180628093310104C02091D21ABA
:100B700024FFECCF0895E091C90A91E09E0F2091E7
:100B8000CA0B291761F0F0E0E653F54F808390938C
:100B9000C90A8091D10080628093D10004C0209165
:100BA000D21A24FFECCF0895E091C70891E09E0F80
:100BB0002091C809291761F0F0E0E853F74F8083CE
:100BC0009093C7088091C90080628093C90004C0D7
:100BD0002091D21A24FFECCF0895E091C306DC01E6
:100BE00080E091E09E0F2091C407291308C0E09394
:100BF000C3069091C10090629093C10008952D9119
:100C0000F0E0EC53F94F20838F5FE92F6813E9CFB1
:100C1000EECFE091C30691E09E0F2091C407291703
:100C200061F0F0E0EC53F94F80839093C30680911C
:100C3000C10080628093C10004C02091D21A24FFB9
:100C4000ECCF08951092D60E9091A01C97FD03C092
:100C50009CE09093D60E882331F08091D60E9CE0D4
:100C600089278093D60E08958F929F92AF92BF925C
:100C7000CF92DF92EF92FF920F931F93CF93DF9368
:100C8000CDB7DEB72D970FB6F894DEBF0FBECDBF40
:100C90006B017C01042F20E030E0A9010E94425842
:100CA00087FF07C08DE20E94A205F7FAF094F7F8DB
:100CB000F09420E030E048EC52E4C701B6010E9415
:100CC000A45A20E030E048EC52E4043031F0033024
:100CD00031F420E030E040E251E40E94A45A20E0E8
:100CE00030E040E05FE30E944D570E94BE5810E0A4
:100CF0003AE0832E912CA12CB12CE12FF0E061156C
:100D000071058105910581F581E090E08C0F9D1FB3
:100D1000E80FF91F80E31017C8F1101309C0E1E0D4
:100D2000F0E0EC0FFD1FE10FF11D80E380831F5FFA
:100D3000EE24E394F12CEC0EFD1EE10EF11C1111DA
:100D400028C02D960FB6F894DEBF0FBECDBFDF9141
:100D5000CF911F910F91FF90EF90DF90CF90BF90B8
:100D6000AF909F908F900895EE24E394F12CEC0EB9
:100D7000FD1EEE0EFF1EA50194010E94DB5B605D6F
:100D8000F7016083B901CA011F5FB7CF1F5F81936D
:100D9000C2CF101303C08EE20E94A205F701829118
:100DA0007F010E94A2051150CACF0F931F93CF93CA
:100DB0008C01C0E0F80161917191819191918F0155
:100DC0002091A01C43E020FF07C02BE832E441E261
:100DD0005DE30E94A45A44E00E943406C33019F037
:100DE0008CE20E94A205CF5FC43021F7CF911F9102
:100DF0000F9108958F929F92AF92BF92CF92DF9200
:100E0000EF92FF920F931F93CF93DF93CDB7DEB78F
:100E10002D970FB6F894DEBF0FBECDBF6B017C01DE
:100E2000042F20E030E0A9010E94425887FF07C04C
:100E30008DE20E940906F7FAF094F7F8F094102F6B
:100E4000123008F054C000FF0AC020E030E040E259
:100E500051E4C701B6010E94A45A6B017C0120E055
:100E600030E040E05FE3C701B6010E944D570E94A9
:100E7000BE5810E03AE0832E912CA12CB12CE12F2A
:100E8000F0E06115710581059105E9F581E090E0DB
:100E90008C0F9D1FE80FF91F80E3101708F445C061
:100EA000101309C0E1E0F0E0EC0FFD1FE10FF11DB0
:100EB00080E380831F5FEE24E394F12CEC0EFD1E93
:100EC000E10EF11C111134C02D960FB6F894DEBF5F
:100ED0000FBECDBFDF91CF911F910F91FF90EF908B
:100EE000DF90CF90BF90AF909F908F90089520E0BB
:100EF00030E048EC52E4C701B6010E94A45A6B01ED
:100F00007C0112509DCFEE24E394F12CEC0EFD1EDB
:100F1000EE0EFF1EA50194010E94DB5B605DF701F0
:100F20006083B901CA011F5FAACF1F5F8193B5CF4C
:100F3000101303C08EE20E940906F70182917F011F
:100F40000E9409061150BECF2091A01C40E020FF56
:100F500007C02BE832E441E25DE30E94A45A41E07D
:100F60000C94FA062091A01C43E020FF07C02BE858
:100F700032E441E25DE30E94A45A44E00C94FA0694
:100F80000F931F93CF938C01C0E0F8016191719191
:100F9000819191918F010E94B207C33019F08CE2C8
:100FA0000E940906CF5FC43081F7CF911F910F9146
:100FB00008958F929F92AF92BF92CF92DF92EF925D
:100FC000FF920F931F93CF93DF9300D000D000D0F8
:100FD0001F92CDB7DEB76115710581059105A9F4A2
:100FE00080E32A960FB6F894DEBF0FBECDBFDF9127
:100FF000CF911F910F91FF90EF90DF90CF90BF9016
:10100000AF909F908F900C94090600E09E012F5F97
:101010003F4F79012AE0822E912CA12CB12C67013F
:10102000C00ED11CA50194010E94DB5BF601608318
:10103000B901CA010F5F611571058105910579F745
:101040000E0D1F2D111DE016F10699F42A960FB60C
:10105000F894DEBF0FBECDBFDF91CF911F910F91EE
:10106000FF90EF90DF90CF90BF90AF909F908F90C8
:101070000895F80182918F01805D0E940906E3CFF7
:10108000CF92DF92EF92FF9297FF0CC06B017C0131
:101090008DE20E94090666277727CB016C197D092E
:1010A0008E099F09FF90EF90DF90CF900C94D907A5
:1010B000CF93DF93843658F06AE00E94AD5BC0E3C3
:1010C000C90F6AE00E94AD5BD0E3D90F04C0C0E055
:1010D000D0E08A30B0F7805D0E940906DD2319F068
:1010E0008D2F0E940906CC2329F08C2FDF91CF9100
:1010F0000C940906DF91CF910895CF93DF93EC0113
:10110000FE0184912196811103C0DF91CF91089552
:101110000E94A205F5CFCF93DF93EC01FE018491ED
:101120002196811103C0DF91CF9108950E94090695
:10113000F5CF2F923F924F925F926F927F928F9254
:101140009F92AF92BF92CF92DF92EF92FF920F9356
:101150001F93CF93DF9300D000D01F921F92CDB783
:10116000DEB7FC01108121803284C384D4840585DC
:10117000E684F784FE24EF24FE24428053806480BA
:10118000758049825A826B827C8286809780A08497
:10119000B1848D829E82AF82B88681EF93E00E94F7
:1011A0008B08133009F46DC050F4113009F466C097
:1011B0008EED93E0123051F08DEB93E045C014308A
:1011C00009F462C083EC93E01530B1F70E948B08FC
:1011D000822D0E9458088BEB93E00E948B0842E01E
:1011E000C301B2010E94FA0689EB93E00E948B08CA
:1011F00042E0C501B4010E94FA0687EB93E00E9429
:101200008B08832D0E94580885EB93E00E948B0881
:101210008C2D0E94580883EB93E00E948B088D2D43
:101220000E94580881EB93E00E948B08802F0E9457
:1012300058088FEA93E00E948B08B70190E080E0A5
:101240000E94D9078DEA93E028960FB6F894DEBF86
:101250000FBECDBFDF91CF911F910F91FF90EF9007
:10126000DF90CF90BF90AF909F908F907F906F90C6
:101270005F904F903F902F900C948B0886EE93E0F8
:10128000A5CF86ED93E0A2CF8DEC93E09FCF8CECC1
:1012900092E00C948B08CF93C82F86EA93E00E94CB
:1012A0008B088C2F0E945808CF910C9447098823F3
:1012B00021F0823031F00C944B098DE295E00C94D2
:1012C0008B080895CF92DF92EF92FF92CF93DF9336
:1012D000D82F6A017B01C22F84E20E9409068D2F5C
:1012E0000E9458088DE30E9409064C2FC701B601E1
:1012F0000E94FA06DF91CF91FF90EF90DF90CF90A0
:101300000C944709EF92FF920F931F93CF93DF93B3
:1013100005EC1CE1C2EDD0E0EE24E394EC0E82E09B
:10132000F82EFC0EF801D130C9F0D230F1F0408136
:1013300051816281738123E08C2F0E946209DF5FFB
:10134000D33081F7CD5F0C5F1F4FC43E21F7DF9193
:10135000CF911F910F91FF90EF900895408D518D87
:10136000628D738D23E08E2DE8CF40A951A962A92B
:1013700073A923E08F2DE1CFCF93DF93D82FC62F12
:1013800084E20E9409068D2F0E9458088DE30E9476
:1013900009068C2F0E945808DF91CF910C944709C1
:1013A000EF92FF920F931F93CF93DF9360918B1C6B
:1013B00070E080E00E94BC0960918E1C70E081E0CA
:1013C0000E94BC0960918C1C70E082E00E94BC0904
:1013D00060918D1C70E083E00E94BC096091A01CAC
:1013E00062FB662760F970E084E00E94BC096091AE
:1013F000A01C66FB662760F970E085E00E94BC09CE
:101400008091A01C082E000C990B692F661F66277F
:10141000661F70E086E00E94BC0960918F1C70E03E
:101420008AE00E94BC094091901C5091911C6091EF
:10143000921C7091931C23E08BE00E946209409102
:10144000941C5091951C6091961C7091971C23E000
:101450008CE00E9462096091A01C617070E08DE0D8
:101460000E94BC096091A01C65FB662760F970E0D2
:1014700084E10E94BC096091A01C63FB662760F9AF
:1014800070E085E10E94BC096091A01C62956170CA
:1014900070E086E10E94BC096091A11C70E087E1C8
:1014A0000E94BC094091A21C5091A31C6091A41CF5
:1014B0007091A51C23E088E10E9462094091A61C5E
:1014C0005091A71C6091A81C7091A91C23E089E190
:1014D0000E9462096091AA1C7091AB1C8AE10E9473
:1014E000BC094091AC1C5091AD1C6091AE1C709138
:1014F000AF1C23E08BE10E9462094091981C50913F
:10150000991C60919A1C70919B1C20E08EE10E94B6
:10151000620940919C1C50919D1C60919E1C709191
:101520009F1C20E08FE10E9462096091A01C6695DB
:10153000617070E080E20E94BC094091B91C50913A
:10154000BA1C6091BB1C7091BC1C23E081E20E941C
:1015500062094091BD1C5091BE1C6091BF1C7091EE
:10156000C01C23E082E20E9462094091C11C50919C
:10157000C21C6091C31C7091C41C23E083E20E94D2
:10158000620940915D1D50915E1D60915F1D7091DB
:10159000601D23E084E20E9462096091611D70E099
:1015A00085E20E94BC0994E6F92E10E0CBE1DCE173
:1015B00000E0E02EEF0C123009F461C0133009F4A2
:1015C0006BC0113009F456C0488159816A817B8112
:1015D00023E08E2D0E9462090F5F2496073049F7A1
:1015E0008AE0F80E1F5FECE8FE12E0CF6091B01CBD
:1015F00070E088EC0E94BC094091B11C5091B21C73
:101600006091B31C7091B41C23E089EC0E946209C4
:101610004091B51C5091B61C6091B71C7091B81CDC
:1016200023E08AEC0E94620905EC1CE1C2EDD0E0E7
:10163000EE24E394EC0E82E0F82EFC0EF801D1309B
:10164000A1F1D230C9F1408151816281738123E0DF
:101650008C2F0E946209DF5FD33081F7CD5F0C5F72
:101660001F4FC43E21F7DF91CF911F910F91FF9043
:10167000EF9008954C8D5D8D6E8D7F8DA9CF20E00C
:1016800030E041E655E468AD79AD8AAD9BAD0E948E
:101690004C58AB01BC019CCFFE01EC5AFF4F40817E
:1016A000518162817381705893CF408D518D628DCD
:1016B000738D23E08E2DCDCF40A951A962A973A9C6
:1016C00023E08F2DC6CF8DE50E9409060C944709B3
:1016D00085EE92E00E948B088FED92E00E948B08CD
:1016E0000C94630BCF93DF93CDB7DEB76C970FB637
:1016F000F894DEBF0FBECDBF86ED92E00E948B084E
:1017000067ED7EE0CE0101960E943804CE0101967D
:101710000E94C0078AE30E9409068091E11A0E9494
:1017200058088CE20E9409066091B51C7091B61CA5
:101730008091B71C9091B81C0E94B2070E94630B65
:101740006C960FB6F894DEBF0FBECDBFDF91CF9180
:101750000895CF93DF93EC018991811103C0DF914C
:10176000CF9108950E940906F7CFE3E7FBE1A7E8D0
:10177000B6E041915191619171914D935D936D935B
:101780007D938BE1EF38F807A1F70895BF92CF92D0
:10179000DF92EF92FF920F931F93CF93DF937C0121
:1017A000FC01FE9600811181D281C381FC0181A1DF
:1017B00080FF33C06091E41A70E090E080E00E9406
:1017C000F6582AE037ED43E25CE30E94A45A9B01FD
:1017D000AC01B8018D2F9C2F0E94A45A8B01D82FE9
:1017E000C92F20E030E040E85FE3B8018D2F9C2F47
:1017F0000E94645A181624F000E010E0D0E8CFE30D
:10180000B8018D2F9C2FDF91CF911F910F91FF90E9
:10181000EF90DF90CF90BF90089582FD17C0609148
:10182000E31A70E090E080E00E94F6582AE037ED7D
:1018300043E25CE30E94A45A9B01AC01B8018D2FE6
:101840009C2F0E94A45A8B01D82FC92FF701B2AC4C
:10185000C3ACD4ACF5AC98014D2F5C2F6B2D7C2D17
:101860008D2D9F2D0E94425887FFBBCF0B2D1C2D25
:10187000DD2DCF2DB6CF80913B0F90911419981785
:1018800039F026E4829FC0011124845C904F0895B2
:1018900090E080E008954F925F926F927F928F92D6
:1018A0009F92AF92BF92CF92DF92EF92FF920F93EF
:1018B0001F93CF93DF93CDB7DEB7C057D1090FB6D3
:1018C000F894DEBF0FBECDBF8CE1E3E7FBE1DE01A4
:1018D000119601900D928A95E1F7BE016F5F7F4FDF
:1018E000CE014D960E943804BE016F5F7F4FCE013E
:1018F000C9960E9438048CE30E9409068091DC1A84
:10190000883009F43EC108F022C1813009F442C197
:1019100008F432C1823009F440C1843009F437C17F
:1019200080918F1C282F2170E22E80FF4FC1809163
:10193000E81A882309F44AC186E693E00E948B08DE
:10194000CE014D960E94C0078FE593E00E948B0860
:10195000CE01C9960E94C0078AE593E00E948B08D9
:101960006091FE1A7091FF1A8091001B9091011BEB
:1019700042E00E94FA0686E593E00E948B0880917F
:10198000B01C0E94580882E593E00E948B08609189
:10199000121B7091131B8091141B9091151B0E94B8
:1019A000A4078DE493E00E948B0860E070E0CB0117
:1019B0000E94A40787E493E00E948B0860E070E037
:1019C000CB010E94A40781E493E00E948B0860E0B1
:1019D00070E0CB010E94A4078CE393E00E948B0887
:1019E0006091F91A70E090E080E00E94F4580E9443
:1019F000A40787E393E00E948B086091FA1A70E0D5
:101A000090E080E00E94F4580E94A40783E393E0F2
:101A10000E948B086091F11A70E090E080E00E94D3
:101A2000F4580E94A4078EE293E00E948B08609114
:101A3000F21A70E090E080E00E94F4580E94A4073F
:101A40008AE293E00E948B086091F31A70E090E0C4
:101A500080E00E94F4580E94A40785E293E00E946F
:101A60008B086091FB1A70E090E080E00E94F458CF
:101A70000E94A40781E293E00E948B086091F41A0F
:101A800070E090E080E00E94F4580E94A4078DE18D
:101A900093E00E948B086091F51A70E090E080E07E
:101AA0000E94F4580E94A40788E193E00E948B08EA
:101AB0006091F61A70E090E080E00E94F4580E9475
:101AC000A40784E193E00E948B086091FD1A70E006
:101AD00090E080E00E94F4580E94A4078FE093E019
:101AE0000E948B086091F81A70E090E080E00E94FC
:101AF000F4580E94A4078AE093E00E948B0860914A
:101B0000F71A70E090E080E00E94F4580E94A40769
:101B100086E093E00E948B0860910E1B70910F1B72
:101B20008091101B9091111B40E00E94FA0682E008
:101B300093E00E948B0880910D1B803109F498C0BE
:101B4000803209F425C1811196C085E392C08032AC
:101B5000D9F050F4803109F0E3CE8091DE1A87FD90
:101B600013C083E993E00AC08034D1F0803809F0D3
:101B7000D7CE8DE693E002C080EA93E00E948B0806
:101B8000CFCE89E993E0FACF8CE893E0F7CF85E8F0
:101B900093E0F4CF8FE793E0F1CF89E793E0EECFC6
:101BA00083E793E00E948B088091DE1A83FF04C0D4
:101BB00083E30E940906B4CE82FF06C085FF02C0FF
:101BC00081E3F7CF80E3F5CF82E3F3CF40906F1B43
:101BD0005090701B6090711B7090721B87E3A82E51
:101BE0008BE1B82E6E0185E5C80ED11C8E01075C15
:101BF0001F4FF12C4601F5016191719181919191F5
:101C00005F01208D318D428D538D0E944D57F6011D
:101C100061937193819391936F01F2E0FF1225C05C
:101C2000A30192010E944D57F4016087718782875A
:101C30009387E11016C0F6013497208131814281EB
:101C40005381F80160817181828193810E944C5798
:101C5000F8016083718382839383F6E0FF1609F4B1
:101C60006BCEF3940C5F1F4FC6CFEE2021F3F5CF60
:101C700083E30E9409068EEF92E00E948B08809118
:101C80000A1B8A5C0E94580880918F1C81FF1EC02D
:101C900089EF92E00E948B089091141980913B0F7C
:101CA000981708F477C08D5D891B0E9458088CE254
:101CB0000E9409068091C5089091C608981708F4FB
:101CC0006BC0981B892F80950E9458080E943B0C7E
:101CD000009791F0FC01C2A0D3A0E4A0F5A0C1142C
:101CE000D104E104F10441F084EF92E00E948B08FA
:101CF000C701B6010E9440088FEE92E00E948B0857
:101D00008091DC1A8C7709F44AC06091B31A709103
:101D1000B41A8091B51A9091B61A0E94A4078CE269
:101D20000E9409066091E91A7091EA1A8091EB1AF3
:101D30009091EC1A40E00E94FA068091E81A8823FC
:101D400091F181508093E81A8091E71A8823E1F19C
:101D500081508093E71A8EE30E9409060E9447098A
:101D6000C059DF4F0FB6F894DEBF0FBECDBFDF9175
:101D7000CF911F910F91FF90EF90DF90CF90BF9088
:101D8000AF909F908F907F906F905F904F9008954D
:101D900084E36FCF815088CF8150891B95CF60E05D
:101DA00070E0CB01BACF8091DC1A8C7759F08DE1CD
:101DB0008093E81A8091E71A8111C6CF81E0809361
:101DC000E71AC2CF89E0F4CF8091DC1A8C7711F04A
:101DD00083E1BFCF89E0BDCF0E943B0C892B19F076
:101DE00082E00C94BD0308952F923F924F925F9230
:101DF0006F927F928F929F92AF92BF92CF92DF921B
:101E0000EF92FF920F931F93CF93DF9300D01F9217
:101E1000CDB7DEB700911419002309F486C00983F9
:101E200039813150398310913A0F131709F466C084
:101E3000C32ED12CE6E43E9FC00111249C01245CFA
:101E4000304F7901F90172A483A494A4A5A466A5D6
:101E500077A580A991A99B01AC010E944D57F7017C
:101E600022A933A944A955A90E94A45AB62EE72E47
:101E7000F82E9B83262F372F482F592F672D782D2B
:101E8000892D9A2D0E94425887FF03C0B72C7401F8
:101E9000AB8286E48C9DF0018D9DF00D1124E45CF5
:101EA000F04F8B2D9E2DAF2DBB8186A397A3A0A7AE
:101EB000B1A7F9818F2FF11101C084E2FF24FA94B8
:101EC000F80E30903B0F1F1133C0131102C00E9457
:101ED000AA04E6E41E9FC0011124845C904F9A83FB
:101EE000898333243394310EF4E23F1201C0312C44
:101EF00086E4282E031185C010933A0F0F900F909F
:101F00000F900F90DF91CF911F910F91FF90EF9065
:101F1000DF90CF90BF90AF909F908F907F906F9009
:101F20005F904F903F902F90089524E2298378CFBF
:101F3000298186E4289F90011124245C304F3C8342
:101F40002B8326E4E22E8F2C912CFE9CC0011124C1
:101F5000FC01E45CF04FFA83E983F11002C094E2E3
:101F6000F92EFA94F31002C00E94AA04E89CC00162
:101F7000E99C900D11249C01245C304F6901F9010A
:101F800042A453A464A475A4A301920166A177A1FD
:101F900080A591A50E944258882339F1F60166A5D3
:101FA00077A580A991A99B01AC010E944D57F6012C
:101FB00022A933A944A955A90E94A45AEB81FC8106
:101FC00026A137A140A551A50E944D574B015C01A8
:101FD000AC019B01C301B2010E94645AF6011816BC
:101FE0005CF486A297A2A0A6B1A629813A813C837F
:101FF0002B831F11A8CF6DCF46A257A260A671A652
:10200000F4CFC32CD12C329CC00111249C01245C40
:10201000304F7901E981FA8146A057A060A471A4EC
:10202000F90186A097A0A0A4B1A4A5019401C301C1
:10203000B2010E94425887FF26C0E981FA8166A555
:1020400077A580A991A99B01AC010E944D57E98118
:10205000FA8122A933A944A955A90E94A45AA3012F
:1020600092010E944D572B013C01AC019B01C5011F
:10207000B4010E94645A181634F4F70146A257A21C
:1020800060A671A6132D2C9CF0012D9CF00D11243F
:10209000E45CF04F22A533A544A555A566A177A120
:1020A00080A591A50E944258811101C0132D33943F
:1020B000F4E23F1201C0312CFA82E9821BCF6F9209
:1020C0007F928F929F92AF92BF92CF92DF92EF92C8
:1020D000FF920F931F93CF93DF93EB018C015B0172
:1020E0008CE1A80EB11C89E9682E96E7792E26E9C5
:1020F000822E3EE7932EC990D990E990F99020E086
:1021000030E0A901C701B6010E9442588823B9F006
:10211000A7019601F80160817181828193810E94FB
:102120004C586B017C01E894F7F89301A401C701B6
:10213000B6010E94645A181614F0360147010C5F6C
:102140001F4FCA15DB05B9F6B301C401DF91CF916A
:102150001F910F91FF90EF90DF90CF90BF90AF90C5
:102160009F908F907F906F9008954F925F926F92A3
:102170007F92AF92BF92CF92DF92EF92FF920F9336
:102180001F93CF93DF936C01FB015A01A081A80F2D
:10219000B92FB11D8C91ED018D3249F52296119622
:1021A0008C9101E0512C612C10E020E030E0A9017D
:1021B0007E0190ED792E780E89E0871528F16394E1
:1021C000A8E0A615E8F051101150A5E0B0E00E947B
:1021D000245C9B01AC01220F331F441F551F270DA8
:1021E000311D411D511D2196D7018C91E1CF8B32BC
:1021F00019F0219600E0D6CF229611968C91FACF55
:102200005110F1CF1F5FEFCFBEEF7B1205C0511011
:1022100003C055245394E7CF662009F17F01CA011A
:10222000B9010E94F4582B013C0120E030E0A901E3
:102230000E94425881112EC0002309F448C077FA49
:10224000709477F87094F5014082518262827382B3
:10225000CC19DD09C150F701C08366246394862D33
:10226000DF91CF911F910F91FF90EF90DF90CF9072
:10227000BF90AF907F906F905F904F9008952AE04D
:1022800037ED43E25CE3C301B2010E94A45A2B0183
:102290003C011E5F1F3F9CF31F3F59F42DEC3CECAB
:1022A0004CEC5DE3C301B2010E94A45A2B013C0136
:1022B000C3CF112309F220E030E040E251E4C30132
:1022C000B2010E94A45A2B013C011150F2CFD5015A
:1022D0004D925D926D927C921397BACF93B180919B
:1022E000A01C86FF17C09E77B9F094FB882780F961
:1022F00095FD8260292F207409F08460292F2470B5
:1023000092FD886091FD80612111806293FF05C07C
:10231000806408959095E7CF80E00895EBE6F0E0C3
:10232000808181788083E8E6F0E080818E7F808301
:10233000089584B1817884B9809107018B7F80935F
:1023400007018091080184608093080185B18E6740
:1023500085B98091A01C83FF16C080916B008E67A9
:1023600080936B008091680081608093680084B7DF
:10237000877F84BF8091600088618093600081E0E6
:102380008093600008950E948E11F1CF27E030E025
:1023900090E0AC01022E02C0559547950A94E2F7F1
:1023A000A09A40FF11C000000000000000000000E3
:1023B00000000000000000000000A09800000000E5
:1023C0002150310930F7089500000000A098000066
:1023D00000000000000000000000000000000000FD
:1023E0000000EECF809185048823F1F180917A007E
:1023F000806480937A0080917A0086FDFCCF909172
:10240000780080917900892798278927009721F003
:10241000893E23E092075CF01092710410927204DE
:10242000109273041092740410927B040895092E84
:10243000000CAA0BBB0B4091800450918104609169
:10244000820470918304840F951FA61FB71F809389
:10245000800490938104A0938204B09383048091BC
:1024600084048F5F80938404089563E77BE18BE1AC
:102470009BE10C943804F894F999FECF92BD81BD8C
:1024800081E08FBB20B5862F8227082E000C990B88
:1024900050E086239523892B49F084E16F3F11F0AA
:1024A00060BD84E08FBBF99A789408952617E1F314
:1024B00060BD84E2F7CF9F92AF92BF92CF92DF923E
:1024C000EF92FF920F931F93CF93DF935C018A01EA
:1024D0007B01E40EF51EEB01912C6C01C61AD70AA4
:1024E000CE018C0D9D1D21E0911007C0292D990C66
:1024F000330B232F221F2227221F6991962E920E23
:102500000E943B12CE15DF0559F7692DC501800FDA
:10251000911FDF91CF911F910F91FF90EF90DF906E
:10252000CF90BF90AF909F900C943B126AE090E0E8
:1025300080E00E943B1247E451E06BE17CE181E0E6
:1025400090E00C945B12F999FECF92BD81BD81E0C1
:102550008FBB80B508959F92AF92BF92CF92DF92CA
:10256000EF92FF920F931F93CF93DF935B018A014A
:102570007C01E40EF51EEC01912C6B01C81AD90AFE
:10258000C6018C0F9D1F0E94A31221E0911007C06D
:10259000292D990C330B232F221F2227221F982E1F
:1025A000920E8993CE15DF0559F7C501800F911F53
:1025B0000E94A31221E030E0891511F030E020E004
:1025C000C901DF91CF911F910F91FF90EF90DF90A4
:1025D000CF90BF90AF909F900895EF92FF920F938E
:1025E0001F93CF93DF9300D000D01F921F92CDB7DF
:1025F000DEB79E012F5F3F4F7901285F3F4FF70104
:10260000982F917091938695E217F307C9F78F0180
:10261000F80182918F01805D0E940906E016F106A3
:10262000B9F728960FB6F894DEBF0FBECDBFDF9185
:10263000CF911F910F91FF90EF900895E9ECF0E09A
:1026400080818F7E80838081806180838091D00EA5
:102650008093CF0EEFECFDE080E091E0DF019C0184
:102660001D9221503040E1F70895E7E8F6E08CE351
:10267000DF011D928A95E9F710923B0F1092141911
:1026800081E08093860610923A0F089580E00E94C0
:102690009E0480E00E94920480E00E948604A59837
:1026A00080E00E947A04E2E0F1E080818F7D808307
:1026B00080818F7B808310988B985F988081877F43
:1026C000808308954F925F926F927F92AF92BF92F4
:1026D000CF92DF92EF92FF920F931F93CF93DF93EE
:1026E000EC015C012CE1A20EB11C8C01C12CD12C9F
:1026F0007601F80141905190619071908F0120E036
:1027000030E0A901C301B2010E944258882371F050
:10271000A3019201C301B2010E94A45A9B01AC0122
:10272000C701B6010E944D576B017C010A151B05BC
:1027300001F7C701B6010E94435B6B017C01AC014C
:102740009B0160E070E080E89FE30E944C582B0101
:102750003C0169917991899199915E01F4E0AF1AF8
:10276000B108A30192010E94A45AF501608371830C
:1027700082839383C017D10761F7C701B601DF9148
:10278000CF911F910F91FF90EF90DF90CF90BF906E
:10279000AF907F906F905F904F9008954F925F92AF
:1027A0006F927F928F929F92AF92BF92CF92DF9261
:1027B000EF92FF926B017C0180909C1C90909D1C7D
:1027C000A0909E1CB0909F1C4090981C5090991C0B
:1027D00060909A1C70909B1CA3019201C501B401EA
:1027E0000E94645A87FF1BC06091E51A70E090E078
:1027F00080E00E94F6582AE037ED43E25CE30E9455
:10280000A45AA70196010E94A45A6B017C01AC0155
:102810009B01C301B2010E9442581816BCF04092BD
:10282000E91A5092EA1A6092EB1A7092EC1A80E060
:1028300094E0FF90EF90DF90CF90BF90AF909F908B
:102840008F907F906F905F904F900895A7019601B1
:10285000C501B4010E94645A87FD1FC020E030E02A
:10286000A901C701B6010E94425881110BC0109204
:10287000E91A1092EA1A1092EB1A1092EC1A90E0F0
:1028800080E0D7CF8092E91A9092EA1AA092EB1AD0
:10289000B092EC1A81E090E0CCCFC092E91AD092CD
:1028A000EA1AE092EB1AF092EC1AA5019401C70122
:1028B000B6010E944C572091D20E3091D30E409118
:1028C000D40E5091D50E0E94A45A0E94315920E096
:1028D00030E040E85FE30E944D570E94C558CB01AD
:1028E000A8CF2F923F924F925F926F927F928F92DA
:1028F0009F92AF92BF92CF92DF92EF92FF920F938F
:102900001F93CF93DF93CDB7DEB7C054D1090FB675
:10291000F894DEBF0FBECDBF8091E01A80FD75C276
:102920009091151980911619981709F46EC280912B
:10293000CD1A9091CE1A892B09F07EC01091E01A21
:1029400012FF7DC28091141926E4829FC0011124D8
:10295000845C904F9093CE1A8093CD1A4091CD1AFB
:102960005091CE1A5E834D83452B09F44EC20091DF
:102970009D1A00FF67C210929D1A1092AF1A109212
:10298000B01A1092B11A1092B21AAD81BE819E9601
:102990002D913D914D915C91D19729833A834B8341
:1029A0005C8360E070E080E09FE30E944C586987A0
:1029B0007A878B879C87ED81FE8142A853A864A803
:1029C00075A886A097A0A0A4B1A411FF29C3F2E026
:1029D000F093AE1AA50194010E94A45A9B01AC0188
:1029E000C301B2010E944C576B017C0120E030E032
:1029F000A9010E94425887FF02C329813A814B8175
:102A00005C81CA01B9010E944D57A30192010E9445
:102A1000A45A9B01AC01C501B4010E944C570E940D
:102A2000435B6093BB1A7093BC1A8093BD1A90935A
:102A3000BE1A18601093E01AE0916719F8E0EF9F52
:102A4000D0011124BA87A987FD01E95EF64E809175
:102A50009C1A84834090CD1A5090CE1AD201D296FF
:102A6000BC91BEA3F201F3A9FFA3D201D496BC91FD
:102A7000B8A7F201F5A9F9A72091AA1A3091AB1ACB
:102A80004091AC1A5091AD1A6EA17FA18B2F9F2F50
:102A90000E944C576AAB7BAB8CAB9DAB20E030E027
:102AA000A9010E94425887FF04C01AAA1BAA1CAAA7
:102AB0001DAA2091BF1A2E8B3091C01A3F8B4091D6
:102AC000C11A488F5091C21A598F8091B71A8E8FB0
:102AD0009091B81A9F8FA091B91AA8A3B091BA1A71
:102AE000B9A3E091C31AEAA7F091C41AFBA72091F9
:102AF000C51A2CA73091C61A3DA74091B31A4FAF03
:102B00005091B41A21965FAF21976090B51A7090DA
:102B1000B61A8091AE1A89839091AF1A9EA7A091A0
:102B2000B01AAFA7B091B11AB8ABE091B21AE9AB45
:102B3000F091BB1AFBAF2091BC1A2CAF3091BD1A9B
:102B40003DAF4091BE1A4EAF2AA53BA54CA55DA551
:102B50006E897F89888D998D0E9442588111EFC3BB
:102B600052E05EAB9EA19D83AFA1AD87B8A5B98BA6
:102B7000E9A5ED8B8EE3C82E83ECD82E8EE2E82EED
:102B800089E3F82E1A8E1B8E1C8E1D8EA7019601CE
:102B90002AA33BA34CA35DA33981313009F449C476
:102BA000D201313008F4D3C3333009F075C49E9696
:102BB0002D913D914D915C91D197C701B6010E9435
:102BC000A45A4B015C0120E030E040E05FE30E944A
:102BD000A45A9B01AC016FAD21967FAD2197C30133
:102BE0000E944C57A70196010E94A45A6FAB78AF80
:102BF00089AF9AAF9B01AC016D817D8589899D89E3
:102C00000E944C571B018C012E893F89488D598D9C
:102C10000E94425887FD0CC020E030E0A9016FA956
:102C200078AD89AD9AAD0E94425818160CF472C462
:102C30002E893F89488D598D6EA17FA188A599A5C0
:102C40000E944C579B01AC010E944D576B017C01C7
:102C50002E8D3F8D48A159A16FAD21967FAD219753
:102C6000C3010E944D579B01AC01C701B6010E94F0
:102C70004C586B017C01BE8DBFAFEF8D2196EFAF3D
:102C8000219768A079A02E883F88088D198DF1E0E2
:102C9000F983A70196016A8D7B8D8C8D9D8D0E9495
:102CA0004D576A8F7B8F8C8F9D8F2AA13BA14CA1A2
:102CB0005DA10E94425887FF67C42A8D3B8D4C8DD1
:102CC0005D8D6AA17BA18CA19DA10E944C576B01D7
:102CD0007C019101A8016EA57FA588A999A90E94F0
:102CE000425887FD2FC38FAD21969FAD2197D30109
:102CF0008093B31A9093B41AA093B51AB093B61AEE
:102D0000F981F093AE1AE0916819F091691981A1E7
:102D1000811104C09091E01A93FF33C0D2019196C3
:102D20009C91907309F45EC4F201EE5BFF4FC0808A
:102D3000D180E280F3808823B9F02091C71A3091C6
:102D4000C81A4091C91A5091CA1A6FAD21967FAD29
:102D50002197C3010E94A45A9B01AC01C701B6018F
:102D60000E94A45A6B017C01C701B6010E94CE13D8
:102D70009093CC1A8093CB1A8091E01A877F80932E
:102D8000E01A8091CB1A9091CC1AE985FA85E95E18
:102D9000F64EFE83ED83978386832091A61A3091A9
:102DA000A71A4091A81A5091A91AB101C8010E940E
:102DB000A45A2B013C010E942B586B017C016091AD
:102DC000A21A7091A31A8091A41A9091A51A0E9438
:102DD0002B584B015C01A70196010E944C570E94A1
:102DE000C55869837A838B839C83E981FA81AD819D
:102DF000BE81ED93FC93EF2B09F001C48091E01AA2
:102E000081FFFDC381608093E01AC05CDF4F0FB685
:102E1000F894DEBF0FBECDBFDF91CF911F910F9110
:102E2000FF90EF90DF90CF90BF90AF909F908F90EA
:102E30007F906F905F904F903F902F9008950E94E9
:102E40003B0C88CD80919C1A8F5F893009F480E01B
:102E500080939C1A282F30E052E2859FC0011124F4
:102E6000DC01A659B64E7D01B0936919A09368198B
:102E7000ED81FE8180A190968C9390E080E041915D
:102E8000519161917191D701A80FB91F689412F8FF
:102E9000440F551F661F771F1694D1F74D935D930E
:102EA0006D937C93139704968C31910541F7AD8116
:102EB000BE815C966D917D918D919C915F97B2E200
:102EC000B29FA001B39F500D1124FA01E659F64EAE
:102ED0004B015C0123E0880C991CAA1CBB1C2A95A1
:102EE000D1F7848E958EA68EB78E0E94F45860938B
:102EF000A21A7093A31A8093A41A9093A51AED8135
:102F0000FE8122A933A944A955A90E944C589B01CE
:102F1000AC012093A61A3093A71A4093A81A509395
:102F2000A91A60E070E080EA9FE30E944C58609329
:102F3000AA1A7093AB1A8093AC1A9093AD1A1092A0
:102F40009E1A10929F1A1092A01A1092A11A11FDA7
:102F500002C003FF43C06091BB1A7091BC1A8091FC
:102F6000BD1A9091BE1A6093B31A7093B41A8093ED
:102F7000B51A9093B61A9B01AC010E94A45AAD8178
:102F8000BE8196966D937D938D939C939997077FC1
:102F900000939D1AD70191961C928091A01C81FFED
:102FA000ECCCED81FE8181A185FFE7CCFE962081EE
:102FB00031814281538160E070E080E89FE30E94AC
:102FC0004C586093C71A7093C81A8093C91A90938B
:102FD000CA1AE1E0D7019196EC93CFCCED81FE8146
:102FE00066A177A180A591A50E94435B6093B31A67
:102FF0007093B41A8093B51A9093B61ACBCFC0923F
:10300000AF1AD092B01AE092B11AF092B21A10929E
:10301000BB1A1092BC1A1092BD1A1092BE1A09CD9A
:103020001092AE1A4092BF1A5092C01A6092C11A02
:103030007092C21A12FF6AC01092BB1A1092BC1A88
:103040001092BD1A1092BE1AC12CD12C76018D811E
:103050009E810E94C60B698B7A8B8B8B9C8B9B010C
:10306000AC010E94A45A6D837E838F839887A5014B
:1030700094010E94425887FF93C02D813E814F8169
:103080005885C501B4010E944C5729853A854B8566
:103090005C850E94A45A9B01AC01C301B2010E944D
:1030A0004C576093BF1A7093C01A8093C11A9093C3
:1030B000C21A20E030E0A9010E94425818160CF410
:1030C00049C032E03093AE1A29813A814B815C814C
:1030D000CA01B9010E944D57A30192010E94A45A4E
:1030E0009B01AC01C501B4010E944C570E94435B97
:1030F0006093BB1A7093BC1A8093BD1A9093BE1A4A
:1031000080919D1A886080939D1A93CCE0913B0F2B
:10311000EF5FE43209F4E0E080911419C12CD12C66
:1031200076018E1751F026E42E9FF0011124E45C05
:10313000F04FC6A0D7A0E0A4F1A4C701B6010E9439
:10314000435B6093BB1A7093BC1A8093BD1A909333
:10315000BE1A7DCFA70196016D817E818F819885F2
:103160000E944C5729853A854B855C850E94A45A5C
:103170006093C31A7093C41A8093C51A9093C61AA9
:1031800089899A89AB89BC898093B71A9093B81AB8
:10319000A093B91AB093BA1A93E09093AE1A49CC9F
:1031A000A7019601C501B4010E944C5729853A85B3
:1031B0004B855C850E94A45AA30192010E944D5741
:1031C00020E030E040E05FE30E94A45A6D877E87F4
:1031D0008F87988B20E030E0A9010E94645A18166E
:1031E0000CF094C0A30192016D857E858F8598892E
:1031F0000E94425887FF88C0A70196016D817E8199
:103200008F8198850E944C5729853A854B855C852E
:103210000E94A45A9B01AC012093C31A3093C41A94
:103220004093C51A5093C61A6D857E858F859889FF
:103230000E94645A1816BCF529893A894B895C8921
:103240002093B71A3093B81A4093B91A5093BA1A08
:10325000A50194016D817E818F8198850E944258DD
:10326000811104C031E03093AE1AE3CBA501940183
:103270006D817E818F8198850E944C5729853A8582
:103280004B855C850E94A45A9B01AC01C301B2012D
:103290000E944C576093BF1A7093C01A8093C11A52
:1032A0009093C21AC6CB8D859E85AF85B8898093D1
:1032B000BF1A9093C01AA093C11AB093C21A8093F8
:1032C000C31A9093C41AA093C51AB093C61A298141
:1032D0003A814B815C81CA01B9010E944D572D850D
:1032E0003E854F8558890E94A45AA70196010E94E5
:1032F0004D570E94435B6093B71A7093B81A80933E
:10330000B91A9093BA1A95CB92E047CF8091BB1A25
:103310009091BC1AA091BD1AB091BE1A1092BF1A1A
:103320001092C01A1092C11A1092C21A8093B71A42
:103330009093B81AA093B91AB093BA1A7ACB81E0D5
:103340008EAB10CC2D823D86098B1D8B25CC9E9695
:103350002D913D914D915C91D197C701B6010E948D
:10336000A45A4B015C0120E030E040E05FE30E94A2
:10337000A45A2FAD21963FAD2197A3010E944D572E
:10338000A70196010E94A45A9B01AC016D817D8525
:1033900089899D890E944C571B018C019B01AC01BE
:1033A0006E897F89888D998D0E94645A181694F5CC
:1033B0002E893F89488D598D6EA17FA188A599A539
:1033C0000E944C579B01AC010E944D576B017C0140
:1033D0002E8D3F8D48A159A16FAD21967FAD2197CC
:1033E000C3010E944D579B01AC01C701B6010E9469
:1033F0004C586B017C01BEA9B983EE8DEFAFFF8DF8
:103400002196FFAF219768A079A02E883F88088D6C
:10341000198D3FCCA50194016FAD21967FAD219709
:10342000C3010E944D576FAF21967FAF21973C019A
:1034300030CC2E8D3F8D48A159A1C701B6010E9405
:10344000A45A9B01AC016D817D8589899D890E946B
:103450004C571B018C012AA53BA54CA55DA50E94DC
:10346000425887FF16CC2AA53BA54CA55DA56D81CA
:103470007D8589899D890E944C572E8D3F8D48A15D
:1034800059A10E944C586B017C012AA43BA40CA5B5
:103490001DA522E02983FDCB9E962D913D914D9156
:1034A0005C91D197C701B6010E94A45A4B015C01FF
:1034B000AC019B016FAD21967FAD2197C3010E94A6
:1034C000645A18168CF520E030E040E05FE3C50157
:1034D000B4010E94A45A9B01AC016FAD21967FAD4F
:1034E0002197C3010E944C57A70196010E94A45A3C
:1034F0009B01AC016D817D8589899D890E944C5716
:103500001B018C012EA53FA548A959A90E94645A08
:10351000181654F4A50194016FAD21967FAD219743
:10352000C3010E944C577FCF2EA53FA548A959A99A
:103530006D817D8589899D890E944C579B01AC01D5
:103540000E944D576B017C012BAD3CAD4DAD5EAD86
:103550006FAD21967FAD2197C3010E944D579B010E
:10356000AC01C701B6010E944C586B017C01BBAD98
:10357000BFAFECAD2196EFAF21976DAC7EAC2EA422
:103580003FA408A919A985CB2AA93BA94CA95DA9E3
:10359000B101C8010E94645A18169CF42EE333EC62
:1035A0004EE259E36AA17BA18CA19DA10E944D57D7
:1035B0006AA37BA38CA39DA32A8D3B8D4C8D5D8D2F
:1035C00084CB8FAD21969FAD2197D3018093B31A01
:1035D0009093B41AA093B51AB093B61A2981209388
:1035E000AE1A91CB1092E91A1092EA1A1092EB1AC5
:1035F0001092EC1A1092CC1A1092CB1ABDCB2091DB
:103600009E1A30919F1A4091A01A5091A11A6A8D6A
:103610007B8D8C8D9D8D0E944D576D837E838F8316
:103620009887A3019201C501B4010E944C579B01E8
:10363000AC016D817E818F8198850E944C584B0131
:103640005C0120EC31EE44E65EE40E94A45A0E9444
:103650002B580E94C558E985FA85E95EF64E603D13
:1036600037E073078105910508F054C01582E9859C
:10367000FA85E95EF64E7383628380911619809312
:1036800067198F5F8A3009F47BC080931619E09127
:10369000CD1AF091CE1AC101D80182AB93ABA4AB85
:1036A000B5ABC092A21AD092A31AE092A41AF092DB
:1036B000A51AA3019201C701B6010E944C57A501AA
:1036C00094010E94A45A60939E1A70939F1A80934B
:1036D000A01A9093A11A2091AF1A3091B01A40917C
:1036E000B11A5091B21AB101C8010E944258811119
:1036F00017C99091E01A998320E030E0A901B10147
:10370000C8010E94645A1816F4F5A981A160A0931B
:10371000E01A7BCB603A4FE074078105910520F5F4
:1037200051E05583E985FA85E95EF64E2581022E42
:1037300004C096958795779567950A94D2F7498145
:103740005A8102C0440F551F2A95E2F751834083E6
:103750006115710551E08507910508F488CF8FEF59
:103760009FEF9383828389CF6034AFE17A0781052D
:10377000910518F4B2E0B583D5CF23E02583D2CFED
:103780001092161984CFB981B2FF04C0B160B09312
:10379000E01A3BCB1092CE1A1092CD1A90913B0FAB
:1037A00080911419891709F4BBC881E0890F84320C
:1037B00009F480E020913A0F921302C080933A0FEF
:1037C00080933B0FADC8019708F40895EFE9FFE03F
:1037D0003197F1F700C00000F6CF80916F008D7F28
:1037E00080936F0080918100887F81608093810049
:1037F0001092F60E80918E1C9091DC1A8F3F49F446
:103800002091D31A211105C0903829F490E00C942E
:10381000E31B9430D9F70895CF93DF930E94ED1BFB
:10382000ECE9FAE181E3DF011D928A95E9F7C7EF40
:10383000DEE083E4FE0111928A95E9F71092CE1A38
:103840001092CD1A109215191092671981E0809389
:1038500016191092F60E0E9428058091F50E8F8F92
:1038600082B181709091F40E892B82B988B18170F8
:103870009091F50E892B88B9DF91CF910895EF9241
:10388000FF920F931F93CF93DF93EC01FC0127E08E
:103890008FEF9FEF2150D9F48C017E0186E0E80E76
:1038A000F11C89910E94BB05EC16FD06D1F7802F13
:1038B0000E94BB05812F0E94BB0582E390E0DF914F
:1038C000CF911F910F91FF90EF900C94E31B3191DA
:1038D000832748E050E0BC01617077279695879573
:1038E000672B21F031E0832730EA932741505109BB
:1038F00091F7D0CFCF93DF9300D000D0CDB7DEB714
:103900008091A01C81FF0EC08091A0008F7D8093CC
:10391000A00026960FB6F894DEBF0FBECDBFDF9194
:10392000CF91089586E0E9E0F2E0DE011196019082
:103930000D928A95E1F7CE0101960E943F1CE9CFD6
:10394000CF92DF92EF92FF92CF93DF9300D000D01F
:10395000CDB7DEB79091DD1A911110C06A017B01DD
:10396000811119C01092E91A1092EA1A1092EB1AFA
:103970001092EC1A0E947A1C1092E71A26960FB643
:10398000F894DEBF0FBECDBFDF91CF91FF90EF90D7
:10399000DF90CF9008959091A01C9270803181F4B7
:1039A00086E0EFE0F2E0992381F08091A01C81FF96
:1039B00017C0C701B6010E94CE130E94E004DCCFFD
:1039C0009111F3CF86E0E5E1F2E0DE01119601907E
:1039D0000D928A95E1F7CE0101960E943F1CE5CF3A
:1039E00020E030E040EC50E4C701B6010E944C58A2
:1039F0000E94C55881E0898386E08A8380EF8B83AB
:103A000088E08C837D836E83CE0101960E943F1CEB
:103A1000B3CFE1E0F1E080818061808383E0809337
:103A2000A0008AE18093A10080E094E09093A90037
:103A30008093A80020919C1C30919D1C40919E1C5D
:103A400050919F1C6091981C7091991C80919A1CB8
:103A500090919B1C0E944C579B01AC0160E070EC64
:103A60008FE794E40E944C586093D20E7093D30E6B
:103A70008093D40E9093D50E0C947A1C2F923F9283
:103A80004F925F926F927F928F929F92AF92BF926E
:103A9000CF92DF92EF92FF920F931F93CF93DF931A
:103AA000CDB7DEB72F970FB6F894DEBF0FBECDBFF0
:103AB000082F4B016DB67EB68CE0EBE1F2E0DE0143
:103AC000119601900D928A95E1F70E941E1310E065
:103AD000180184E0220C331C8A95E1F723E02D873E
:103AE0002E013DE0430E511CF101E55FF24EFF87D0
:103AF000EE878101045F124E9E012F5F3F4F7901D7
:103B0000F70181917F010E94D405E414F504C1F707
:103B1000F12CE12CF101EE0DFF1DE350F34E8081FD
:103B20000E94D405FFEFEF1AFF0A2EE0E216F1041F
:103B300089F7EE85FF85E080F8018081FE2CE82E74
:103B4000E80CF91C8F2D0E94D405FE2DFF70EF2E7E
:103B50008F2F0E94D40585E50E94D405EE85FF8550
:103B6000F082F801E08284E690E00E94E31B0E946C
:103B700091058A3A19F50E949105CDB6DEB6A82EB8
:103B8000B12C2DB73EB72A193B090FB6F8943EBFAA
:103B90000FBE2DBFEDB7FEB731967F01682FCF0165
:103BA0000E947B05EA0CFB1CF7013197808185356B
:103BB00059F00FB6F894DEBE0FBECDBEFD85F150B4
:103BC000FD87F11199CF05C00FB6F894DEBE0FBE88
:103BD000CDBE0FB6F8947EBE0FBE6DBE2F960FB64B
:103BE000F894DEBF0FBECDBFDF91CF911F910F9133
:103BF000FF90EF90DF90CF90BF90AF909F908F900D
:103C00007F906F905F904F903F902F9008955F92BC
:103C10006F927F928F929F92AF92BF92CF92DF92DC
:103C2000EF92FF920F931F93CF93DF9300D000D0BA
:103C300000D01F921F92CDB7DEB74C016DB67EB695
:103C40008BE0E7E2F2E0DE01119601900D928A9599
:103C5000E1F70E941E138FE0582E5E012CE0A20EA9
:103C6000B11C8E010F5F1F4FF80181918F010E94DF
:103C7000D405A016B106C1F784E690E00E94E31BCC
:103C80000E9491058A3A09F04BC00E949105CDB679
:103C9000DEB6082F10E02DB73EB7201B310B0FB654
:103CA000F8943EBF0FBE2DBFEDB7FEB731967F0132
:103CB000682FCF010E947B050E0D1F1DF801319763
:103CC0008081853541F5F701369680E1D401019078
:103CD0000D928A95E1F70FB6F894DEBE0FBECDBE09
:103CE0000FB6F8947EBE0FBE6DBE2B960FB6F8943D
:103CF000DEBF0FBECDBFDF91CF911F910F91FF901F
:103D0000EF90DF90CF90BF90AF909F908F907F907B
:103D10006F905F9008950FB6F894DEBE0FBECDBED3
:103D20005A9451109ECFDCCFCF93C82F8FEC92E0E6
:103D30000E948B088C2F0E9458080E94470984EF2C
:103D400091E0CF910C94E31B4F925F926F927F9220
:103D50008F929F92AF92BF92CF92DF92EF92FF929B
:103D60000F931F93CF93DF93C091D31ACC23F9F015
:103D700081E08093DC1A8C2F0E94941EC150C230C7
:103D800088F487E295E00E948B088AE195E00E9422
:103D90008B080E94630B80E10E94B3038091D21ACA
:103DA00084FFFCCF8FB7F8941092D31A8FBFC091C5
:103DB000D21ACC2309F4DBC0C4FF14C081E0809385
:103DC000DD1ADF91CF911F910F91FF90EF90DF905F
:103DD000CF90BF90AF909F908F907F906F905F90AB
:103DE0004F900895C0FF05C00E944B0C81E00E94D7
:103DF000B3038C2F887E09F46AC08091DC1A982F57
:103E0000937009F053C08872A9F08091DE1A807C0B
:103E100089F40E94AA0482E08093E01A8091DC1A5F
:103E2000803241F480E2C7FD0CC08091DE1A8068C8
:103E30008093DE1A8091DC1A811103C091E0909387
:103E4000DE1AC6FF07C085FD05C09091DE1A90649A
:103E50009093DE1AC3FF05C0807E19F480E1809341
:103E6000DC1AC5FF23C087E295E00E948B088EED27
:103E700094E00E948B080E94630B8091DE1A87FDFC
:103E800010C09091DC1A903451F483FF04C0837EFB
:103E900082608093DE1A80E48093DC1A02C090383E
:103EA000D1F78091DE1A80628093DE1AC7FF0CC0C2
:103EB0008091DC1A813029F48091DE1A856080932C
:103EC000DE1A80E88093DC1A88EE0E94B303C1FFFB
:103ED00028C08C2F887611F58091DC1A803441F44B
:103EE0008091DE1A85FD04C084FFF4C01092DC1AB4
:103EF0008091DC1A882309F4F3C084FF0FC09091ED
:103F0000DE1A90FF0BC0803109F0EAC08091E61AFA
:103F1000882309F4E5C088608093E61A82E00E9455
:103F2000B303C2FF24C09091DE1A8091DC1A807D19
:103F300009F4EFC08091DF1A8111EBC097FDEBC04F
:103F40000E94AA0480913B0F80933A0F0E94F40EC6
:103F50008091E01A81FF05C09091DE1A91609093E4
:103F6000DE1A897F8093E01A84E00E94B303909167
:103F7000D41A992309F44DC08FB7F8941092D41A2B
:103F80008FBF4091E31A842F90FD84E691FD865FF8
:103F900092FD8A5093FD8F5F94FD8150893C08F01B
:103FA00088EC8A3008F48AE03091E41A232F95FDDA
:103FB00024E696FD22E397FD29E1481302C023176A
:103FC00041F18093E31A2093E41A1092E71A80904B
:103FD0003B0F40901419C82D89E9B82E96E7E92EB9
:103FE00026E9F22EDEE736E4532EC411AFC08B2D46
:103FF0009E2DAF2DBD2F8093BF069093C006A0933A
:10400000C106B093C2060E94AA0480923A0F0E9491
:10401000F40E9091D51A992309F445C08FB7F894FE
:104020001092D51A8FBF2091E51A822F90FD84E659
:1040300091FD865F92FD8A5093FD8F5F94FD8150C4
:10404000893C08F088EC8A3008F48AE0281749F0A7
:104050002091E01A28602093E01A8093E51A1092CC
:10406000E71A8091DC1A95FF09C0803139F420915C
:10407000E61A2111C0C022E02093E61A292F207CE5
:1040800091F0882311F0887171F080910C1B97FFDB
:1040900003C087FFB4C08F7796FF03C086FFB1C00F
:1040A0008F7B80930C1B8091DC1A8C7F09F489CE66
:1040B000DF91CF911F910F91FF90EF90DF90CF9004
:1040C000BF90AF909F908F907F906F905F904F9038
:1040D0000C94711482FF0CCF88608093DE1A08CF95
:1040E0001092E01A0E943B0C892B71F08091DE1A2D
:1040F00086FD0AC01092DE1A88E08093DC1A0E94C6
:1041000071140E94CE040ACF1092DE1A1092DC1AAB
:1041100005CF97FF0AC01092E01A0E9435130E9443
:104120000C1C0E9435120E94B50B8091DE1A85FF8F
:1041300008C08F7781608093DE1A80E48093DC1A58
:1041400013CF1092DE1A1092DC1A0ECFCC2ED12C87
:10415000C59DC0011124845C904F0E94C60B3B0199
:10416000982EA92E2B2D3E2D4F2D5D2F0E94645A87
:104170005C9C80015D9C100D1124045C104F18168E
:104180009CF52B2D3E2D4F2D5D2F6B2D7E2D8F2DD4
:104190009D2F0E94A45AF80162A773A784A795A730
:1041A0005C9C80015D9C100D1124045C104FF80193
:1041B000C6A8D7A8E0ACF1ACA701960162A573A58B
:1041C00084A595A50E94645A18162CF4F801C2A67D
:1041D000D3A6E4A6F5A6CF5FC43209F4C0E0B62C9E
:1041E000E72CF92CDA2D01CF9301492D5A2DB3017B
:1041F000892D9A2DCECF20FF41CF24603DCF8068FE
:104200004BCF80644ECFCF92DF92EF92FF920F930D
:104210001F93CF93DF930E94A41E8091DE1A882300
:1042200009F460C00E943B0C0097D1F5C0910D1BB2
:1042300080910C1BC82BC0900E1BD0900F1BE090E0
:10424000101BF090111B8091A01C81FF03C080E225
:104250000E949B03C073D1E08091DE1A882309F489
:1042600041C09091DD1A91113DC080FF16C0909120
:10427000DC1A292F207C09F484C082FD1BC0109217
:10428000E61A40E050E0BA0180E00E94A01C809154
:10429000DE1A8D7F84608093DE1A0E94A41EDCCF1C
:1042A000FC01C1A18E5B9F4FFC01C080D180E280E8
:1042B000F380C9CF903811F587E295E00E948B0812
:1042C00085E994E00E948B080E94630B40E050E077
:1042D000BA0180E00E94A01C0E94ED1B8091DD1AB3
:1042E000882349F0DF91CF911F910F91FF90EF90BC
:1042F000DF90CF9008950E94A41EF0CF903429F44F
:10430000909106018F7D8093DE1A8091DE1A83FFE3
:10431000C4CF90910D1B992359F081FDBECF8091A0
:10432000A01C81FF10C08091E01A88608093E01A81
:104330008091DE1A81FDB1CF80618093DE1A82E028
:104340000E94BD03AACFB701A6018C2F0E94A01C1A
:1043500001E510E00150110959F38091DD1A811136
:10436000E7CF0E94A41E8091DE1A81FD96CFFFEF59
:1043700020E782E0F15020408040E1F700C00000DB
:10438000E9CF8091E61A8823C9F181FF0DC08091A1
:104390000D1B882351F140E050E0BA0180E00E94FB
:1043A000A01CD093E61A79CF8C7009F476CF809157
:1043B0000D1B882399F087E295E00E948B088EE917
:1043C00094E00E948B080E94630B8091A01C81FFE7
:1043D0000FC08091E01A88608093E01A8091E61AFD
:1043E00083FF03C082E00E94BD031092E61A55CFFE
:1043F000B701A6018C2F0E94A01CF0CF8091E01A7B
:1044000083FF4BCFB701A6018C2F0E94A01C809187
:10441000E01A877F8093E01A40CF0E94EC0E0E9442
:1044200003218091DD1A811108C00E943B0C892B69
:10443000B1F78091DC1A883091F308950E940D2223
:104440001092E81A0895CF92DF92EF92FF92CF93E5
:104450009091DC1A923079F06A017B01C82F0E949A
:104460000D22B701A6018C2FCF91FF90EF90DF9026
:10447000CF900C94A01CCF91FF90EF90DF90CF9045
:1044800008950F931F93CF93DF938B0121E031E0C9
:10449000829FE001839FD00D1124DD5F40E051E059
:1044A000BE01C8010E94AB12892B81F4F801108271
:1044B0000E940D2240E051E0B801CE010E945B1243
:1044C00080E0DF91CF911F910F91089581E0F9CFA6
:1044D0000F931F93CF93C82F8B010E940D222DE1C4
:1044E000C29FC00111244CE150E0B8019E5FCF9102
:1044F0001F910F910C945B121F93CF93DF93182F92
:10450000EB018DE1189FB00111247E5F4CE150E07A
:10451000CE010E94AB12892B71F48CE1FE01119245
:104520008A95E9F7BE01812F0E94682280E0DF9121
:10453000CF911F91089581E0FACF4F925F926F92D1
:104540007F928F929F92AF92BF92CF92DF92EF9223
:10455000FF920F931F93CF93DF93CDB7DEB76C9786
:104560000FB6F894DEBF0FBECDBF182F80FF2BC251
:104570008AE080938B1C89E180938E1C10928C1CA6
:1045800082E080938D1C80938F1C8AE097EDA3E2DC
:10459000BCE38093901C9093911CA093921CB093C9
:1045A000931C8FE692E1A3E0BBE38093941C90936D
:1045B000951CA093961CB093971C80E090E0AFE709
:1045C000B3E48093981C9093991CA0939A1CB09389
:1045D0009B1C10929C1C10929D1C10929E1C109271
:1045E0009F1C1092A11C80E090E0A8ECB1E48093A5
:1045F000A21C9093A31CA093A41CB093A51C80E0C4
:1046000090E0A6E1B4E48093A61C9093A71CA0932D
:10461000A81CB093A91C8AEF90E09093AB1C8093E8
:10462000AA1C80E090E0A0E0B0E48093AC1C9093E2
:10463000AD1CA093AE1CB093AF1C88E18093A01C6E
:1046400080E090E0A8ECB3E480931B1C90931C1CCA
:10465000A0931D1CB0931E1C80931F1C9093201CC4
:10466000A093211CB093221C8093231C9093241CA4
:10467000A093251CB093261C80E090ECAAE5B5E43D
:104680008093371C9093381CA093391CB0933A1C2C
:1046900080933B1C90933C1CA0933D1CB0933E1C0C
:1046A00080933F1C9093401CA093411CB093421CEC
:1046B00080E098ECAFEAB9E48093531C9093541CCB
:1046C000A093551CB093561C8093571C9093581C74
:1046D000A093591CB0935A1C80935B1C90935C1C54
:1046E000A0935D1CB0935E1C80E090E0A8ECB3EC5E
:1046F00080936F1C9093701CA093711CB093721CDC
:104700008093731C9093741CA093751CB093761CBB
:104710008093771C9093781CA093791CB0937A1C9B
:1047200080E090E0ACE5B2EC8093B91C9093BA1CA9
:10473000A093BB1CB093BC1C1092BD1C1092BE1C5D
:104740001092BF1C1092C01C80E090E0A8E5B2EC73
:104750008093C11C9093C21CA093C31CB093C41C33
:104760008DEC9CECACE8BFEB80935D1D90935E1DDF
:10477000A0935F1DB093601D86E28093611D81E070
:104780008093B01C1092B11C1092B21C1092B31CFA
:104790001092B41C1092B51C1092B61C1092B71C4B
:1047A0001092B81C45ECC42E4CE1D42E5CEEE52EE4
:1047B000FF24FA94412C512C60EA662E60EC762E90
:1047C000812C912C78E4A72E72ECB72EF601419241
:1047D0005192619271926F01B7010F2C000C880BFE
:1047E000990B0E94F658F601648B758B868B978B1C
:1047F00084A695A6A6A6B7A6FEE1EF1AF10888E35F
:10480000E8168FEFF80611F7EDE0FDE181E070ECBE
:1048100060E453E04AE036E022E392E280831182D2
:104820001282138274836583168217821086118622
:104830005287438734872587868797877096ADE1AF
:10484000ED34FA0759F710924D1D10924E1D10923B
:104850004F1D1092501D1092511D1092521D10921A
:10486000531D1092541D1092551D1092561D1092FA
:10487000571D1092581D1092591D10925A1D87E015
:1048800080935B1D84E080935C1D80E090E0A4E356
:10489000B3E48093271C9093281CA093291CB09309
:1048A0002A1C80E090E0AAEFB4E48093431C90932C
:1048B000441CA093451CB093461C40E058EC6FEAA2
:1048C00079E440935F1C5093601C6093611C70936B
:1048D000621C80E090E0A8E4B3EC80937B1C909392
:1048E0007C1CA0937D1CB0937E1C812C912C20EA13
:1048F000A22E23E4B22E80922B1C90922C1CA0920C
:104900002D1CB0922E1CC12CD12C3AE7E32E35E49D
:10491000F32EC092471CD092481CE092491CF092A2
:104920004A1C4093631C5093641C6093651C7093F5
:10493000661C80937F1C9093801CA093811CB09375
:10494000821C80922F1C9092301CA092311CB0923D
:10495000321C4093671C5093681C6093691C7093D1
:104960006A1CC0924B1CD0924C1CE0924D1CF092E1
:104970004E1C8093831C9093841CA093851CB09341
:10498000861C8092331C9092341CA092351CB092ED
:10499000361C40936B1C50936C1C60936D1C709381
:1049A0006E1CC0924F1CD092501CE092511CF09291
:1049B000521C8093871C9093881CA093891CB093F1
:1049C0008A1C0E94961211FF0FC0FE0131967F01D2
:1049D0008CE111928A95E9F700E0B701802F0E94DF
:1049E00068220F5F0830C9F712FF14C060E080E052
:1049F00093E00E943B1260E081E093E00E943B1252
:104A000060E081E094E00E943B1260E082E094E08C
:104A10000E943B1213FF0AC060E08EEA93E00E94FE
:104A20003B1260E08FEA93E00E943B126C960FB657
:104A3000F894DEBF0FBECDBFDF91CF911F910F91D4
:104A4000FF90EF90DF90CF90BF90AF909F908F90AE
:104A50007F906F905F904F900895EF92FF920F9329
:104A60001F93CF93DF93CDB7DEB765970FB6F8945A
:104A7000DEBF0FBECDBFE5E1FE2EE2E3F2E0DE01D8
:104A8000119601900D92FA94E1F78230910549F167
:104A9000E0F4019709F162307105B1F140F5613040
:104AA000710571F14230510509F441C098F541306A
:104AB0005105C9F12230310509F457C0F0F5213014
:104AC000310509F445C01F8657C08330910561F058
:104AD000049709F78FEF03C08FEF8E838F8388874A
:104AE000DACF8FEF8F83D7CF8FEF8E83D4CF633022
:104AF000710569F08FEF64307105A1F68B87D2CF15
:104B00008FEF89878A87FACF8FEF8A87CBCF8FEF96
:104B10008987C8CF4330510569F08FEF4430510584
:104B200049F68E87C7CF8FEF8C878D87FACF8FEFAF
:104B30008D87C0CF8FEF8C87BDCF23303105D1F06B
:104B40002430310509F0BFCF1F86188A8FEF03C0CC
:104B50008FEF8F87888B898B02301105E1F170F41C
:104B600001301105A9F01A8A3DC01F868FEF888B8E
:104B7000198AF2CF8FEF8F87188AFACF0330110589
:104B800079F10430110579F71A8A1B8A8FEF03C077
:104B90008FEF8A8B8B8B8C8B8E010F5F1F4F7E016B
:104BA00086E1E80EF11CF80181918F010E94BB059E
:104BB0000E151F05C1F784E690E065960FB6F894D0
:104BC000DEBF0FBECDBFDF91CF911F910F91FF9040
:104BD000EF900C94E31B1A8A8FEF8B8B1C8ADCCF2F
:104BE0008FEF8A8B1B8AFACFCF93DF93D82FA198B0
:104BF000A19AF894C0EAD13019F580E00E94C6115C
:104C00008FEF0E94C61180E00E94C611C15099F733
:104C100078948CE390E0A0E0B0E08A309105A105A3
:104C2000B105E8F425E02A95F1F700000197A10904
:104C3000B1090097A105B10581F7DF91CF910895E2
:104C4000D23029F48FEF0E94C61180E0DACF80E0E5
:104C50000E94C61180E00E94C6118FEFD5CF25E3D8
:104C60002A95F1F700000A97A109B109E2CF8091D6
:104C7000D21A84FD20C080E10E94BD030E947A1CEC
:104C80000E9446139091DC1A892F8C7221F4809136
:104C9000E01A867059F0943079F48091D31A81111A
:104CA00003C086E00E94AD030E94ED1B81E00E94DC
:104CB000F4251092FD1A089583E0F4CF7F928F922D
:104CC0009F92AF92BF92CF92DF92EF92FF920F939B
:104CD0001F93CF93DF93CDB7DEB766970FB6F894E7
:104CE000DEBF0FBECDBF9091DC1A913009F464C0D5
:104CF00098E0E7E4F2E0DE01119601900D929A95BA
:104D0000E1F798E0EFE4F2E0DE01199601900D92F0
:104D10009A95E1F796E0E7E5F2E0DE015196019021
:104D20000D929A95E1F79091D71A9093D61A9E0119
:104D3000275F3F4F7901882309F492C0CE01019685
:104D40006C01F60181916F010E94BB05EC14FD041A
:104D5000C1F784E690E00E94E31B0E946A058F3F42
:104D6000E1F722E3D22E5E01F7E1AF0EB11C812CF8
:104D700038E0932E7E0121E1E20EF11CF7018191D2
:104D80007F010E94BB05AE14BF04C1F784E690E02A
:104D90000E94E31B0E946A058F3F11F5C401801B2E
:104DA000910B0130F8E01F0710F0C8019850C2972E
:104DB000B8F581E08093F21A66960FB6F894DEBFDC
:104DC0000FBECDBFDF91CF911F910F91FF90EF905C
:104DD000DF90CF90BF90AF909F908F907F9008957D
:104DE0008E3FC1F60E946A058E3FA1F60E946A05B9
:104DF000853081F60E946A05813061F60E946A055D
:104E0000823041F60E946A05E82E0E946A05F82E5B
:104E10000E946A058A3F09F0BDCF1E2D0F2DBACF23
:104E2000DA94D110A7CF81E08093DC1A8AE00E9447
:104E3000941E0E94372666960FB6F894DEBF0FBE0A
:104E4000CDBFDF91CF911F910F91FF90EF90DF9039
:104E5000CF90BF90AF909F908F907F900C94032144
:104E60006E0131E1C30ED11CF70181917F010E94D7
:104E7000BB05CE14DF04C1F784E690E00E94E31B7B
:104E80000E946A058F3FE1F782E3782E5E01F7E129
:104E9000AF0EB11C96EF892E99E0992E7601F7019D
:104EA00081917F010E94BB05AE14BF04C1F784E667
:104EB00090E00E94E31B0E946A058F3F79F4C401D1
:104EC000801B910B073FF9E01F0718F0C801865FB0
:104ED0009940C29710F51092F21A6ECF8E3F59F793
:104EE0000E946A058E3F39F70E946A05853019F7DE
:104EF0000E946A058130F9F60E946A058230D9F66F
:104F00000E946A05E82E0E946A05F82E0E946A0532
:104F10008A3F89F61E2D0F2DCECF7A947110BECF09
:104F200082CFCF93C82F81E09C2F9870C3FF80E081
:104F30008093F31A911103C081E00E947A04C1FBAF
:104F4000882780F98093FB1A8091D31A811111C0B0
:104F5000C0958C2F80780E94ED128DE592E00E9422
:104F6000A90BC7FF06C00E94372681E0CF910C94A1
:104F7000AD03CF9108952F923F924F925F926F921F
:104F80007F928F929F92AF92BF92CF92DF92EF92D9
:104F9000FF920F931F93CF93DF93CDB7DEB7C65821
:104FA000D1090FB6F894DEBF0FBECDBFE9967FAF33
:104FB0006EAFE997B09014192B2D30E0E3963FAF18
:104FC0002EAFE39726E4B29EA0011124BA01645CDF
:104FD000704FEB967FAF6EAFEB97DB011D922A957A
:104FE000E9F7E996EEADFFADE9972485DB019196EF
:104FF0002C93FB01EE5BFF4FE996AEADBFADE99799
:1050000014964D915D916D917C91179740835183DA
:105010006283738318964D915D916D917C911B977E
:10502000EB96EEADFFADEB9742A353A364A375A33C
:1050300021FFE9C12CE1E3E7FBE1DE01D996019014
:105040000D922A95E1F7E4968FAFE497E5969FAF2E
:10505000E5972BE13CE1CD57DF4F39832883C358D7
:10506000D040BE01635E7F4FCF57DF4F79836883A7
:10507000C158D040CE01C996C158DF4F998388836B
:10508000CF57D040EB96AEADBFADEB97EF96BFAF2D
:10509000AEAFEF974E01B5E58B0E911CED969FAE2E
:1050A0008EAEED9710E086E4E396EEADFFADE397AC
:1050B0008E9F10018F9F300C11249101245C304F82
:1050C0001901B901645E7F4FCB57DF4F7983688345
:1050D000C558D04070E2270E311CE596AEADBFAD8D
:1050E000E5976D917D918D919D91E596BFAFAEAFA6
:1050F000E597CD57DF4FE881F981C358D040419003
:10510000519061907190CD57DF4FF983E883C35878
:10511000D040A30192010E94A45A0E94715ACF5715
:10512000DF4FA881B981C158D0406D937D938D9395
:105130009D93CF57DF4FB983A883C158D040C15842
:10514000DF4FE881F981CF57D040C190D190E190F5
:10515000F190C158DF4FF983E883CF57D0406C19E5
:105160007D098E099F099B01AC0197FF07C022278B
:105170003327A901261B370B480B590BEF96AEAD11
:10518000BFADEF972D933D934D935D93EF96BFAFDA
:10519000AEAFEF97CB57DF4FE881F981C558D040CC
:1051A000C080D180E280F380C216D306E406F50603
:1051B00010F469017A01CB57DF4FA881B981C55836
:1051C000D040CD92DD92ED92FC9213970E94F6585A
:1051D000A30192010E944C58ED96EEADFFADED9704
:1051E0006193719381939193ED96FFAFEEAFED973D
:1051F00020E030E0A9010E94425887FF07C0812FBC
:105200000E94F404D1019C91892B8C931F5F17306D
:1052100009F063CF80E0CD28CE28CF2809F4D9C08B
:10522000CE018B5A9F4F0E9462136B017C0186E472
:10523000E396EEADFFADE3978E9F80018F9F100D3B
:105240001124045C104FD801D296CD92DD92ED92DC
:10525000FC92D597BE016B5A7F4F83E59CE10E947B
:105260005F10F80166A777A780AB91ABBE016B5AC0
:105270007F4F87E39CE10E945F10D801DA966D931F
:105280007D938D939C93DD979196AC90025C1F4F1C
:10529000A0FEBDC0F80160837183828393838091F7
:1052A0003B0FB81611F0A1FECDC086E4E3962EADFB
:1052B0003FADE397829FF001839FF00D1124E45CE2
:1052C000F04F16A217A210A611A616AA17AA10AE82
:1052D00011AE86E4E396EEADFFADE3978E9F8001BD
:1052E0008F9F100D1124045C104FD80191968C9162
:1052F00081FD6EC0EB968EAD9FADEB970E94C60B05
:105300006B017C018090BF069090C006A090C10602
:10531000B090C206AC019B01C501B4010E94425885
:1053200087FF6DC1A5019401C501B4010E94A45A73
:10533000F80162A773A784A795A786E4E396EEAD6C
:10534000FFADE3978E9F80018F9F100D1124045CA9
:10535000104FD801D6968D909D90AD90BC90D99766
:10536000A50194019A966D917D918D919C919D9747
:105370000E94645A18162CF4F80182A693A6A4A6DB
:10538000B5A6C092BF06D092C006E092C106F092C8
:10539000C2068CE1FE01EB5AFF4FA3EAB6E0019092
:1053A0000D928A95E1F78CE1FE017D96A7E8B6E0C3
:1053B00001900D928A95E1F78091860680931419E9
:1053C0008F5F843209F480E0809386060E94F40E99
:1053D00081E0CA57DF4F0FB6F894DEBF0FBECDBFD6
:1053E000DF91CF911F910F91FF90EF90DF90CF90C1
:1053F000BF90AF909F908F907F906F905F904F90F5
:105400003F902F9008952CE1E7E8F6E016CEE9965C
:10541000AEADBFADE9972D913D914D915C91A3FC4F
:1054200006C0F801208331834283538338CFC701FC
:10543000B6010E94A45AD8016D937D938D939C93DD
:1054400013972DCF63EA76E0E9967FAF6EAFE997C9
:105450008E010F5F1F4F14017CE1270E311CC12C00
:10546000D12C76015801E996EEADFFADE997819117
:105470009191A191B191E996FFAFEEAFE997E796CF
:105480008CAF9DAFAEAFBFAFE797D4014D905D90AD
:105490006D907D904D01A3019201E7966CAD7DADBD
:1054A0008EAD9FADE7970E94A45A9B01AC01C70146
:1054B000B6010E944C576B017C01E7962CAD3DADC7
:1054C0004EAD5FADE797C301B2010E944C57F801A2
:1054D00061937193819391938F012814390419F684
:1054E0002FEE3FEF4FE75FE3C701B6010E94645A1A
:1054F00018166CF486E4E3962EAD3FADE397829FD9
:10550000F001839FF00D1124E45CF04FDECE2FEE0E
:105510003FEF4FE75FEBC701B6010E94425887FF9C
:1055200015C086E4E3966EAD7FADE397869FF001EC
:10553000879FF00D1124E45CF04F89E996E7A6E916
:10554000BEE786AB97ABA0AFB1AFC3CEC5010E949B
:105550006213B50183E59CE10E945F104B015C0181
:10556000A701960160E070E080E89FE30E944C573D
:1055700020E030E040E05FE30E94A45A0E94435BD9
:105580006B017C012091901C3091911C4091921CE8
:105590005091931CC501B4010E94A45AA701960121
:1055A0000E94A45A4B015C01A701960160E070E0E3
:1055B00080E89FE30E944C579B01AC01C501B401F8
:1055C0000E944C586B017C0120E030E0A9010E9450
:1055D000425887FF03C0C12CD12C760186E4E396A4
:1055E000AEADBFADE3978A9FF0018B9FF00D112404
:1055F000E45CF04FC6AAD7AAE0AEF1AE6ACEA7012E
:105600009601C701B6010E94A45AD8019A966D93DB
:105610007D938D939C939D9790CEAF92BF92CF92A6
:10562000DF92EF92FF920F931F93CF93DF93CDB74B
:10563000DEB7A9970FB6F894DEBF0FBECDBF082F17
:105640000E940D225F9A0E948E118091DD1A8111B5
:1056500073C05E018DE1A80EB11C8DE0F5011192C1
:105660008A95E9F786E089A720E030E040E450EC35
:1056700060917F1C7091801C8091811C9091821C94
:105680000E94A45A6B017C0120E030E0A9010E9435
:10569000425887FF03C0C12CD12C760163E77BE120
:1056A000CE0101960E9438041092831B1092841B35
:1056B0001092851B1092861B002309F44EC0C98AE4
:1056C000DA8AEB8AFC8A80E48093E21A80E090E038
:1056D000A8E4B2E48D8F9E8FAF8FB8A3B501CE0141
:1056E00001960E94BB2784E08093E01A0E94711407
:1056F0000E94CE0410E4002311F07D9B10E0109373
:10570000E21A0E9471148091D21A847309F457C06E
:105710001091D21A14FF03C086E00E94AD0315FF5A
:1057200003C087E00E94AD038091D31A882311F152
:105730000E9437260E940321A9960FB6F894DEBF77
:105740000FBECDBFDF91CF911F910F91FF90EF90D2
:10575000DF90CF90BF90AF90089580915D1D9091A4
:105760005E1DA0915F1DB091601D898B9A8BAB8BE4
:10577000BC8BA9CF84E00E94B3030E940C1C8091D3
:10578000AA1C9091AB1C0E94E31B1092831B1092E9
:10579000841B1092851B1092861B1092E01A0E94A7
:1057A00003218091DD1A8111C7CF0E9435120E941A
:1057B000B50B0E9499110E940D225F98BDCF111167
:1057C0009ACFDBCFEF92FF921F93CF93DF93EC0141
:1057D0007B018091A01C85FF26C01091DC1A10323D
:1057E00031F18091041B8C38F0F4CE010E94C60385
:1057F0008823C9F081E08093DF1A183069F488E0CB
:105800000E94BD030E9403218091DD1A81110BC00B
:105810008091DC1A8111F6CF0E94372682E00E9427
:10582000AD030E9403218091DC1A8230C1F00E94F6
:1058300003218091DD1A811112C090913B0F80915C
:105840008606981303C00E94EC0EF1CFB701CE017B
:10585000DF91CF911F91FF90EF900C94BB27DF91C8
:10586000CF911F91FF90EF9008952F923F924F920A
:105870005F926F927F928F929F92AF92BF92CF92E0
:10588000DF92EF92FF920F931F93CF93DF93CDB7E9
:10589000DEB7E7970FB6F894DEBF0FBECDBF90918D
:1058A000DD1A911114C18DAB9E01235E3F4F3AABBF
:1058B00029AB8DE0D9011D928A95E9F786E089A789
:1058C0002BE1A22E2CE1B22EFE01BA964F0110E080
:1058D00000E0C12CD12C7601FDA92F2E312C802F78
:1058E0000E940E05D4018D934D01C101002E02C00E
:1058F000959587950A94E2F780FF1BC020E030E081
:1059000040EC5FEBF501EC5AFF4F608171818281C1
:1059100093810E94A45A762E472E582E692EA701F5
:1059200096010E94425887FD04C0C72CD42CE52C58
:10593000F62C0F5F1F4FB4E0AB0EB11C0730110502
:1059400071F68090A61C9090A71CA090A81CB09007
:10595000A91C94E0692E01E063E77BE1CE0101968A
:105960000E9438048091A11CE82FF0E0FCABEBAB67
:10597000FE01319683E7482E8BE1582E5FAA4EAA8E
:10598000712C10E030E020E0B701A6017058C10191
:10599000022E02C0959587950A94E2F780FF28C0F1
:1059A0007394AEA9BFA91D921D921D921C921397CC
:1059B0008BA99CA9022E02C0959587950A94E2F7BF
:1059C00080FF07C0002339F04083518362837383D3
:1059D00006C00023C9F3C082D182E282F3828AE248
:1059E00090E08C0F9D1F820F931FDC018C91182B70
:1059F0002F5F3F4F34968EA99FA904969FAB8EAB25
:105A00002730310521F6672D70E090E080E00E949C
:105A1000F4580E94435B1093E21AA50194010E947E
:105A2000A45A6D8F7E8F8F8F98A3BE01635E7F4FC8
:105A3000CE0101960E94BB2794E09093E01A0E9449
:105A400071140E94CE040023E9F00E946E11FE0141
:105A5000BA9630E020E090E06191462F412359F062
:105A6000AC01022E02C0559547950A94E2F740FF1B
:105A700002C0609516232F5F3F4F2730310561F735
:105A80001093E21A0E9471148091D21A847309F45F
:105A90007AC01091D21A14FF03C086E00E94AD03B1
:105AA00015FF03C087E00E94AD03011182C00E9470
:105AB0006E11ADA98A2319F088E00E94AD03809190
:105AC000D31A8823E9F00E9437260E940321E79623
:105AD0000FB6F894DEBF0FBECDBFDF91CF911F91FF
:105AE0000F91FF90EF90DF90CF90BF90AF909F907D
:105AF0008F907F906F905F904F903F902F90089580
:105B000084E00E94B3030E940C1C8091AA1C909117
:105B1000AB1C0E94E31BB1E00B27D1F120E030E089
:105B200040EA50E46091AC1C7091AD1C8091AE1CB9
:105B30009091AF1C0E94A45A6B017C018090A21C22
:105B40009090A31CA090A41CB090A51C6A94611016
:105B500003CF90E080E09101082E02C03595279593
:105B60000A94E2F720FF05C0F2011082118212822E
:105B700013820196F4E04F0E511C8730910559F7BE
:105B80001092E01AA4CF812F8E7F09F05CCFBBCF9B
:105B9000C090AC1CD090AD1CE090AE1CF090AF1C3F
:105BA0008090A61C9090A71CA090A81CB090A91C47
:105BB000CDCF12FF84CF89E080CFCF93C82F0E9432
:105BC0008E118C2FC11104C084E00E94352C83E01B
:105BD0000E94352C0E9403218091DD1A811107C09B
:105BE0000E9435120E94B50BCF910C949911CF9160
:105BF0000895CF93DF93C1E7D4E06F8578898989D1
:105C00009A892AE030E040E050E00E94FD5BB90153
:105C1000330F880B990B0E94F65820E030E04FE2DA
:105C200053E40E94A45A20E030EC4FE754E40E9471
:105C30004C5820E030E048EC51E40E944D5720E001
:105C400030E040E251E40E94A45A0E94115B20E03F
:105C500030E040E251E40E944C58688379838A83A3
:105C60009B8321E02A871F86188A198A1A8A1B8A31
:105C70002C8B20E030E049E353E40E944C576093C2
:105C8000FE1A7093FF1A8093001B9093011BDF9103
:105C9000CF9108952F923F924F925F926F927F9291
:105CA0008F929F92AF92BF92CF92DF92EF92FF922C
:105CB0000F931F93CF93DF93CDB7DEB7C056D109B3
:105CC0000FB6F894DEBF0FBECDBF7C01EBE0F4E071
:105CD00089E5DF011D928A95E9F78AE0E4E0FBE1BE
:105CE000ACE0B4E001900D928A95E1F7F701808174
:105CF0008432A1F01EA61FAA312C212C29961FAE9A
:105D00001EAE29971DAE1FA61BAACC24C394D12C6E
:105D100001E051E6A52E53E0B52E5CC181E08093F1
:105D20000C0410920D0483E08EA7F1E0FFABE4CFEA
:105D30006FEB862E890C29E1281510F40C94D93CC0
:105D40008F5F8EA7AE01465D5F4FBE01625D7F4FE4
:105D5000C7010E94B510882311F40C94DC3C4AA4BE
:105D60005BA46CA47DA4C301B2010E94875B0E9466
:105D7000C558162F70E090E080E00E94F6589B0115
:105D8000AC01C301B2010E944C5720E030E048EC66
:105D900052E40E94A45A0E94115B0E94C558CB0194
:105DA00037E4931609F427C04DE4941609F46DC145
:105DB000E82D880CFF0B8827EF51F14D8F4F0C9485
:105DC0001C5CC530F730043111310B2F1E310B2F05
:105DD0000B2F2831353142314F310B2F53310B2FDF
:105DE00061310B2F6B3175317F310B2F0B2F0B2F47
:105DF0009431A131AE31183209F4E0C030F51431DC
:105E000060F4113108F09BC0143009F475C0B0F093
:105E10001A3009F469C084E199C01C3109F464C0E6
:105E200040F41631C0F725E1211B20930E0426E033
:105E30008AC01E3109F458C0163269F7EBA9E11186
:105E40000C94DF3CF2E0FBAB28C01D3309F4B1C079
:105E5000E0F4153309F450C088F41B3211F011330B
:105E6000D1F62BA921110C94DF3C113309F098C015
:105E70001092110428E033E03BAB50C01C3358F6BD
:105E800016531093120429E05EC01C3510F51A3524
:105E900008F076C0103509F0BECF10930C0421E055
:105EA000163209F050C08431910551F08E319105C0
:105EB00039F08832910521F08233910509F0ABCF9A
:105EC0006AE070E00E94C75B665760930C0421E0B3
:105ED00025C01C3549F01F3508F09DCF2EE5211B4C
:105EE00020930D0425E02FC0009731F4ABA9A11138
:105EF0000C94DF3CB1E0BBAB10930B04212F2D7F42
:105F00002C3119F020E01C35F1F4009719F00A97B4
:105F100009F081CF610F60930B0420E0C60102C03D
:105F2000880F991F2A95E2F729962EAD3FAD299744
:105F300028233923232B09F443C085E107C01151DD
:105F40001093100422E0892B49F387E1C05ADF4FF8
:105F50000FB6F894DEBF0FBECDBFDF91CF911F917A
:105F60000F91FF90EF90DF90CF90BF90AF909F90F8
:105F70008F907F906F905F904F903F902F900895FB
:105F8000892B29F41A5510930F0423E0C7CF6A30E8
:105F9000710509F040CF1A3509F43DCF24E0BECF9A
:105FA0000A9709F038CF0093110428E043E04BAB87
:105FB000B5CF892B09F02FCF2AE0B0CF27E0C3CF90
:105FC0002996AEADBFAD2997A82BB92B2996BFAFA7
:105FD000AEAF29978EA5F701E80FF11D90809110C3
:105FE000A7CEBFA5BB2329F0EBA9E11102C0F2E0C7
:105FF000FBAB25FE0FC08091370490913804A0912F
:106000003904B0913A0481389649A849B10514F091
:106010000C94EB3C3FA9332309F4ADC120FEBDC174
:1060200080910E048130B1F423E333E34BEC51E46F
:1060300060911604709117048091180490911904CE
:106040000E94A45A60931604709317048093180456
:106050009093190430FC10C080910E1B90910F1B7F
:10606000A091101BB091111B8093430490934404A2
:10607000A0934504B093460480910B04843009F04A
:10608000A7C126FCA3C18CE161CF892B09F05DCFAC
:10609000163050F4133080F01430C1F080E1153028
:1060A000B1F41092150415C01A3078F11E3109F0C0
:1060B000B2CE1093130404C0112321F01130C9F79C
:1060C0008BE008C0B3E0B0931304FACF80E2809372
:1060D00015048CE0F60102C0EE0FFF1F8A95E2F76F
:1060E000CF0129962EAD3FAD29972E233923232B9F
:1060F00009F023CF29962EAD3FAD29972E2B392BB2
:1061000029963FAF2EAF299765CF1830B9F01930D7
:1061100041F1173089F480E88093140480910201E2
:10612000806280930201809102018F7B8093020143
:106130000E9474040093F41A8DE0CCCF80E4809325
:106140001404809102018064809302018091020115
:106150008F7D809302010E94740482E08093F41A80
:10616000EBCF10921404809102018F7B8093020187
:10617000809102018F7D8093020180910201877FCF
:10618000809302011092F41AD7CF40925404509297
:10619000550460925604709257043FA538603FA79B
:1061A0008DE04601082E02C0880C991C0A94E2F783
:1061B000940122213321232B11F00C94E53CD501CD
:1061C00002C0B595A7958A95E2F7A0FF0DC020E023
:1061D00030E0A9016AA57BA58CA59DA50E94425827
:1061E00087FF02C00C94E83C28283928F3CE40925F
:1061F00058045092590460925A0470925B044FA55F
:1062000040614FA78EE0CDCF40925C0450925D0478
:1062100060925E0470925F048FA580628FA78FE00A
:10622000C0CF409260045092610460926204709208
:1062300063049FA590649FA780E1B3CF40921604AA
:1062400050921704609218047092190480E0A9CF4C
:1062500040921A0450921B0460921C0470921D0418
:10626000ADADA160ADAF81E09CCF40921E045092D5
:106270001F046092200470922104BDADB260BDAFD6
:1062800082E08FCF40922204509223046092240433
:1062900070922504EDADE460EDAF83E082CF109302
:1062A000360484E07ECFC301B2010E94BE586093E1
:1062B0003704709338048093390490933A0485E04E
:1062C00070CF40923B0450923C0460923D04709227
:1062D0003E0486E066CF40923F04509240046092B4
:1062E00041047092420487E05CCF40924304509294
:1062F0004404609245047092460488E052CF20E046
:1063000030E040E051E4C301B2010E94645A181623
:1063100014F40C94E23C8091B01C811719F0812F89
:106320000E94003F89E03DCF4092480450924904CA
:1063300060924A0470924B04FFA5F160FFA78AE0C7
:1063400030CF40924C0450924D0460924E047092B3
:106350004F042FA522602FA78BE023CF409250043B
:106360005092510460925204709253043FA53460DD
:106370003FA78CE016CF80910D04813081F44BA9AA
:10638000423009F067CE80910C04803509F462CE6A
:10639000882309F45FCE20FC5DCE86E1D7CD8091C5
:1063A000051B811157CE20FC3BCE8091121B909192
:1063B000131BA091141BB091151B8093160490938E
:1063C0001704A0931804B093190444CEE89426F857
:1063D00080911004882379F0813009F4C7C0669653
:1063E0001FAE6697A2E02E96AFAF2E97B1E02C9627
:1063F000BFAF2C970BC082E066968FAF669791E097
:106400002E969FAF2E972C961FAE2C9780910E0440
:10641000813051F538E4E32E34E0F32E10E000E053
:106420002FA5C22ED12CC601002E02C095958795AE
:106430000A94E2F780FF10C023E333E34BEC51E40E
:10644000D7016D917D918D919C910E94A45AF70185
:1064500060837183828393830F5F1F4FF4E0EF0E9D
:10646000F11C07301105F9F62BA9233049F480916E
:106470001104813029F43FA585E2343009F066CD5E
:106480008CE1E7E3FBE1DE01119601900D928A9524
:10649000E1F729968EAD9FAD299791FD73C090913C
:1064A0000B049BAF9A3009F481C09C3509F427C1D5
:1064B0008BA9833009F441C09FA59923F1F1A091E4
:1064C0000F042296AFAF229780906F1B9090701BA5
:1064D000A090711BB090721BB4E0CB2EBBE1DB2E01
:1064E00018E4E12E14E0F12E10E000E0E92FF0E0D6
:1064F0002596FFAFEEAF259725968EAD9FAD2597DC
:10650000002E02C0959587950A94E2F780FD62C13E
:10651000F6018789908DA18DB28DF70180839183DB
:10652000A283B3830F5F1F4FB4E0CB0ED11CE4E016
:10653000EE0EF11C07301105F9F6FBADFE3109F442
:1065400099C1F53309F4BDC16AE174E086E0FC311C
:1065500009F02FC10E947C22882331F12FA521113F
:106560008DC122961FAE22971BAAB1C0E1E06696AC
:10657000EFAF66972E961FAE2E97F2E02C96FFAFE8
:106580002C9744CF80911204873010F08DE1DECC3F
:1065900090910A1B891709F482CFBE016F5F7F4F6C
:1065A0000E947C2281117BCF87E0D0CCAFA5A111C6
:1065B00002C08AE1CBCCC10180759927892B09F4EF
:1065C00062CD60913B0470913C0480913D049091B8
:1065D0003E040E94875B0E94C5586730B8F68091E0
:1065E0003604843129F0823009F015CC27FC13CC15
:1065F000662309F478C0615022966FAF22976AE152
:1066000074E022968FAD22970E947C22882361F24B
:10661000E0913604EBAF40906F1B5090701B609080
:10662000711B7090721B2BE0E22E24E0F22E10E022
:1066300000E0FFA5CF2ED12CC601002E02C09595FB
:1066400087950A94E2F780FF37C0F701FD968080B6
:106650009180A280B3802BAD243109F04AC0F801AB
:10666000EE0FFF1FEE0FFF1FEC5FF44EDF01A15B8B
:10667000BF4F2D913D914D915C916789708D818DBA
:10668000928D0E944C57A50194010E944C57D7014E
:106690001F966D937D938D939C935297023061F476
:1066A000A30192010E944C5760932204709323042B
:1066B00080932404909325040F5F1F4FF4E0EF0EA6
:1066C000F11C0730110509F0B7CF2FEA2222809183
:1066D0000C048BAF803509F0FBC09FA5992309F40A
:1066E00001C18FE133CCB09112042296BFAF229743
:1066F00086CFF7018786908AA18AB28ADDCF3FA52F
:10670000332309F456CF40906F1B5090701B60905C
:10671000711B7090721B04E0A02E0BE1B02E8E0155
:106720000F5F1F4F88E4C82E84E0D82EF12CE12C97
:10673000832E912CC4010E2C02C0959587950A9446
:10674000E2F780FF3AC0D8012D913D914D915C91C7
:10675000F5016789708D818D928D0E944C57D6010D
:106760002D913D914D915C910E944C57F6016083B3
:10677000718382839383F2E0EF120CC0A301920134
:106780000E944C57609350047093510480935204BC
:1067900090935304FFEFEF1AFF0A24E0A20EB11CFE
:1067A0000C5F1F4F34E0C30ED11C47E0E416F10428
:1067B00009F622961FAE22978ACFF501E15BFF4FC3
:1067C00080819181A281B381F60180839183A2832C
:1067D000B383E0CFFBADF53309F4A4CED7014D90E0
:1067E0005D906D907C902296BFAD2297B11132C022
:1067F000F801EE0FFF1FEE0FFF1F21E030E02C0F1E
:106800003D1FE20FF31FD601A15BBF4F2D913D91BC
:106810004D915C9160817181828193810E944D577D
:10682000A30192010E944D57D7016D937D938D93E3
:106830009C931397023009F075CEA50194010E9434
:106840004D57609350047093510480935204909379
:10685000530468CEA3019201F6016789708D818D82
:10686000928D0E944D57D7016D937D938D939C938C
:10687000139758CE6AE174E087E06CCEA4E0BBE1E8
:10688000EBE0F4E090E080E04FA5242F30E0A90198
:10689000082E02C0559547950A94E2F740FD0AC0BC
:1068A00057964D915D916D917C915A974787508B8A
:1068B000618B728B0196149634968730910539F767
:1068C00078CF80910C04823008F473CF8EE13ECBF8
:1068D000ABA9A23039F4BBADB11182C0EFA5EE2354
:1068E00009F49CC02FA92170EFA9C101E0FF05C3E5
:1068F0008E7DFBA9F1119370892B11F00C94F13C62
:106900008E01035E1F4F8DE0D8011D928A95E9F735
:10691000222309F4F5C229968EAD9FAD2997867B77
:10692000892B11F00C94F43C80910B04853319F001
:1069300081110C94F43C80910E1B90910F1BA0913F
:10694000101BB091111B89A39AA3ABA3BCA3809188
:106950000D1B90910C1B892B40911604509117042C
:1069600060911804709119044D8F5E8F6F8F78A31A
:10697000846089A78091370490913804A0913904EC
:10698000B0913A048DA39EA3AFA3B8A78091A01C99
:1069900085FF07C088E494E00E94C60381110C942F
:1069A000F73CB80188E494E00E94E22B8091DC1A65
:1069B00081110BC00E943B0C892B39F080E280933F
:1069C000DC1A0E9471140E94CE048CE1E8E4F4E029
:1069D000ABE1BBE101900D928A95E1F780E0B6CA88
:1069E00020E030E0A90160911604709117048091B5
:1069F0001804909119040E944258882309F4CDCCC0
:106A0000FBADFC38B9F060F4F23059F1F33061F1CC
:106A1000F13009F067CF3FA5311164CF1BAA62CFD7
:106A20002BAD2E3839F018F02F3809F05BCF9FA925
:106A300090619FAB8BAD8E58823018F4AFA9A860DF
:106A4000AFABBFA5BB2309F4B4CD4CE150E068E483
:106A500074E08BE19BE10E943E5C892B09F042CF00
:106A600079C04FA944604FAB8FA5882309F4A1CD0D
:106A70002C96BFAD2C97AB2FB0E02596BFAFAEAF35
:106A800025972E96FFAD2E97EF2FF0E06396FFAF80
:106A9000EEAF639781E090E07C012C960FAC2C97D1
:106AA00002C0EE0CFF1C0A94E2F72E960FAC2E9754
:106AB00002C0880F991F0A94E2F7E82AF92A2FA545
:106AC000822F90E08E219F21892B09F487C7CD0169
:106AD000880F991F880F991FFC01E85BFB4F8C5FA3
:106AE000944EDC0157962D913D914D915C915A97B2
:106AF00060817181828193810E944C572B013C01FE
:106B000063968EAD9FAD6397880F991F880F991F6D
:106B1000FC01E85BFB4F8C5F944EDC0157962D9196
:106B20003D914D915C915A976081718182819381F1
:106B30000E944C574B015C0127FE08C1E89427F8DE
:106B40004CE150E068E474E08BE19BE10E943E5C24
:106B5000892B11F481E2FAC960913F0470914004DD
:106B6000809141049091420420910E04213071F4EF
:106B700023E333E34BEC51E40E94A45A60933F04B7
:106B800070934004809341049093420480913F04A9
:106B900090914004A0914104B091420421968CAFA1
:106BA0009DAFAEAFBFAF2197A3019201C301B20168
:106BB0000E94A45A6D966CAF7DAF8EAF9FAF6D975C
:106BC000A5019401C501B4010E94A45AA1966CAF1D
:106BD0007DAF8EAF9FAFA19720E030E040E850E45A
:106BE00021966CAD7DAD8EAD9FAD21970E94A45ACC
:106BF00021962CAD3DAD4EAD5FAD21970E94A45ABC
:106C00006D962CAD3DAD4EAD5FAD6D970E944C576E
:106C1000A1962CAD3DAD4EAD5FADA1970E944C57F6
:106C20006B017C0120E030E0A9010E94425887FFFF
:106C300004C0F7FAF094F7F8F094C701B6010E9487
:106C4000435B6B017C01A1962CAD3DAD4EAD5FADBC
:106C5000A1976D966CAD7DAD8EAD9FAD6D970E9489
:106C60004D570E94435B9B01AC01C701B601905890
:106C70000E944C586B017C019BAD933021F4F7FAD4
:106C8000F094F7F8F09420E030E0A90121966CAD83
:106C90007DAD8EAD9FAD21970E94425887FF13C0F6
:106CA000F7FAF094F7F8F09421968CAD9DADAEAD67
:106CB000BFAD2197B05880933F0490934004A093B8
:106CC0004104B093420425960EAD1FAD2597000FE9
:106CD000111F000F111F015F1B4FA5019401C70178
:106CE000B6010E94A45A9B01AC01C301B2010E94EB
:106CF0004C5720E030E040E05FE30E94A45AD80106
:106D00001B966D937D938D939C931E9763960EAD0A
:106D10001FAD6397000F111F000F111F015F1B4F65
:106D2000A3019201C701B6010E94A45AA5019401D2
:106D30000E944D5720E030E040E05FE30E94A45AFB
:106D4000F8016387748785879687CCCDFDADCF2EFC
:106D5000D12CEF22FD2083E2EF2809F4F7C821EFC0
:106D6000222280910E04813059F5F12CE12CC601CC
:106D70000E2C02C0959587950A94E2F780FF19C002
:106D80008701000F111F000F111F055F1B4F23E329
:106D900033E34BEC51E4D8011F966D917D918D91B9
:106DA0009C9152970E94A45AF8016787708B818B3F
:106DB000928BFFEFEF1AFF0A27E0E216F104B9F613
:106DC0002596EEADFFAD2597EE0FFF1FEE0FFF1FCF
:106DD000E15FFB4FC384D484E584F684A701960168
:106DE000C301B2010E944C572B013C016396EEADEA
:106DF000FFAD6397EE0FFF1FEE0FFF1FE15FFB4F2D
:106E000083859485A585B68521968CAF9DAFAEAF61
:106E1000BFAF21979C01AD01C501B4010E944C5741
:106E20004B015C01A3019201C301B2010E94A45A6B
:106E30002B013C01A5019401C501B4010E94A45A93
:106E40009B01AC01C301B2010E944D570E94435BFC
:106E50004B015C01A7019601C701B6010E94A45A2B
:106E60006B017C0121962CAD3DAD4EAD5FAD219700
:106E7000CA01B9010E94A45A9B01AC01C701B60125
:106E80000E944D570E94435B6B017C01C0923F04FE
:106E9000D0924004E0924104F0924204AC019B0184
:106EA000C501B4010E944C574B015C01E894B7F84E
:106EB0002AE037ED43EA5BE3C501B4010E94645A5E
:106EC00018160CF00FCD20E030E040E05FE3C50184
:106ED000B4010E94645A18160CF43CCE2FE632E13D
:106EE00043E85AE3C701B6010E94A45AA5019401E0
:106EF0000E94425887FFF6CC2DCE8E7D9C7FF9CC28
:106F00008091A01CF0900D1B81FF12C08BAD8150B1
:106F1000833018F0BFA9B064BFABEFA5EE2309F42E
:106F200027C1FBA9F23009F023C12FA920682FAB9C
:106F30008091370490913804A0913904B0913A04BB
:106F40008093171B9093181BA093191BB0931A1BC7
:106F50008DA39EA3AFA3B8A780910D048093051BBA
:106F6000882311F088E089A7809116049091170476
:106F7000A0911804B09119048093121B9093131BD5
:106F8000A093141BB093151B8D8F9E8FAF8FB8A34A
:106F90008090430490904404A0904504B09046042F
:106FA000A501940160910E1B70910F1B8091101B25
:106FB0009091111B0E9442589FA99074E92E811153
:106FC00003C0AFA9A5FF1FC0FF2069F0BFA9B7FD8F
:106FD0000AC040E050E0BA01E11002C0B501A401CE
:106FE0008F2D0E9423228091430490914404A0910C
:106FF0004504B091460480930E1B90930F1BA09301
:10700000101BB093111BE1100CC080910E1B9091CE
:107010000F1BA091101BB091111B89A39AA3ABA3C6
:10702000BCA38091B01C8093161B80911504909195
:107030000D1B981751F049A15AA16BA17CA10E9488
:1070400023228091150480930D1B89A590910D1B1F
:10705000892B89A780910B04843009F4A0C080910A
:1070600010048093081B80910E048093061BEBA9EB
:10707000E330C1F5809111048093091B811108C090
:107080001092500410925104109252041092530422
:10709000C0905004D0905104E0905204F0905304FA
:1070A000A701960160916F1B7091701B8091711BFD
:1070B0009091721B0E9442588823A1F0C0926F1BCE
:1070C000D092701BE092711BF092721BC092B11CA7
:1070D000D092B21CE092B31CF092B41C0E949612A3
:1070E0000E941E228091120490910A1B981769F049
:1070F00080930A1B8CE1FE013196A7E3BBE101906E
:107100000D928A95E1F70E941E2280910F048093D0
:10711000071B80910B04863209F4B5C008F072C0D9
:107120008C3109F496C08E3109F493C08A3009F489
:1071300076C080910C048093041B803509F4A7C3AA
:10714000BBA9B23009F0A3C3813009F0B0C0BE01C1
:10715000635E7F4F88E494E00E94E22B8CE1E8E4D8
:10716000F4E0ABE1BBE101900D928A95E1F78FC3AA
:1071700030E1F312DDCE9FA990748091041B815001
:10718000833038F4992309F4D3CE4FA940624FAB32
:10719000CFCE9111CDCE8FA980628FABC9CE809119
:1071A000DC1A823009F45BCFC0903B04D0903C04E1
:1071B000E0903D04F0903E040E940D2220E030E07B
:1071C00040EA51E4C701B6010E94A45A0E942B581C
:1071D0000E94C5587B01E114F10409F440CFF1E0AD
:1071E000EF1AF1088091DD1A811139CF0E94032135
:1071F0002FEF30E742E0215030404040E1F700C03F
:107200000000E9CF8C3509F444C0863609F447C044
:10721000883209F08ECF6BE17BE187E037C06AE10D
:1072200074E022968FAD22970E94682280910A1BFB
:1072300022969FAD229789137CCF8CE1EAE1F4E09E
:10724000A7E3BBE101900D928A95E1F70E941E220F
:1072500070CF89A5816089A7ABA9AA2329F0B801BD
:1072600088E494E00E94E22BB8018AE194E00E9455
:10727000E22B8CE1EAE1F4E0ABE1BBE101900D929D
:107280008A95E1F756CF6BE17BE186E00E946822A8
:1072900050CF8CE1E8E4F4E0A3E5BBE1D3CFE3E534
:1072A000FBE18CE1DF011D928A95E9F7CFCF8111D7
:1072B00005C089A5816089A7B8014CCF8250823072
:1072C00008F0BBC280913F0490914004A09141041A
:1072D000B09142048BAB9CABADABBEAB2C96AFADCB
:1072E0002C9794E0A99F70011124F701E55EF44EFC
:1072F000FCAFEBAF9701265E3B4F23963FAF2EAF1F
:107300002397D9014D905D906D907C9020813181C3
:1073100042815381C301B2010E944D572B966CAF3D
:107320007DAF8EAF9FAF2B972E96EFAD2E97B4E02B
:10733000EB9F800111249801255E344E3EAF2DAFA6
:10734000C801865E9B4F2D969FAF8EAF2D97DC01B7
:107350008D909D90AD90BC90F9012081318142814A
:107360005381C501B4010E944D5761966CAF7DAF4A
:107370008EAF9FAF619777FA709477F87094D501CC
:10738000C401B0588FA798ABA9ABBAABF701E85BC3
:10739000FB4F2B962CAD3DAD4EAD5FAD2B97608175
:1073A0007181828193810E944C576B017C01F801AD
:1073B000E85BFB4F61962CAD3DAD4EAD5FAD619787
:1073C00060817181828193810E944C574B015C01E5
:1073D000A7019601C301B2010E94A45A27966CAF7F
:1073E0007DAF8EAF9FAF2797A50194016FA578A9B8
:1073F00089A99AA90E94A45A9B01AC0127966CAD59
:107400007DAD8EAD9FAD27970E944D5727966CAFEF
:107410007DAF8EAF9FAF2797A5019401C301B20145
:107420000E94A45A4B015C01A70196016FA578A99F
:1074300089A99AA90E94A45A9B01AC01C501B40173
:107440000E944C5727962CAD3DAD4EAD5FAD2797B2
:107450000E94CC576B017C019FA992FF70C127E16C
:1074600037EB41E558EBC701B6010E94645A87FD2E
:107470000AC02BED3FE049EC50E4C701B6010E9481
:107480004C576B017C018090941C9090951CA090AF
:10749000961CB090971C2BA93CA94DA95EA9CA01C6
:1074A000B9010E944D57A50194010E944C57A501B6
:1074B00094010E94A45A0E94435B4B015C0120E0AE
:1074C00030E040E05FE3C701B6010E94A45A2BA957
:1074D0003CA94DA95EA90E94A45A9F77A5019401D9
:1074E0000E944C580E9431590E94C55825967FAF82
:1074F0006EAF2597DB01AB2B09F429CE19A590E0DF
:1075000080E00E94F4584B015C0113FF0EC0AC01F7
:107510009B016D8D7E8D8F8D98A10E94A45A6D8FD9
:107520007E8F8F8F98A3177F19A7A5019401C7019C
:10753000B6010E944C586FAB78AF89AF9AAF669690
:10754000EFAD6697B4E0EB9FC00111248C01055E9E
:10755000144E885B9B4FD8012D913D914D915C91CC
:10756000FC0160817181828193810E944C57A50149
:1075700094010E944C586D966CAF7DAF8EAF9FAF5B
:107580006D972FA938AD49AD5AADCA01B9010E9416
:10759000A45A9B01AC0160E070E080E090E40E949E
:1075A0004C576B017C012BEA3AEA4AE25EE36FA991
:1075B00078AD89AD9AAD0E94A45A4B015C0120E0E0
:1075C00030E040E850E4C701B6010E944D579B01EE
:1075D000AC01C501B4010E94A45A65966CAF7DAFA1
:1075E0008EAF9FAF659720E030E040E05FE3C701DA
:1075F000B6010E94A45A69966CAF7DAF8EAF9FAF63
:1076000069971BAA22242394312C2596EEADFFAD59
:107610002597E215F30509F49ACDFBA9FC3008F093
:10762000A2C0A301920165966CAD7DAD8EAD9FADFC
:1076300065970E94A45A6B017C012FA538A949A91E
:107640005AA969966CAD7DAD8EAD9FAD69970E94CC
:10765000A45A9B01AC01C701B6010E944D577B01A2
:107660006C01A301920169966CAD7DAD8EAD9FADAD
:1076700069970E94A45A4B015C012FA538A949A91A
:107680005AA965966CAD7DAD8EAD9FAD65970E9494
:10769000A45A9B01AC01C501B4010E944C572B01B7
:1076A0003C012BA92F5F2BAB470156018FA698AA4F
:1076B000A9AABAAAA30192012B966CAD7DAD8EAD9D
:1076C0009FAD2B970E944D57EBADFCAD608371834E
:1076D000828393832FA538A949A95AA961966CADD5
:1076E0007DAD8EAD9FAD61970E944D57ADADBEADE6
:1076F0006D937D938D939C9313976D962CAD3DADBB
:107700004EAD5FAD6D97F80160817181828193818B
:107710000E944D57D8016D937D938D939C93139741
:10772000BE01635E7F4F8BE19BE10E94E22B809163
:10773000DD1A811113CDBFEF2B1A3B0A66CF27E16B
:1077400037EB41E558E3C701B6010E9442581816CD
:107750000CF499CE2BED3FE049EC50E4C701B601A3
:107760000E944D578ECEB10190E080E00E94F45807
:107770002FA938AD49AD5AAD0E94A45A6B017C01C6
:107780000E9447586FA778AB89AB9AABC701B60187
:107790000E94355B4B015C012396AEADBFAD2397D4
:1077A000CD90DD90ED90FC90F7FAF094F7F8F0941E
:1077B0002D96AEADBFAD2D978D919D910D90BC9145
:1077C000A02D8BAB9CABADABBEABA70196016FA55B
:1077D00078A989A99AA90E94A45A2B013C012BA936
:1077E0003CA94DA95EA9C501B4010E94A45A9B0100
:1077F000AC01C301B2010E944D572B013C01A7010E
:107800009601C501B4010E94A45A6B017C012BA909
:107810003CA94DA95EA96FA578A989A99AA90E943A
:10782000A45A9B01AC01C701B6010E944C576FA737
:1078300078AB89AB9AAB1BAA3DCF89A5846089A799
:107840008091DC1A823009F489CC0E940D2280914B
:10785000DD1A81111CC0FFA9F071FF2E1092E11AF0
:107860002FA923FB882780F90E9422068091090115
:107870008C709091D60E891729F184E00E94AD0397
:107880000E9437260E94032180E00E9422068091F8
:10789000130480930B1B882311F40C94A62F0E94D1
:1078A0000D2280910B1B9091DC1A833009F04DC0A2
:1078B000923029F088E00E94BD030E9403211092BB
:1078C0000B1B8CC8B80188E494E00E94E22B81E095
:1078D0008093F30E82E00E94BD030E9403218091F9
:1078E000DD1A8111D4CF8091DC1A8111F6CF8091FD
:1078F000F30E813031F5FF2001F18CE1E3E7FBE18C
:10790000A7EDBEE001900D928A95E1F71092F30E7B
:1079100080E00E9422060E9403210E940C1C0E940B
:1079200035130E94B50B0E94720B8091E11A8823D7
:1079300009F414CC0E943512AACF85E00E94AD0351
:10794000E5CF81E08093E11AE1CF81E08093041BD1
:107950001092081B1092071B1092051B10920A1B15
:1079600010920D1B10920C1B84E68093E31A8093F7
:10797000E41A8093E51A923089F067E37BE180E0B6
:107980000E947C22882311F40C94D4320E941E227F
:1079900040E050E0BA0180E00E94A01C87E295E040
:1079A0000E948B0883EC94E00E948B080E94630B7A
:1079B00086CF81E00C94A62F82E00C94A62F88E15C
:1079C0000C94A62F86E20C94A62F89E10C94A62F86
:1079D00084E00C94A62F8BE10C94A62F80E20C94EB
:1079E000A62F84E20C94A62F80E10C94A62F8FE0A2
:1079F0000C94A62FAF92BF92CF92DF92EF92FF929C
:107A00000F931F93CF93DF93CDB7DEB76C970FB66D
:107A1000F894DEBF0FBECDBF88E695E00E948B08CC
:107A200085E695E00E948B0881E692E00E944A2E4E
:107A30006091D91C7091DA1C8091DB1C9091DC1C48
:107A400047E05CE10E94E1026091F11C7091F21C40
:107A50008091F31C9091F41C43EF5BE10E94E102E2
:107A600083EF9BE19F938F9387E09CE19F938F939C
:107A70008DE692E09F938F9303EA1BE11F930F9390
:107A80000E944B5CC8010E944A2E6091091D7091B2
:107A90000A1D80910B1D90910C1D4FE85BE10E9427
:107AA000E1028FE89BE19F938F938CE792E09F9395
:107AB0008F931F930F930E944B5CC8010E944A2E24
:107AC00088E892E00E944A2E8CE992E00E944A2EB9
:107AD00081EA92E00E944A2E63E77BE1CE010196A3
:107AE0000E943804C984DA84EB84FC8405EB1CE131
:107AF000F8012081318142815381C701B6010E9482
:107B00004C5721EBA22E2CE1B22EF50120813181C0
:107B1000428153810E944D5760936F1B7093701B7D
:107B20008093711B9093721BF50160837183828334
:107B30009383F801C082D182E282F38281E692E0EF
:107B40000E944A2E0E940D220FB6F894DEBF0FBE8F
:107B5000CDBF6C960FB6F894DEBF0FBECDBFDF91E0
:107B6000CF911F910F91FF90EF90DF90CF90BF903A
:107B7000AF9008958F929F92AF92BF92EF92FF9233
:107B80000F931F93CF93DF93CDB7DEB7C456D109C0
:107B90000FB6F894DEBF0FBECDBF2091B01C2150B0
:107BA000330B90E080E0F901EC5FFD4F44E02817D3
:107BB000390709F44083019685309105C1F700919A
:107BC000080210E02091070230E04091060250E0E8
:107BD0006091050270E08091040290E00E942D25E2
:107BE0008DE495E00E948B086091B01C70E090E0FD
:107BF00080E00E9440088AE495E00E948B0881E6BC
:107C000092E00E944A2E8DEA92E00E944A2E0E9443
:107C10000D22E091B01CEE2309F4E0C0E150FF0B0F
:107C2000EE0FFF1FEE0FFF1FEB53F34E60817181CC
:107C30008281938147E05CE10E94E102E091B01C07
:107C4000E150FF0BEE0FFF1FEE0FFF1FE352F34E4D
:107C5000608171818281938143EF5BE10E94E10247
:107C600083EF9BE19F938F9387E09CE19F938F939A
:107C70008DE692E09F938F9303EA1BE11F930F938E
:107C80000E944B5CC8010E944A2EE091B01CE1505A
:107C9000FF0BEE0FFF1FEE0FFF1FEB50F34E608147
:107CA0007181828193814FE85BE10E94E1028FE85C
:107CB0009BE19F938F9385EB92E09F938F931F930C
:107CC0000F930E944B5CC8010E944A2E81E692E00D
:107CD0000E944A2E0E940D2287EC92E00E944A2EBA
:107CE0000FB6F894DEBF0FBECDBF8091F11A882386
:107CF00009F468C06091D81A7091D91A8091DA1A83
:107D00009091DB1A0091ED1A1091EE1A2091EF1A62
:107D10003091F01A601B710B820B930B2CE330E057
:107D200040E050E00E94DB5B490181E692E00E9466
:107D30004A2E80E00E945E260E940D2280E00E9472
:107D40000D2B7E0191E5E90EF11C0091B01C015054
:107D5000110B000F111F000F111F0352134E6091E2
:107D6000611D70E090E080E00E94F6589B01AC013C
:107D7000F80160817181828193810E944C57A70133
:107D80000E94E102FF92EF928AEC92E09F938F9320
:107D90008E010F5F1F4F1F930F930E944B5CC80112
:107DA0000E944A2E0E940D22B4018091B01C0E94B4
:107DB0003E1D81E00E940D2B0F900F900F900F90B1
:107DC0000F900F9003E010E023E030E043E050E03C
:107DD00063E070E083E090E00E942D25CC59DF4FF6
:107DE0000FB6F894DEBF0FBECDBFDF91CF911F91CC
:107DF0000F91FF90EF90BF90AF909F908F9008955C
:107E0000FF920F931F93CF93DF93F82E81E692E0BA
:107E10000E944A2E0E940D2281E00E94920486ED6B
:107E200092E00E944A2E85EE92E00E944A2E0E9425
:107E30000D2280E00E94920481E00E945E26F110F3
:107E400023C00E94BA3D0E940D2280E00E945E265F
:107E50008091DC1A813009F4CEC0F092B01C0E94EF
:107E600096128CE595E00E948B086F2D70E090E0F3
:107E700080E00E94400889E595E0DF91CF911F9155
:107E80000F91FF900C948B080E94BA3D81E00E94F4
:107E90005E2690E080E02F2D2150330BE90124E095
:107EA0008C179D0721F4FC01EC5FFD4F20830196A8
:107EB00085309105A9F70091080210E02091070292
:107EC00030E04091060250E06091050270E0809140
:107ED000040290E00E942D2581E692E00E944A2E45
:107EE0000E940D2286EF92E00E944A2ECC0FDD1FE9
:107EF000CC0FDD1FC55ED34EFE01E655FF4F6081FE
:107F000071818281938147E05CE10E94E102FE0180
:107F1000EE53FF4F608171818281938143EF5BE17A
:107F20000E94E10283EF9BE19F938F9387E09CE1A6
:107F30009F938F938DE692E09F938F9303EA1BE1CB
:107F40001F930F930E944B5CC8010E944A2EC65299
:107F5000DF4F688179818A819B814FE85BE10E94D4
:107F6000E1028FE89BE19F938F938EEF92E09F93C6
:107F70008F931F930F930E944B5CC8010E944A2E5F
:107F80000E940D2284EF91E00E94E31B81E692E0C3
:107F90000E944A2E0E940D2287EC92E00E944A2EF7
:107FA0008DB79EB70E960FB6F8949EBF0FBE8DBFCD
:107FB0008091F11A882381F08091D81A9091D91A72
:107FC000A091DA1AB091DB1A8093ED1A9093EE1A11
:107FD000A093EF1AB093F01A03E010E023E030E032
:107FE00043E050E063E070E083E090E00E942D25E4
:107FF0000E94FA3C28CFDF91CF911F910F91FF9003
:1080000008950F931F93CF93DF93EC0110E0BE010F
:10801000812F0E944122811116C018828EE30E9496
:108020000906CE010E94A90B8AE30E94090687E097
:108030000E944B09113029F4DF91CF911F910F91CC
:10804000089511E0E4CF88818823A1F3CE010E9436
:108050004A2E082F8EE30E940906CE010E94A90B2A
:108060008AE30E940906802F0E945709E3CFBF923E
:10807000CF92DF92EF92FF920F931F93CF93DF93F4
:10808000CDB7DEB7A9970FB6F894DEBF0FBECDBF50
:10809000B82E0E940D220E948E118091DD1A81114E
:1080A00079C08E01035E1F4F8DE0F80111928A9511
:1080B000E9F786E089A720E030E040E450EC6091E9
:1080C000831C7091841C8091851C9091861C0E9459
:1080D000A45A6B017C0120E030E0A9010E944258C3
:1080E00087FF03C0C12CD12C760163E77BE1CE0171
:1080F00001960E9438041092871B1092881B1092E0
:10810000891B10928A1BBB2021F0F7FAF094F7F834
:10811000F094CD8ADE8AEF8AF88E80E88093E21AA6
:1081200080E090E0AAEFB4E48D8F9E8FAF8FB8A36C
:10813000B801CE0101960E94BB2784E08093E01A2B
:108140000E9471140E94CE0410E88091090180956C
:10815000BB2081F18270811110E01093E21A0E941D
:1081600071148091D21A847309F456C01091D21AF6
:1081700014FF03C086E00E94AD0315FF03C087E033
:108180000E94AD038091D31A8823B1F00E94372654
:108190000E940321A9960FB6F894DEBF0FBECDBF93
:1081A000DF91CF911F910F91FF90EF90DF90CF90D3
:1081B000BF9008958170CFCF84E00E94B3030E94E6
:1081C0000C1C8091AA1C9091AB1C0E94E31B109286
:1081D000871B1092881B1092891B10928A1B109289
:1081E000E01A0E9403218091DD1A8111D3CF0E94F1
:1081F00035120E94B50B0E949911B110CBCF80E1CE
:1082000093E00E944A2E84E690E00E94E31B8FE1F7
:1082100093E00E944A2EBECF111197CFD0CF2F925C
:108220003F924F925F926F927F928F929F92AF9206
:10823000BF92CF92DF92EF92FF920F931F93CF9353
:10824000DF93CDB7DEB7C459D1090FB6F894DEBFBE
:108250000FBECDBF7C0191E0CD56DF4F9883C3594F
:10826000D0408E0105571F4F88E0D8011D928A9596
:10827000E9F7F7018181873409F47AC00CF04EC028
:10828000823409F4F0C224F5843209F471C08134D7
:1082900009F482C0811124C010E0812FCC56DF4F39
:1082A0000FB6F894DEBF0FBECDBFDF91CF911F9107
:1082B0000F91FF90EF90DF90CF90BF90AF909F9085
:1082C0008F907F906F905F904F903F902F90089588
:1082D000853409F43BC30CF05EC4833409F448C010
:1082E0009091DC1A923008F0BEC5893409F418C7A1
:1082F0000CF0A0C5833209F4B8C5883409F416C659
:1083000010E0AE014F5F5F4FBE016D567F4FC7015A
:108310000E94B5108111B8C712E0BFCF833509F4B0
:1083200089C2B4F48C3409F4B3C3803509F45DC256
:108330008A34B1F68091DC1A8F7D09F094C5828170
:108340008D3309F064C0C7010E944A2E182FA5CFB3
:10835000863509F447C234F4843509F0C1CF0E9450
:1083600082099ACF873509F4FAC2883509F0B8CF67
:10837000F701928191114BC0833409F43CC50CF094
:1083800076C4843209F088CF8091DC1A887109F0B4
:108390006AC50E94D00980CF828181112DC08CE3F3
:1083A00095E00E948B088DE09DE10E9499088AE388
:1083B00095E00E948B088DE19DE10E9499088AE377
:1083C00095E00E948B088DE29DE10E9499088AE366
:1083D00095E00E948B088DE39DE10E9499088AE355
:1083E00095E00E948B088DE49DE10E94990885E349
:1083F00095E00E948B0850CFA381A111C0C18235A6
:1084000041F0843509F46CC1813409F4A7C113E04B
:1084100044CF81E692E00E944A2E80E00E945E26D0
:108420000E940D2280E00E940D2B109204021092F7
:10843000050210920602109207021092080210E044
:1084400000E030E020E050E040E070E060E090E0EC
:1084500080E00E942D25FDED6F2EFCE17F2EADE02A
:10846000EA2EADE1FA2EB4E02B2EB2E03B2ECC5634
:10847000DF4F1882C459D0405E01F3E8AF0EB11C43
:108480006E0121E5C20ED11C1AEC412E12E0512ED4
:10849000AE014F5F5F4F4A01D501E8E01D92EA95BA
:1084A000E9F76091611D70E090E080E00E94F6586D
:1084B0009B01AC01D3016D917D918D919C910E94A6
:1084C0004C57A6010E94E102DF92CF925F924F9239
:1084D0009F928F920E944B5CC4010E944A2E0E9480
:1084E0000D22C5010E94071E80E1F501D701019010
:1084F0000D928A95E1F786E194E00E948B08CC56B4
:10850000DF4FB881C459D040BF5FCC56DF4FB8832E
:10851000C459D0408B2F0E94580883E194E00E94F8
:108520008B08C7010E9499088FE094E00E948B0895
:108530000F900F900F900F900F900F90F701808188
:1085400081114CC06091611D70E090E080E00E945C
:10855000F6589B01AC01D3016D917D918D919C9159
:108560000E944C5720E030E040EC5FE30E944D5702
:10857000A6010E94E102DF92CF925F924F929F92FA
:108580008F920E944B5CC4010E944A2E0E940D22D1
:10859000C5010E94071E80E1F501D70101900D92EF
:1085A0008A95E1F788E094E00E948B08CC56DF4F73
:1085B0008881C459D0400E94580885E094E00E9408
:1085C0008B08C7010E94990881E094E00E948B0803
:1085D0000F900F900F900F900F900F90F7018081E8
:1085E00081114CC06091611D70E090E080E00E94BC
:1085F000F6589B01AC01D3016D917D918D919C91B9
:108600000E944C5720E030E040EC5FE30E944C5762
:10861000A6010E94E102DF92CF925F924F929F9259
:108620008F920E944B5CC4010E944A2E0E940D2230
:10863000C5010E94071E80E1F501D70101900D924E
:108640008A95E1F78AEF93E00E948B08CC56DF4FC2
:108650008881C459D0400E94580887EF93E00E9457
:108660008B08C7010E94990883EF93E00E948B0852
:108670000F900F900F900F900F900F90F701808147
:1086800081112AC0D1011C920091080210E02091B2
:10869000070230E04091060250E06091050270E070
:1086A0008091040290E00E942D2534E0630E711C3D
:1086B00040E1E40EF11C5FEF251A350ACC56DF4F7E
:1086C0008881C459D040853009F0E6CE81E00E940F
:1086D0000D2B0E949612E0CD23E0F1012083D4CF30
:1086E000C090D81AD090D91AE090DA1AF090DB1A1C
:1086F0008091ED1A9091EE1AA091EF1AB091F01AB4
:10870000A7019601281B390B4A0B5B0BCA01B90163
:108710002CE330E040E050E00E94DB5B4901C09276
:10872000ED1AD092EE1AE092EF1AF092F01ACA0106
:10873000B901882799270E94D90781E094E00E9417
:10874000A90BC701B6010E94D90781E094E00E94FD
:10875000A90BB40181E00E943E1D9ECD82E294E00F
:108760000E948B088FB186FB882780F90E945808E9
:1087700080E294E00E948B088DE194E03ACE9481EF
:10878000911130C0E0EDFE2EFA0EF5E0FF1508F471
:108790003ECE8734C1F0823509F039CEC8010E943F
:1087A000071E2F2D2150330BD90174E0AA0FBB1FD8
:1087B0007A95E1F7A35FB24E80E1F80101900D9246
:1087C0008A95E1F786CF4F2D4150550BCA0164E0E1
:1087D000880F991F6A95E1F760E1835F924E0E94CE
:1087E000ED055ACD0E94680B57CD4091B91C5091B0
:1087F000BA1C6091BB1C7091BC1C23E081E20E94FA
:1088000062094091BD1C5091BE1C6091BF1C7091CB
:10881000C01C23E082E20E9462094091C11C509179
:10882000C21C6091C31C7091C41C23E083E20E94AF
:10883000620932CD848181112FCD64E0C7010E948D
:10884000ED05F701838180539281923549F094358B
:1088500009F482C0903509F01FCD0E9437401CCD2D
:108860000E940D2B19CD8381811116CD8281813417
:1088700009F44FC0853409F00FCD82E00E94F42541
:1088800080E00E94920481E692E00E944A2E0E94BB
:108890000D2281E00E94920486ED92E00E944A2E11
:1088A00085EE92E00E944A2E83E393E00E944A2ED6
:1088B00085E493E00E944A2E85E593E00E944A2ECB
:1088C00086E693E00E944A2E89E793E00E944A2EB2
:1088D0008CE893E00E944A2E8DE993E00E944A2E94
:1088E0008EEA93E00E944A2E81EC93E00E944A2E89
:1088F0000E940D2280E00E9492048091B01C882387
:1089000019F080E00E94003F1092F11A0E944B0C77
:10891000C3CC9093F11A83E00E94F4258091D81A79
:108920009091D91AA091DA1AB091DB1A8093ED1ABE
:108930009093EE1AA093EF1AB093F01A81E00E9480
:1089400092048CE293E00E94A90BA6CC81E00E94E5
:108950005E260E94FA3C80E00E945E269DCC8281C9
:1089600081119ACC81E00E945E2683E394E00E940C
:108970008B0880E394E00E948B0881E692E00E94DD
:108980004A2E6091D91C7091DA1C8091DB1C909169
:10899000DC1C47E05CE10E94E1026091F11C7091F7
:1089A000F21C8091F31C9091F41C43EF5BE10E9458
:1089B000E10283EF9BE19F938F9387E09CE19F937C
:1089C0008F938DE692E09F938F9303EA1BE11F93B1
:1089D0000F930E944B5CC8010E944A2E6091091DB2
:1089E00070910A1D80910B1D90910C1D4FE85BE169
:1089F0000E94E1028FE89BE19F938F938CE792E0C6
:108A00009F938F931F930F930E944B5CC8010E940A
:108A10004A2E88E892E00E944A2E8CE992E00E9459
:108A20004A2E81EA92E00E944A2E63E77BE1CE0162
:108A300001960E94380489859A85AB85BC85809310
:108A4000B51C9093B61CA093B71CB093B81C1092A1
:108A5000B11C1092B21C1092B31C1092B41C109254
:108A60006F1B1092701B1092711B1092721B0E9450
:108A7000961281E692E00E944A2E0E940D2280E02A
:108A80000E945E260FB6F894DEBF0FBECDBF04CCA9
:108A90002281211176C09093031B0E940D2282ED4A
:108AA00093E00E944A2E0E940D22D12CC12CFE017F
:108AB00031965F015FED652E53E0752E7E01F1E585
:108AC000EF0EF11C00EF13E046012AE0821A910834
:108AD000B401092C000C880B990B0E94F658562EF5
:108AE000472E382E292EB601DD0C880B990B0E94DB
:108AF000F658A5010E94E102BF92AF927F926F9259
:108B0000FF92EF920E944B5CC7010E944A2EBF92D7
:108B1000AF921F930F93FF92EF920E944B5CC7019D
:108B20000E944A2EA501F20191016F2F7E2F832F03
:108B3000922F0E94E1022F923F924F925F921F93D9
:108B40000F93FF92EF920E944B5CC7010E944A2E46
:108B500064010FB6F894DEBF0FBECDBF5EE285168E
:108B60005FEF950609F0B0CF0E940D221092031B13
:108B70001092FE1A1092FF1A1092001B1092011B05
:108B80008BCB8381811188CB81E0203309F480E095
:108B90008093031BEDCF848181117ECB1381105311
:108BA000E281E154EE3008F032CC0E2E000CFF0BC7
:108BB0008827E252FA4B8F4F0C941C5CEC45F04531
:108BC000F445F645FA45004604460F461946214647
:108BD00027462D4635463346812F0E949E045CCBA6
:108BE00081E00E94920458CB82E0FBCF812F0E944B
:108BF000860452CB112311F0A59A4ECBA5984DCBEC
:108C0000812F0E947A0448CB112319F00E9474042A
:108C100043CB80910201877F809302013ECB8091FC
:108C20000201112321F080628093020135CB8F7DF8
:108C3000F3CF80910201112311F08064F5CF8F7B77
:108C4000EBCF112311F0109A27CB109826CB1123CC
:108C500011F08B9A21CB8B9820CB112311F05F9AC6
:108C60001BCB5F981ACB812F77CE80E0BACF8734A9
:108C7000D1F0883509F010CB8091DC1A813009F0F1
:108C80000BCB8091060187E295E00E948B088AEF6A
:108C900094E00E948B080E94630B1092DC1A82E021
:108CA0000E94F425F9CA89E594E00E948B0880911E
:108CB000041B8C3838F085E594E00E948B08809185
:108CC000041B8A580E94580886E494E00E948B088E
:108CD00080910A1B8A5C0E94580886E494E00E94F6
:108CE0008B088091081B8F5E0E94580886E494E0F0
:108CF0000E948B089091061B85E1891B0E945808F1
:108D000086E494E00E948B088091071B865A0E949B
:108D1000580886E494E00E948B089091051B8EE52C
:108D2000891B0E94580880910B1B882391F089E4CD
:108D300094E00E948B0880910B1B833039F08E31B8
:108D400011F0823031F40E94580803C080E30E9481
:108D5000090689E494E00E948B0880910D1B803104
:108D600039F0803209F443C0811105C085E301C0A8
:108D700083E30E94090689E494E00E948B088091B5
:108D80000C1B8823B1F187FF03C087E30E9409060B
:108D900080910C1B86FF03C088E30E94090682E5D0
:108DA00094E00E948B088091B01C0E9458088FE4C8
:108DB00094E00E948B086091121B7091131B8091AC
:108DC000141B9091151B0E94A4078CE494E00E9450
:108DD0008B0860910E1B70910F1B8091101B90915E
:108DE000111B40E00E94FA060E94630B55CA84E3FF
:108DF000C0CF89E3D2CF1091DC1A123059F40E940F
:108E0000372687E295E00E948B0889EE94E00E9465
:108E10008B08EACF111127C082E08093DC1A87E229
:108E200095E00E948B0882EF94E00E948B080E94DC
:108E3000630B33CA823509F4D3C1833509F460C1A9
:108E40008E3409F05DCA82E0CD56DF4F8883C35966
:108E5000D040F701828110E0882309F4F7C111E0C6
:108E6000992309F44ECA18E018CAD70112968C91BA
:108E70008111CDCA00E0BE016F5F7F4F802F0E943D
:108E80007C22182F811104C087E00E944B0905CA7B
:108E900088E794E00E948B08063041F0073009F41F
:108EA00042C086E3800F0E94580804C085E794E022
:108EB0000E948B088AE30E940906CE0101960E9457
:108EC000C0070E94630B0F5F0830A9F68CE694E0A0
:108ED0000E948B0883E59BE10E94C0070E94630B00
:108EE00086E694E00E948B0860916F1B7091701B66
:108EF0008091711B9091721B0E94B2070E94630BBC
:108F00008FE594E00E948B086091B51C7091B61CAF
:108F10008091B71C9091B81C0E94B2070E94630B0D
:108F20000E94720BB9C982E794E0C2CF8091A01C65
:108F300015E084FFB2C98091060184E08093DC1AB9
:108F40000E944B0CF7018281811120C081E00E94B8
:108F5000374080E00E94DD2D81E00E940D2B80E0F3
:108F60000E945E2681E08093FD1A1091DD1A111196
:108F700093C91092DC1A0E94ED1BD70112968C91B6
:108F800081118AC9C7010E94014087C9938191114B
:108F90003ECA883509F495C00CF08CC0813409F0C4
:108FA00036CA0E940D228091DD1A8111DECF8E011A
:108FB0000F5A1F4F8DE0F80111928A95E9F786E06C
:108FC000D8011C968C9320E030E040E450EC609196
:108FD0007B1C70917C1C80917D1C90917E1C0E945A
:108FE000A45A4B015C0120E030E0A9010E944258E4
:108FF00087FF03C0812C912C54014090A61C5090F7
:10900000A71C6090A81C7090A91C63E77BE1CE01AF
:1090100001960E94380410927F1B1092801B1092C0
:10902000811B1092821BB7FAB094B7F8B0948D866A
:109030009E86AF86B88A80E28093E21AF801408269
:10904000518262827382B801CE0101960E94BB27D1
:1090500084E08093E01A0E9471140E94CE0400E222
:10906000109106011470812F0E94ED1281E094E0AE
:109070000E94A90B111101C000E00093E21A0E94A6
:1090800071148091D21A8473C1F11091D21A14FF15
:1090900003C086E00E94AD0315FF03C087E00E9475
:1090A000AD038091D31A882391F00E9437260E9445
:1090B00003215BCF893549F08A3509F0A8C984E0DE
:1090C00001C081E00E94DD2D50CF82E0FBCF84E023
:1090D0000E94B3030E940C1C8091AA1C9091AB1CAF
:1090E0000E94E31B10927F1B1092801B1092811B29
:1090F0001092821B1092E01A38CF0111B1CFEACF43
:10910000F70182818C3409F082C98381803509F0AE
:109110007EC9848181117BC980E80E94BD03BCC8DF
:1091200082E0CD56DF4F8883C359D040D7011296D5
:109130008C9181112FC040E051E06EEA73E0C701CD
:109140000E94AB12892B49F4F701108240E051E0F4
:10915000B7018EEA93E00E945B1281E894E00E94DE
:109160008B08C7010E94A90B0E94630B8BE794E058
:109170000E948B0886E50E9409068EE40E9409067B
:109180008DE40E9409068AE50E94090688E40E948F
:1091900009062ACE93E0CD56DF4F9883C359D040BD
:1091A0008D3309F034C9CD56DF4F8881C359D04083
:1091B000F701E80FF11D9081DF0113979C938F5FFA
:1091C000CD56DF4F8883C359D04080818111EBCFCA
:1091D00040E051E0B7018EEA93E00E945B125CC868
:1091E000D70112968C911297833509F010C9139606
:1091F0008C911397843509F00AC914968C911497B1
:109200008D3309F004C916968C9116978111FFC809
:1092100015968C91843239F08A32A9F0833209F0A4
:10922000F6C882E001C081E00E949D2287E295E0BD
:109230000E948B0880EB94E00E948B080E94630BD5
:109240000E94372629C88FEFEFCF11E0B701812F99
:109250000E944122811108C087E00E944B09113011
:1092600011F40C944C41F1CF82E395E00E948B08FD
:10927000812F0E9458088DE30E940906C7010E94B1
:10928000A90B0E944709EBCFCD56DF4FE881C359A8
:10929000D04041E04E0FCD56DF4F4883C359D040F8
:1092A000EE0DFF2DF11D80818D3309F0B0C8112323
:1092B00009F444C050E0CD56DF4F2881C359D04057
:1092C000822F90E0D701A80FB91F3C91841B950B0A
:1092D000F701E80FF91F30832F5FCD56DF4F28834A
:1092E000C359D0409C919111E6CF1EE0213510F07A
:1092F0000C944D41C7010E944A2E182F81110C94E5
:109300004D4169817A818B819C810E94875B4B01F1
:109310005C010E940D22C501B4010E94C55821E0E4
:1093200031E0629FC001639F900D112440E051E045
:10933000B7019D5F0E945B120C944D416EEF73E08C
:10934000C7010E9421577C0143E0D42EE114F104AF
:1093500021F40E9496120C944D41CD56DF4F188295
:10936000C359D040AE014F5F5F4FBE016D567F4F76
:10937000C7010E94B510CD56DF4F8881C359D04038
:109380008F5FCD56DF4F8883C359D040AE014F5A0F
:109390005F4FBE016D567F4FC7010E94B5108823F5
:1093A00011F40C948C4165968CAC9DACAEACBFAC0A
:1093B000659769817A818B819C810E94C558062FAF
:1093C00088E3800F8A3070F5093C91F00A3C09F17E
:1093D000083C31F4C501B4010E94C5586093B01C2B
:1093E0006EEF73E090E080E00E9421577C01AECFE9
:1093F0008092B11C9092B21CA092B31CB092B41C8B
:1094000080926F1B9092701BA092711BB092721B86
:10941000E7CF8092B51C9092B61CA092B71CB09278
:10942000B81CDECF023D10F18EE2800F6D2D0E9440
:10943000B95B292FF4E08F9FC0011124213059F02E
:10944000223089F08B53934EDC018D929D92AD9228
:10945000BC921397C5CF8352934EFC0180829182B8
:10946000A282B382BDCF8B50934EEECF043608F468
:109470003FC0045620E0073090F5802F90E0880F21
:10948000991F880F991FFC01223051F0233001F100
:10949000213019F0E55EF34EE1CFE95CF34EDECF0B
:1094A000ED5AF34E7F0120E030E040E752E4C50181
:1094B000B4010E94A45A20E030E040E752E40E9448
:1094C000A45AD7016D937D938D939C93139788CF66
:1094D000E159F34EB7FAB094B7F8B094BFCF2F5F0D
:1094E0000A3008F47DCF243009F47ACF0A50C3CF74
:1094F000C501B4010E94875B0E94C558063208F07E
:109500006FCFE02FF0E08827E757F54B8F4F0C9493
:109510001C5CAF4AB54AB84ABD4AC04ACA4AD24A98
:10952000F049F049F049DF4AE24AEB4AF44AF0498F
:10953000F049F049F049F049F049004B0A4B164B0D
:109540001E4B214B2A4B334B394BF049F049424BD0
:109550004D4B564B5E4B674B704B794B824B633098
:1095600008F43ECF60938B1C3BCF60938E1C38CFAA
:1095700060938C1C0E94280533CF60938D1CFACF1A
:109580008091A01C662321F084608093A01C28CFCA
:109590008B7FFBCF8091A01C662311F08064F5CFF8
:1095A0008F7BF3CF8091A01C662339F08068809375
:1095B000A01C80E00E94220613CF8F77F8CF609323
:1095C0008F1C0ECF8092901C9092911CA092921CA6
:1095D000B092931C05CF8092941C9092951CA092FF
:1095E000961CB092971CFCCE8091A01C662331F093
:1095F00081608093A01C0E941E22F2CE8E7FF9CF44
:109600008091A01C662321F084FFEACE8062BDCF4A
:109610008F7DBBCF8091A01C662331F08860809342
:10962000A01C0E949911DCCE877FF9CF8091A01CED
:10963000662311F08061A9CF8F7CA7CF6093A11C16
:10964000CFCE8092A21C9092A31CA092A41CB09298
:10965000A51CC6CE8092A61C9092A71CA092A81C06
:10966000B092A91CBDCE70E07093AB1C6093AA1C95
:10967000B7CE8092AC1C9092AD1CA092AE1CB09262
:10968000AF1CAECE8092981C9092991CA0929A1C0E
:10969000B0929B1C0E94091DA3CE80929C1C9092AC
:1096A0009D1CA0929E1CB0929F1CF4CF8091A01C88
:1096B000662311F0826069CF8D7F67CF8092B91CDD
:1096C0009092BA1CA092BB1CB092BC1C89CE809216
:1096D000BD1C9092BE1CA092BF1CB092C01C80CE3C
:1096E0008092C11C9092C21CA092C31CB092C41C58
:1096F00077CE80925D1D90925E1DA0925F1DB0920C
:10970000601D6ECEC501B4010E94C5586093611DF5
:1097100067CE1F920F920FB60F9211240BB60F92C5
:109720002F933F934F935F936F937F938F939F9369
:10973000AF93BF93CF93EF93FF93C0910601CA7885
:109740008091D11A8C1749F0C093D11A80910302ED
:109750008093D01A81E08093CF1A8C2F0E94ED1253
:1097600080E094E00E94A90B8091D01A81110DC075
:109770008091DC1A813049F08091CF1A882329F03A
:109780001092CF1A8C2F0E949127FF91EF91CF91C9
:10979000BF91AF919F918F917F916F915F914F9109
:1097A0003F912F910F900BBE0F900FBE0F901F9007
:1097B00018951F920F920FB60F9211248F939F93BB
:1097C00092B18091F40E8E7F9170892B82B915BC75
:1097D0009F918F910F900FBE0F901F9018951F9221
:1097E0000F920FB60F9211240BB60F920F931F9387
:1097F0002F933F934F935F936F937F938F939F9399
:10980000AF93BF93EF93FF938091F60E811173C3D3
:1098100098B18091160F8E7F9170892B88B982B193
:1098200081709091150F892B82B98091140F86BD9C
:1098300082E085BD81E08093F60E78948091380FA8
:109840009091390F892B09F0F8C0809115199091EA
:109850006719981709F43FC38091151998E0899FFB
:10986000D0011124FD01E95EF64EF093390FE0932B
:10987000380F228133813093890020938800208122
:1098800031813093340F2093330FE4812091350FD1
:109890002E17A1F1E093350F82E2E89FF001112429
:1098A000E659F64EF093370FE093360F448D558D01
:1098B000668D778D76956795579547954093FF0E02
:1098C0005093000F6093010F7093020F4093FB0EB3
:1098D0005093FC0E6093FD0E7093FE0E4093F70EB6
:1098E0005093F80E6093F90E7093FA0E4093030FA5
:1098F0005093040F6093050F7093060FE091360F9D
:10990000F091370F20A13091F50E23272093160FE9
:10991000A95EB64E15969C91159740815181628142
:109920007381092E04C076956795579547950A94DB
:10993000D2F74093170F5093180F6093190F70933D
:109940001A0F4481558166817781092E04C076956E
:109950006795579547950A94D2F740931B0F5093FC
:109960001C0F60931D0F70931E0F408551856285FB
:109970007385092E04C076956795579547950A9487
:10998000D2F740931F0F5093200F6093210F7093D5
:10999000220F4485558566857785092E04C0769506
:1099A0006795579547950A94D2F74093230F5093A4
:1099B000240F6093250F7093260F40895189628987
:1099C0007389092E04C076956795579547950A9433
:1099D000D2F74093270F5093280F6093290F70936D
:1099E0002A0F4489558966897789092E04C076959E
:1099F0006795579547950A94D2F740932B0F50934C
:109A00002C0F60932D0F70932E0F408D518D628D12
:109A1000738D04C076956795579547959A95D2F7BB
:109A200040932F0F5093300F6093310F7093320F8C
:109A300016968D919C910E94E0048091F30E8130E6
:109A4000B9F4809109018C709091D60E891781F03C
:109A50001092F30E8CE1E3E7FBE1A7EDBEE001908D
:109A60000D928A95E1F78091D21A80648093D21A80
:109A70001092150F4091F70E5091F80E6091F90E6B
:109A80007091FA0E8091170F9091180FA091190FF5
:109A9000B0911A0F480F591F6A1F7B1F4093F70E92
:109AA0005093F80E6093F90E7093FA0EE091360F12
:109AB000F091370F848D958DA68DB78D84179507FE
:109AC000A607B70730F524E02093150F481B590B64
:109AD0006A0B7B0B4093F70E5093F80E6093F90ED0
:109AE0007093FA0E4091731B5091741B6091751B1B
:109AF0007091761B20A127FF13C2415051096109C3
:109B000071094093731B5093741B6093751B709382
:109B1000761B4091FB0E5091FC0E6091FD0E7091F2
:109B2000FE0E00911B0F10911C0F20911D0F309104
:109B30001E0F400F511F621F731F4093FB0E509367
:109B4000FC0E6093FD0E7093FE0E84179507A6071A
:109B5000B70740F52091150F28602093150F481B7B
:109B6000590B6A0B7B0B4093FB0E5093FC0E6093DA
:109B7000FD0E7093FE0E4091771B5091781B609103
:109B8000791B70917A1B20A126FFCFC1415051094A
:109B9000610971094093771B5093781B6093791B7F
:109BA00070937A1B4091FF0E5091000F6091010F4E
:109BB0007091020F00911F0F1091200F2091210F23
:109BC0003091220F400F511F621F731F4093FF0EF1
:109BD0005093000F6093010F7093020F8417950745
:109BE000A607B70740F52091150F20612093150FA8
:109BF000481B590B6A0B7B0B4093FF0E5093000FD1
:109C00006093010F7093020F40917B1B50917C1B5E
:109C100060917D1B70917E1B20A125FF8BC141505F
:109C200051096109710940937B1B50937C1B609320
:109C30007D1B70937E1B4091030F5091040F609128
:109C4000050F7091060F0091230F1091240F2091A2
:109C5000250F3091260F400F511F621F731F409335
:109C6000030F5093040F6093050F7093060F841732
:109C70009507A607B70740F52091150F206220939E
:109C8000150F481B590B6A0B7B0B4093030F509326
:109C9000040F6093050F7093060F40917F1B509146
:109CA000801B6091811B7091821B20A124FF47C102
:109CB000415051096109710940937F1B5093801BEA
:109CC0006093811B7093821B4091070F5091080F86
:109CD0006091090F70910A0F0091270F1091280FC2
:109CE0002091290F30912A0F400F511F621F731FBF
:109CF0004093070F5093080F6093090F70930A0F5A
:109D000084179507A607B70740F52091150F206423
:109D10002093150F481B590B6A0B7B0B4093070FC1
:109D20005093080F6093090F70930A0F4091831BA3
:109D30005091841B6091851B7091861B20A123FF8D
:109D400003C141505109610971094093831B50932C
:109D5000841B6093851B7093861B40910B0F509161
:109D60000C0F60910D0F70910E0F00912B0F109141
:109D70002C0F20912D0F30912E0F400F511F621F7D
:109D8000731F40930B0F50930C0F60930D0F709344
:109D90000E0F84179507A607B70740F52091150FFA
:109DA00020682093150F481B590B6A0B7B0B4093BF
:109DB0000B0F50930C0F60930D0F70930E0F40918B
:109DC000871B5091881B6091891B70918A1B20A171
:109DD00022FFBFC041505109610971094093871B9F
:109DE0005093881B6093891B70938A1B40910F0FBF
:109DF0005091100F6091110F7091120F00912F0F61
:109E00001091300F2091310F3091320F400F511FC0
:109E1000621F731F40930F0F5093100F6093110F29
:109E20007093120F84179507A607B70738F520918E
:109E3000150F22602093150F481B590B6A0B7B0BE3
:109E400040930F0F5093100F6093110F7093120FE8
:109E500080918B1B90918C1BA0918D1BB0918E1BC0
:109E600020A121FF7BC00197A109B10980938B1B21
:109E700090938C1BA0938D1BB0938E1B8091DC1A4A
:109E8000843039F48091E21A9091150F89238093E0
:109E9000150F8091330F9091340F01979093340FE9
:109EA0008093330F892B69F41092390F1092380F79
:109EB000809115198F5F809315198A3011F41092D3
:109EC00015198091150F9091F40E89278093150F25
:109ED0001092F60E10C00E94ED1BE091360FF0912B
:109EE000370F81A1882321F090E080E00E94E004F8
:109EF00084E00E94BD03FF91EF91BF91AF919F91CC
:109F00008F917F916F915F914F913F912F911F9111
:109F10000F910F900BBE0F900FBE0F901F901895D2
:109F20004F5F5F4F6F4F7F4FECCD4F5F5F4F6F4F76
:109F30007F4F30CE4F5F5F4F6F4F7F4F74CE4F5F7D
:109F40005F4F6F4F7F4FB8CE4F5F5F4F6F4F7F4F69
:109F5000FCCE4F5F5F4F6F4F7F4F40CF0196A11DEB
:109F6000B11D84CF1F920F920FB60F9211248F93C1
:109F70008091D10E8F5F8093D10E8F910F900FBE85
:109F80000F901F9018951F920F920FB60F921124E9
:109F90000BB60F928F939F93EF93FF938091CE0D0B
:109FA000E82FF0E0E253F34F9081909336018F5FFA
:109FB0008093CE0D9091CD0C981305C08091310106
:109FC0008F7D80933101FF91EF919F918F910F9041
:109FD0000BBE0F900FBE0F901F9018951F920F92FF
:109FE0000FB60F9211240BB60F922F933F934F93FE
:109FF0005F936F937F938F939F93AF93BF93EF93F1
:10A00000FF93909136019831A9F40E943726FF9171
:10A01000EF91BF91AF919F918F917F916F915F91E0
:10A020004F913F912F910F900BBE0F900FBE0F904D
:10A030001F901895E091CC0C81E08E0F2091CB0CF5
:10A04000281729F3F0E0E553F44F90838093CC0C6C
:10A05000DECF1F920F920FB60F9211240BB60F9204
:10A060008F939F93EF93FF938091CA0BE82FF0E0BB
:10A07000E653F54F90819093D6008F5F8093CA0B83
:10A080009091C90A981305C08091D1008F7D80936B
:10A09000D100FF91EF919F918F910F900BBE0F9088
:10A0A0000FBE0F901F9018951F920F920FB60F9230
:10A0B00011240BB60F922F938F939F93EF93FF93DF
:10A0C0009091D600E091D71A81E08E0F2091D61A98
:10A0D000281731F0F0E0E753F64F90838093D71ABA
:10A0E000FF91EF919F918F912F910F900BBE0F9049
:10A0F0000FBE0F901F9018951F920F920FB60F92E0
:10A1000011240BB60F928F939F93EF93FF9380913F
:10A11000C809E82FF0E0E853F74F90819093CE0004
:10A120008F5F8093C8099091C708981305C08091EC
:10A13000C9008F7D8093C900FF91EF919F918F910E
:10A140000F900BBE0F900FBE0F901F9018951F928F
:10A150000F920FB60F9211240BB60F922F938F937D
:10A160009F93EF93FF939091CE00E091D00E81E00A
:10A170008E0F2091CF0E281731F0F0E0E153F24F0F
:10A1800090838093D00EFF91EF919F918F912F91AB
:10A190000F900BBE0F900FBE0F901F9018951F923F
:10A1A0000F920FB60F9211240BB60F922F933F937D
:10A1B0004F935F936F937F938F939F93AF93BF93CF
:10A1C000EF93FF93E091C600E13209F465C008F017
:10A1D00043C0E83109F449C0E7FFC7C0E558E3339D
:10A1E00008F045C0F0E08827E750FF4A8F4F0C94F5
:10A1F0001C5C4E5137513751375137513751375118
:10A200003751375137513751545158515A515C5188
:10A210005E51605162516451375166516A516C51BF
:10A220006E517051725137517451765178517C5141
:10A230007E5182518451865188518E518C5190515A
:10A2400092519451975137519D51A151A551A95106
:10A25000AD51AF51B151B351EF33E1F082E0EE3780
:10A2600009F0BACF0E94BD0302C00E943726FF91B9
:10A27000EF91BF91AF919F918F917F916F915F917E
:10A280004F913F912F910F900BBE0F900FBE0F90EB
:10A290001F90189581E0E6CF88E0E4CF8091DC1A2A
:10A2A00085FFE5CF80E4DECF81E00E94A403DFCF0D
:10A2B00082E0FBCF84E0F9CF88E0F7CF80E1F5CFF3
:10A2C00080E2F3CF80E4F1CF80E8EFCF81E00E941D
:10A2D0009B03CDCF82E0FBCF84E0F9CF88E0F7CFBE
:10A2E00080E1F5CF80E2F3CF80E4F1CF80E8EFCFDB
:10A2F00081E00E949E04BBCF80E0FBCF81E00E9402
:10A300007A04B5CF80E0FBCF8B9AB1CF8B98AFCFDB
:10A3100081E00E949204ABCF82E0FBCF80E0F9CFD6
:10A32000A59AA5CFA598A3CF0E947404A0CF809131
:10A330000201877F809302019ACF8091020180629F
:10A34000F9CF809102018F7DF5CF80910201806469
:10A35000F1CF809102018F7BEDCF109A88CF1098BA
:10A3600086CF5F9A84CF5F9882CFA091C60881E0A4
:10A370008A0F9091C508981709F479CFB0E0AB53D4
:10A38000B84FEC938093C60872CF1F920F920FB60E
:10A390000F9211240BB60F928F939F93EF93FF931D
:10A3A0008091C407E82FF0E0EC53F94F908190932F
:10A3B000C6008F5F8093C4079091C306981305C0B1
:10A3C0008091C1008F7D8093C100FF91EF919F919B
:10A3D0008F910F900BBE0F900FBE0F901F9018958E
:10A3E0001F920F920FB60F9211240BB60F922F935C
:10A3F0003F934F935F936F937F938F939F93AF930D
:10A40000BF93CF93EF93FF93809160008F7B8093F6
:10A4100060008091DC1A813099F08091D31A81110B
:10A420000FC0C3B18091A01C86FF1EC0CE7741F043
:10A430000E9437268C2F0E94ED1281E00E94AD030E
:10A44000FF91EF91CF91BF91AF919F918F917F91AC
:10A450006F915F914F913F912F910F900BBE0F9095
:10A460000FBE0F901F901895C095E0CF1F920F92CE
:10A470000FB60F9211248F938091600086FD05C066
:10A48000809160008064809360008F910F900FBE78
:10A490000F901F9018951F920F920FB60F921124D4
:10A4A0000BB60F922F933F934F935F936F937F93CE
:10A4B0008F939F93AF93BF93EF93FF938091F11A84
:10A4C000882309F460C080916D0490916E04A0917E
:10A4D0006F04B091700480369A4EA105B10550F01A
:10A4E00010926D0410926E0410926F04109270041A
:10A4F00080E022C080916D0490916E04A0916F0461
:10A50000B09170040196A11DB11D80936D049093CC
:10A510006E04A0936F04B093700480916D049091C9
:10A520006E04A0916F04B0917004803F924DA1051C
:10A53000B10509F065C081E00E9486048091F81A97
:10A54000882309F14091690450916A0460916B0479
:10A5500070916C04403355476105710508F097C050
:10A560008091690490916A04A0916B04B0916C048D
:10A570000196A11DB11D8093690490936A04A09374
:10A580006B04B0936C048091CF1A8823A9F080915A
:10A59000D01A81508093D01A8091D01A81110CC0AA
:10A5A0008091060180958A780E9491271092CF1A97
:10A5B000809103028093D01A8091031B882309F4B1
:10A5C00082C0809168048F5F809368048A3008F4A9
:10A5D00070C0109268040E94F92DFF91EF91BF9115
:10A5E000AF919F918F917F916F915F914F913F912B
:10A5F0002F910F900BBE0F900FBE0F901F901895CC
:10A6000080916D0490916E04A0916F04B0917004DC
:10A610008C31944DA105B10509F46ACF80916D0488
:10A6200090916E04A0916F04B0917004883F994D91
:10A63000A105B10509F47FCF80916D0490916E045E
:10A64000A0916F04B091700484329B4DA105B105B7
:10A6500009F44ECF80916D0490916E04A0916F0427
:10A66000B09170048115914EA105B10509F463CF35
:10A6700080916D0490916E04A0916F04B09170046C
:10A680008C32924EA105B10509F058CF31CF8130FF
:10A6900061F482E00E9492041092690410926A04AC
:10A6A00010926B0410926C046ECF8230A9F781E097
:10A6B000F1CF80916704109267048F3F09F48DCF2A
:10A6C0000E94F2118ACF8091650490916604C2972E
:10A6D00088F48091650490916604019690936604D5
:10A6E00080936504809164048F5F843688F480933E
:10A6F000640473CF109266041092650489B1869544
:10A7000081708093F91A89B181708093FA1AEACF27
:10A71000109264048091D81A9091D91AA091DA1AF3
:10A72000B091DB1A0196A11DB11D8093D81A9093A8
:10A73000D91AA093DA1AB093DB1A4FCFCF93DF93D5
:10A74000CDB7DEB7CA57D1090FB6F894DEBF0FBE3A
:10A75000CDBF9A9A819A829A879A9D9A6B9A809194
:10A7600001018860809301018091010180628093E2
:10A77000010180910101806480930101089A839A0C
:10A78000579A0E944613F8941092200110922101CA
:10A79000109225011092240183EC99E090932901F5
:10A7A000809328018091210188608093210180910C
:10A7B00021018360809321018091730082608093E6
:10A7C000730078945198599A5098589A84988C9814
:10A7D00080917E00806180937E0010927C00809149
:10A7E0007C00806480937C0080917C0084608093F6
:10A7F0007C0080917A00876080937A0080917A0053
:10A80000806880937A001092710410927204109202
:10A8100073041092740410927504109276041092CE
:10A8200077041092780410927A04109279041092AE
:10A830007B0410927C0410927D0410927E0410928E
:10A840007F0410928004109281041092820410926E
:10A85000830410928404109285048091C000826069
:10A860008093C0001092C50090E19093C400809145
:10A87000C10088698093C1008091C8008260809384
:10A88000C8001092CD0082E28093CC008091C90074
:10A8900088698093C9008091D0008D7F8093D0001B
:10A8A0001092D50087E68093D4008091D10088690A
:10A8B0008093D100809130018260809330011092AA
:10A8C0003501909334018091310188698093310181
:10A8D00090E080E00E94A3128A3009F483C187E0EF
:10A8E0000E944B098FEF0E949D220E94D00981B1E6
:10A8F0008E6F81B987B18E6F87B9809181008F7E0D
:10A900008093810080918100886080938100809194
:10A9100080008C7F80938000809180008F70809376
:10A92000800080916E00887F80936E0014BC15BCFF
:10A9300080916E00816080936E0080910701857721
:10A9400080930701809108018577809308018091A9
:10A950006D008A6880936D008091680084608093A8
:10A9600068007894CC24C39444E6B42EACEDBAE1EC
:10A97000E8E21D92EA95E9F7C092DC1AB092E31A78
:10A98000B092E41AB092E51A8091D81A9091D91A2F
:10A99000A091DA1AB091DB1A8093ED1A9093EE1A17
:10A9A000A093EF1AB093F01A1092F30E1092D21AED
:10A9B0001092D31A1092D41A1092D51A8091C60808
:10A9C0008093C508A4E0BBE1EBE61D92EA95E9F7A8
:10A9D0008091B11C9091B21CA091B31CB091B41C99
:10A9E00080936F1B9093701BA093711BB093721B8D
:10A9F00067E37BE180E00E947C22811103C087E055
:10AA00000E944B090E94091D0E94991180910A0120
:10AA10008C7F80930A0180910B01836080930B01EE
:10AA200085988D9A86988E9A80910A018F7C809362
:10AA30000A0180910B01806380930B0180910A01D0
:10AA4000837F80930A0180910B018C6080930B01BE
:10AA500080E00E9422060E9446130E9435130E9445
:10AA60000C1C6C9A749A80910A01806880930A0188
:10AA700080910A01806480930A01999A989A01E072
:10AA800010E021E030E041E050E061E070E081E082
:10AA900090E00E942D2581E00E94F4250E94B50BD4
:10AAA0000E9435128091A01C83FF10C00E946E117D
:10AAB000882361F0C092DC1A87E295E00E948B083F
:10AAC00081ED94E00E948B080E94630B8091DC1A58
:10AAD000817809F493C087E295E00E948B088CE0AE
:10AAE00095E00E948B080E94630BC092DC1A00E084
:10AAF000E12C10E0F12C9091C5088091C6089817C0
:10AB000059F0E92FF0E0EB53F84F80819F5F90936D
:10AB1000C5088F3F09F07BC09091CB0C8091CC0C85
:10AB2000981300C10E94EC0E4090D81A5090D91A88
:10AB30006090DA1A7090DB1AE7968CAD9DADAEADE1
:10AB4000BFADE79784159505A605B705F1F18CE132
:10AB5000E3E7FBE1DE01AB5ABF4F01900D928A950E
:10AB6000E1F7BE016B5A7F4FCE01C9960E943804AF
:10AB7000BE016B5A7F4FCE014D960E9438048CE384
:10AB80000E94A20580918F1C982F9170A92E80FFA2
:10AB9000F3C08091E81A882309F4EEC086EC92E0B5
:10ABA0000E947D08CE01C9960E94D5068FEB92E0E7
:10ABB0000E947D08CE014D960E94D5068EE30E942C
:10ABC000A2058CEB92E00E947D080E9403218091F7
:10ABD000DD1A8111CBCEE7964CAE5DAE6EAE7FAE88
:10ABE000E79789CF47E451E061E070E08BE19CE1B9
:10ABF0000E94AB12892B09F07ACE71CE1092DC1A2A
:10AC00008091060186E895E00E94014070CF8A306D
:10AC100011F08D3049F50E9403218091DD1A8111D8
:10AC2000A5CEE12FF0E0EA57FA4F10828BE0F0FC5E
:10AC300013C080918605811103C00E94570959CF26
:10AC4000843229F486E895E00E940F41F6CF809186
:10AC5000DC1A817221F089E00E944B094ACF86E814
:10AC600095E00E944A2EE9CFFF2031F0893209F0A9
:10AC700042CFE894F1F83FCF813208F43CCF8F32D5
:10AC800009F439CF883281F08B3389F01F3F91F07E
:10AC9000E12FF0E0EA57FA4F1F5F9FE9980F9A31D2
:10ACA00008F48052808327CF32E0F32E24CF24E0B3
:10ACB000F22E21CFFF24F3941ECF8091DC1A8172F3
:10ACC00009F057C086E894E00E944A2E52C0EE2058
:10ACD00031F0893209F020CFE894E1F81DCF982FA8
:10ACE0009B7F9B3209F418CF813208F415CF88324C
:10ACF00081F08B3389F00F3F91F0E02FF0E0EA57BD
:10AD0000FB4F0F5F9FE9980F9A3108F480528083C0
:10AD100003CF92E0E92E00CF84E0E82EFDCEEE24B2
:10AD2000E394FACEE92FF0E0E553F44F80819F5F82
:10AD30009093CB0C8F3F09F4F5CE8A3011F08D3013
:10AD400031F60E9403218091DD1A81110FCEE02F90
:10AD5000F0E0EA57FB4F1082E0FC0BC080918604C4
:10AD6000882339F0843209F0A8CF86E894E00E9465
:10AD70000F4100E0E12CD0CE80916F1B9091701BB1
:10AD8000A091711BB091721BEB968CAF9DAFAEAFD3
:10AD9000BFAFEB97A7E3BBE1E396BFAFAEAFE397DF
:10ADA000FE0131961F01CE014D964C01DD24D39456
:10ADB000E396AEADBFADE3976D917D918D919D9181
:10ADC000E396BFAFAEAFE39758962D913D914D916D
:10ADD0005C915B970E944D57F10161937193819350
:10ADE00091931F01F3E0DF1229C0EB962CAD3DAD2E
:10ADF0004EAD5FADEB970E944D5769877A878B8781
:10AE00009C87A11016C0F1013497208131814281C5
:10AE10005381D4016D917D918D919C910E944C57ED
:10AE2000F4016083718382839383F7E0DF1609F472
:10AE3000B5CED39494E0890E911CBACFAA2019F311
:10AE4000F4CF42E65DE10C942557FA01A191B0815F
:10AE5000009719F41097E1F0CD01DC01CD010D90C0
:10AE6000002011F4C00113C0FB012191222319F02D
:10AE70002015D9F7F3CFFB012191201519F41E926B
:10AE8000119606C02223C1F70D900020A1F7D00132
:10AE9000FA01A193B08308955058BB27AA270E94B6
:10AEA00064570C94FE590E94C55938F00E94CC5941
:10AEB00020F039F49F3F19F426F40C949B590EF4BA
:10AEC000E095E7FB0C946C59E92F0E94235A58F344
:10AED000BA17620773078407950720F079F4A6F57F
:10AEE0000C945D5A0EF4E0950B2EBA2FA02D0B0199
:10AEF000B90190010C01CA01A0011124FF27591BBF
:10AF000099F0593F50F4503E68F11A16F040A22FC4
:10AF1000232F342F4427585FF3CF46953795279535
:10AF2000A795F0405395C9F77EF41F16BA0B620B34
:10AF3000730B840BBAF09150A1F0FF0FBB1F661F7B
:10AF4000771F881FC2F70EC0BA0F621F731F841FBE
:10AF500048F4879577956795B795F7959E3F08F0E4
:10AF6000B0CF9395880F08F09927EE0F97958795A6
:10AF700008950E94C55960F080E891E009F49EEFC1
:10AF80000E94CC5928F040E851E071F45EEF0CC00B
:10AF90000C949B590C945D5AE92FE0780E94235A37
:10AFA00040F3092E052AB1F326173707480759073A
:10AFB00038F00E2E07F8E02569F0E025E0640AC0BD
:10AFC000EF6307F8009407FADB01B9019D01DC018A
:10AFD000CA01AD01EF930E9463580E94FE590E947E
:10AFE000FC575F91552339F02BED3FE049E450FDCC
:10AFF00049EC0C944D570895DF93DD27B92FBF77A7
:10B0000040E85FE31616170648075B0718F4D92FC8
:10B010000E94695A9F938F937F936F930E94835BE3
:10B02000E4EEF0E00E949E590E94FE592F913F915C
:10B030004F915F910E94B75ADD2351F09058A2EAD8
:10B040002AED3FE049EC5FE3D0785D270E9464572A
:10B05000DF910C94FE590E94455A90F09F3748F4B6
:10B06000911116F40C945E5A60E070E080E89FE362
:10B07000089526F01B16611D711D811D0C947259D7
:10B080000C948D590E94485908F481E008950E945B
:10B09000D559E3950C940F5A0E9460580C94FE59B0
:10B0A0000E94CC5958F00E94C55940F029F45F3FE6
:10B0B00029F00C946C5951110C945E5A0C949B59C4
:10B0C0000E94235A68F39923B1F3552391F3951BFA
:10B0D000550BBB27AA2762177307840738F09F5FB9
:10B0E0005F4F220F331F441FAA1FA9F335D00E2E26
:10B0F0003AF0E0E832D091505040E695001CCAF793
:10B100002BD0FE2F29D0660F771F881FBB1F261755
:10B1100037074807AB07B0E809F0BB0B802DBF012C
:10B12000FF2793585F4F3AF09E3F510578F00C94FB
:10B130006C590C945E5A5F3FE4F3983ED4F38695C5
:10B1400077956795B795F7959F5FC9F7880F911D1C
:10B150009695879597F90895E1E0660F771F881F08
:10B16000BB1F621773078407BA0720F0621B730BBB
:10B17000840BBA0BEE1F88F7E09508950E94C5581E
:10B180006894B1110C945E5A08950E942B5A88F06D
:10B190009F5798F0B92F9927B751B0F0E1F0660F9B
:10B1A000771F881F991F1AF0BA95C9F714C0B130DC
:10B1B00091F00E945D5AB1E008950C945D5A672F9A
:10B1C000782F8827B85F39F0B93FCCF3869577950B
:10B1D0006795B395D9F73EF49095809570956195F4
:10B1E0007F4F8F4F9F4F0895E89409C097FB3EF41F
:10B1F00090958095709561957F4F8F4F9F4F9923C4
:10B20000A9F0F92F96E9BB279395F6958795779541
:10B210006795B795F111F8CFFAF4BB0F11F460FF01
:10B220001BC06F5F7F4F8F4F9F4F16C0882311F059
:10B2300096E911C0772321F09EE8872F762F05C06D
:10B24000662371F096E8862F70E060E02AF09A9508
:10B25000660F771F881FDAF7880F9695879597F9FD
:10B2600008950E94455A90F09F3748F4911116F0C6
:10B270000C945E5A60E070E080E89FEB089526F43D
:10B280001B16611D711D811D0C9472590C948D59F2
:10B29000990F0008550FAA0BE0E8FEEF16161706E7
:10B2A000E807F907C0F012161306E407F50798F04F
:10B2B000621B730B840B950B39F40A2661F0232B68
:10B2C000242B252B21F408950A2609F4A140A695E4
:10B2D0008FEF811D811D089597F99F6780E870E0C9
:10B2E00060E00895882371F4772321F09850872B2C
:10B2F000762F07C0662311F499270DC09051862B35
:10B3000070E060E02AF09A95660F771F881FDAF7E1
:10B31000880F9695879597F908959F3F31F0915042
:10B3200020F4879577956795B795880F911D969529
:10B33000879597F908959FEF80EC0895DF93CF9359
:10B340001F930F93FF92EF92DF927B018C01689421
:10B3500006C0DA2EEF010E94B75AFE01E894A591CB
:10B360002591359145915591A6F3EF010E946457BF
:10B37000FE019701A801DA9469F7DF90EF90FF9042
:10B380000F911F91CF91DF91089500240A94161612
:10B39000170618060906089500240A9412161306C3
:10B3A0001406050608950C949B590E942B5AD8F355
:10B3B000E894E0E0BB279F57F0F02AED3FE049EC2E
:10B3C00006C0EE0FBB0F661F771F881F28F0B23A2A
:10B3D00062077307840728F0B25A620B730B840B61
:10B3E000E3959A9572F7803830F49A95BB0F661FF3
:10B3F000771F881FD2F790480C948F59092E039419
:10B40000000C11F4882352F0BB0F40F4BF2B11F451
:10B4100060FF04C06F5F7F4F8F4F9F4F0895EF9382
:10B42000E0FF07C0A2EA2AED3FE049EC5FEB0E9493
:10B4300064570E94FE590F90039401FC9058E1E17B
:10B44000F1E00C94995B57FD9058440F551F59F04B
:10B450005F3F71F04795880F97FB991F61F09F3F01
:10B4600079F087950895121613061406551FF2CF2A
:10B470004695F1DF08C0161617061806991FF1CF7A
:10B48000869571056105089408950E942B5AA0F0D5
:10B49000BEE7B91788F4BB279F3860F41616B11DB4
:10B4A000672F782F8827985FF7CF869577956795D0
:10B4B000B11D93959639C8F30895E894BB27662784
:10B4C0007727CB0197F908950E94485908F48FEF28
:10B4D00008959B01AC0160E070E080E89FE30C946C
:10B4E0004C580E942B5A58F19E5760F19851A0F089
:10B4F000E9F0983020F5092E9927660F771F881FED
:10B50000991F0A94D1F712C0062E672F782F88272B
:10B51000985F11F4000C07C0993FB4F386957795B6
:10B5200067959395D9F7611D711D811D3EF4909526
:10B530008095709561957F4F8F4F9F4F08956894C8
:10B540000C945E5A0C945D5A0E94B75A0C94FE59A2
:10B550000E94C55938F00E94CC5920F0952311F073
:10B560000C946C590C949B5911240C945E5A0E94B3
:10B57000235A70F3959FC1F3950F50E0551F629FBA
:10B58000F001729FBB27F00DB11D639FAA27F00D3C
:10B59000B11DAA1F649F6627B00DA11D661F829F63
:10B5A0002227B00DA11D621F739FB00DA11D621F48
:10B5B000839FA00D611D221F749F3327A00D611D65
:10B5C000231F849F600D211D822F762F6A2F112447
:10B5D0009F5750409AF0F1F088234AF0EE0FFF1F7A
:10B5E000BB1F661F771F881F91505040A9F79E3FD1
:10B5F000510580F00C946C590C945E5A5F3FE4F353
:10B60000983ED4F3869577956795B795F795E79526
:10B610009F5FC1F7FE2B880F911D9695879597F92F
:10B6200008950E942B5AE8F09E37E8F09639B8F456
:10B630009E3848F4672F782F8827985FF9CF869532
:10B640007795679593959539D0F3B62FB1706B0FB9
:10B65000711D811D20F487957795679593950C94BE
:10B6600072590C948D590C945E5A9F930E94D5592F
:10B670000F9007FCEE5F0C940F5A19F416F40C941B
:10B680009B590C948D590E942B5AB8F39923C9F3F6
:10B69000B6F39F57550B87FF0E94925B0024A0E6EC
:10B6A00040EA900180585695979528F4805C660F83
:10B6B000771F881F20F026173707480730F4621BD2
:10B6C000730B840B202931294A2BA69517940794D4
:10B6D000202531254A2758F7660F771F881F20F04D
:10B6E00026173707480730F4620B730B840B200DC5
:10B6F000311D411DA09581F7B901842F9158880F04
:10B700009695879508959B01AC010C94A45A0E94CC
:10B71000455A30F09F3710F40C945E5A0C947259CD
:10B720000C948D5991505040660F771F881FD2F7A7
:10B7300008959F938F937F936F93FF93EF939B0154
:10B74000AC010E94A45AEF91FF910E949E592F9143
:10B750003F914F915F910C94A45A991B79E004C0DA
:10B76000991F961708F0961B881F7A95C9F7809540
:10B77000089587FB082E062687FD819567FD619554
:10B780000E94AD5B0EF4919507FC81950895AA1B6C
:10B79000BB1B51E107C0AA1FBB1FA617B70710F0BC
:10B7A000A61BB70B881F991F5A95A9F780959095EE
:10B7B000BC01CD010895A1E21A2EAA1BBB1BFD01FD
:10B7C0000DC0AA1FBB1FEE1FFF1FA217B307E40780
:10B7D000F50720F0A21BB30BE40BF50B661F771FD8
:10B7E000881F991F1A9469F76095709580959095B8
:10B7F0009B01AC01BD01CF010895052E97FB1EF4FE
:10B8000000940E94145C57FD07D00E94DB5B07FC8C
:10B8100003D04EF40C94145C5095409530952195CE
:10B820003F4F4F4F5F4F089590958095709561956C
:10B830007F4F8F4F9F4F0895EE0FFF1F881F8BBFC5
:10B840000790F691E02D19940E942F5CA59F900D12
:10B85000B49F900DA49F800D911D11240895A29F67
:10B86000B001B39FC001A39F700D811D1124911DD4
:10B87000B29F700D811D1124911D0895FB01DC0103
:10B8800004C08D910190801921F441505040C8F7B7
:10B89000881B990B08950F931F93CF93DF93CDB718
:10B8A000DEB72E970FB6F894DEBF0FBECDBF0E8960
:10B8B0001F8986E08C831A8309838FEF9FE79E831D
:10B8C0008D83AE01465E5F4F688D798DCE01019606
:10B8D0000E947B5C2F813885020F131FF8011082B4
:10B8E0002E960FB6F894DEBF0FBECDBFDF91CF917D
:10B8F0001F910F9108952F923F924F925F926F92F6
:10B900007F928F929F92AF92BF92CF92DF92EF92EF
:10B91000FF920F931F93CF93DF9300D000D000D0FE
:10B920001F921F92CDB7DEB77C013B018A01FC015B
:10B9300017821682838181FFDDC1CE0101965C01F1
:10B94000F7019381F30193FD859193FF81913F016D
:10B95000882309F453C1853239F493FD859193FF0F
:10B9600081913F01853229F4B70190E00E94935EF6
:10B97000E7CF912C212C312CFFE1F31538F08B32DD
:10B9800011F190F4803209F1833229F137FC3CC087
:10B9900020ED280F2A3050F536FE20C08AE0989E10
:10B9A000200D1124922E06C08D3291F0803371F754
:10B9B000689430F8F30193FD859193FF81913F01E5
:10B9C0008111DACF21C0689431F8689432F8F2CF4F
:10B9D000689433F8EFCF689434F8ECCFEAE02E9E09
:10B9E000200D1124222E689435F8E4CF8E3229F4EC
:10B9F00036FC04C1689436F8DDCF8C3619F46894AF
:10BA000037F8D8CF8836B1F2982F9F7D9554933070
:10BA1000E0F08336A1F18337C1F1833509F063C0CB
:10BA20002801F2E04F0E511CF801C080D180692D31
:10BA300070E036FC02C06FEF7FEFC6010E947D5EB2
:10BA40004C01689437F882010AC00C5F1F4FFFE376
:10BA5000F98388248394912C6501E89437F833FEA8
:10BA60002DC0522C8114910471F5552009F468CF32
:10BA7000B70180E290E00E94935E5A94F6CFF801FD
:10BA8000808189830E5F1F4FE4CF2801F2E04F0EC3
:10BA9000511CF801C080D180692D70E036FC02C0D5
:10BAA0006FEF7FEFC6010E94885E4C018201D5CF07
:10BAB000B70180E290E00E94935E2A942814190452
:10BAC00009F0B0F7CECFF60137FC859137FE8191B2
:10BAD0006F01B70190E00E94935E51105A94F1E01B
:10BAE0008F1A9108BFCF843619F0893609F077C0D4
:10BAF000F80137FE6BC060817181828193810C5F98
:10BB00001F4FF32DFF763F2E97FF09C0909580952C
:10BB1000709561957F4F8F4F9F4F689437F82AE05B
:10BB200030E0A5010E94C35EC82ECA188C2C432C9D
:10BB300036FE0CC0E89440F8C91440F434FE05C049
:10BB400032FC03C0F32DFE7E4F2E892C44FEAAC08A
:10BB5000FE01EC0DF11D8081803309F09CC0242D85
:10BB6000297E422E842D8870582E43FCAAC040FEA8
:10BB7000A4C09C2C821418F42C0C922C981844FE0F
:10BB8000A6C0B70180E390E00E94935E42FE09C028
:10BB900088E790E041FE02C088E590E0B7010E948E
:10BBA000935EC91408F49FC0CA94D12C9FEFC91AA0
:10BBB000D90ACA0CDB1CF60182916F01B70190E033
:10BBC0000E94935EAC14BD04B1F74FCF60817181C8
:10BBD000072E000C880B990B0E5F1F4F92CFD32CB2
:10BBE000E894D4F82AE030E08537E1F1232D297F6D
:10BBF000D22E8F36A9F1F0F4883551F1F701868104
:10BC000097812B960FB6F894DEBF0FBECDBFDF91A4
:10BC1000CF911F910F91FF90EF90DF90CF90BF9049
:10BC2000AF909F908F907F906F905F904F903F90DC
:10BC30002F900895803749F0883701F7D4FE02C06D
:10BC40006894D2F820E130E00DC06894D4F8F6CFC3
:10BC500034FE03C0822F8660D82E20E132E002C07D
:10BC600028E030E0F801D7FE0FC060817181828149
:10BC700093810C5F1F4FA5010E94C35EC82ECA1896
:10BC80003D2CE89437F852CF6081718190E080E0DC
:10BC90000E5F1F4FF0CF42FC02C0839463CF8394AA
:10BCA000839460CF842D867809F45CCFF6CFB701FA
:10BCB00080E290E00E94935E83948214C0F3512C42
:10BCC0005ECF522C5818821408F459CFF8CF842D27
:10BCD000867809F466CF8BE241FE80E247FC8DE274
:10BCE000B70190E05CCFB70180E390E00E94935EE3
:10BCF0009A9457CF8FEF9FEF84CFFC01059061504E
:10BD000070400110D8F7809590958E0F9F1F089571
:10BD1000FC016150704001900110D8F7809590951A
:10BD20008E0F9F1F08950F931F93CF93DF93182FAC
:10BD3000092FEB018B8181FD09C01FEF0FEF812FD0
:10BD4000902FDF91CF911F910F91089582FF14C022
:10BD50002E813F818C819D81281739073CF4E88131
:10BD6000F981CF0101969983888310838E819F8109
:10BD700001969F838E83E3CFE885F985812F1995FE
:10BD8000892BA1F3DACFFA01AA27283051F120310B
:10BD900081F1E8946F936E7F6E5F7F4F8F4F9F4F5F
:10BDA000AF4FB1E03ED0B4E03CD0670F781F891FA1
:10BDB0009A1FA11D680F791F8A1F911DA11D6A0F6F
:10BDC000711D811D911DA11D20D009F468943F9122
:10BDD0002AE0269F11243019305D3193DEF6CF0121
:10BDE0000895462F4770405D4193B3E00FD0C9F7E7
:10BDF000F6CF462F4F70405D4A3318F0495D31FD54
:10BE00004052419302D0A9F7EACFB4E0A6959795A6
:10BE1000879577956795BA95C9F70097610571057C
:10BE200008959B01AC010A2E0694579547953795C6
:10BE30002795BA95C9F7620F731F841F951FA01D20
:06BE40000895F894FFCF05
:10BE460001010102010101010101062000000601B4
:10BE56000620000002010620000001AA1B250000A2
:10BE660000000101094000AA0920000000000101AC
:10BE76000155FEFE12010400000000000000000053
:10BE8600000000000000FAFEFE0501010800FAFEAF
:10BE9600FE05010109F6FAFEFE030102FA530D0A38
:10BEA6000047393047353347305A2D35004739304A
:10BEB600473533473058257359257300473930477E
:10BEC600353347305A2573004732314739314733C6
:10BED600382E325A2D3330463230300047305A3100
:10BEE600004733382E325A2D32463330004D345304
:10BEF60032333030004739304735334730315A25F1
:10BF0600734631353030004D3500473930473533CB
:10BF16004730592573004739304735334730582D58
:10BF260035592D35004739304735334730582D358B
:10BF3600592D323030004D335333303030004739CD
:10BF4600304735334730315A257346313830300063
:10BF5600473931473143322E35463130303000478C
:10BF660039314731433146313030300066696E69C8
:10BF76007368004739304735334730582D353059C7
:10BF86002D323030004739304735334730582D355C
:10BF960030592D35004739304735334730582D3124
:10BFA6003030592D35004739304735334730582D15
:10BFB600313030592D32303000473930473533472C
:10BFC60030582D313530592D323030004739304711
:10BFD60035334730582D313530592D3500473930F6
:10BFE6004735334730582D323030592D35004739D3
:10BFF600304735334730582D323030592D323030B6
:10C00600004739304735334730582D3130592D31B7
:10C01600300047393047353347305A2D33300047E3
:10C0260039304735334730582573592D313830006C
:10C036004739304735334730582573593000240087
:04C04600410D0A009E
:00000001FF
