:100000000C94BE020C94DF020C94DF020C94DF020D
:100010000C94DF020C94DF020C94DF020C94DF02DC
:100020000C94DF020C9407520C94DF020C94464BA4
:100030000C9490510C94DF020C94DF020C94DF02BC
:100040000C94DF020C94A24B0C94DF020C94DF02A0
:100050000C94DF020C94DF020C94DF020C948C4BA6
:100060000C94DF020C946F500C9465510C94DF02D9
:100070000C94DF020C94DF020C94DF020C94DF027C
:100080000C94DF020C94DF020C94DF020C94654F99
:100090000C9447500C941C500C94DF020C94DF021B
:1000A0000C94DF020C94DF020C94DF020C94DF024C
:1000B0000C94DF020C94DF020C94DF020C941C52AF
:1000C0000C94DF020C94DF020C94DF020C94F44FCA
:1000D0000C94C94F0C94DF020C94A14F0C94764FF2
:1000E0000C94DF02084AD73B3BCE016E84BCBFFDB7
:1000F000C12F3D6C74319ABD56833DDA3D00C77FF8
:1001000011BED9E4BB4C3E916BAAAABE0000008090
:100110003F05A84CCDB2D44EB93836A9020C50B91F
:10012000918688083CA6AAAA2ABE000000803F004B
:100130000C94E7450C94D5450C94A84A0C940651B0
:100140000C9467310C940E510C948F4A0C940A5104
:100150000C94E74A0C94754A0C946C4A0C94313117
:100160000C941E510C948B300C9419310C94EE505D
:100170000C94CA300C9441510C9402510C94BC451F
:100180000C94ED450C943F4B0C94FB300C94F450C4
:100190000C94D7500C9414510C944F510C94B245BC
:1001A0000C94B6450C9426510C940A4B0C947D4A41
:1001B0000C949C4A0C9449510C9432510C94F04A82
:1001C0000C94F64A0C94134B0C94CA450C9453515E
:1001D0000C94DB4A0C941B4B0C94D34A0C9437516F
:1001E0000C941C510C9412510C940C510C947431BD
:1001F0000C949F4A0C94F3450C9408310C94FE50D7
:100200000C94364B0C94FB450C94C0450C94453132
:100210000C94724A0C9430510C9427310C94C645BE
:100220000C94FC500C947A4A0C945A310C9415316D
:100230000C94FA500C9404510C9428510C941651BF
:100240000C9400510C942E510C9418510C94D12EF6
:100250000C94D7300C9445510C942D4B0C94E430F5
:100260000C94FF4A0C9424510C94DE4A0C94F945EA
:100270000C94AD490C9451510C94BA450C942C51EA
:100280000C9410510C9434510C94DF450C94B14AE9
:100290000C94F8500C94244B0C944D510C94874AB8
:1002A0000C94BD4A0C9422510C94EE300C943B31CA
:1002B0000C94C74A0C943D510C94BD300D0A007C3F
:1002C00057506F733A004D506F733A000D0A00415A
:1002D0006C61726D3A005BE68EA2E992883A003159
:1002E0002E302E33005B76657273696F6E3A007C38
:1002F00046533A007C4C6E3A007C42663A007C479A
:100300003A007C4D3A007C533A007C46423A007CED
:1003100053463A007C483A007C41463A007C4C3ACD
:10032000007C433A007C44523A007C443A007C54BE
:10033000443A007C523A007C52573A007C4C573A7F
:10034000007C5246543A007C4C46543A007C53544C
:100350003A007C463A007C543A007C4C443A007C9B
:1003600057506F733A007C4D506F733A00536C6571
:10037000657000446F6F723A00436865636B0041BB
:100380006C61726D00486F6D696E67004D6F7669C4
:100390006E67005061757365004D6F76696E67001A
:1003A0005265616479006572726F723A005D002C6B
:1003B000002C002C002C002C002C002C006E756CE6
:1003C0006C5D0027746872656164272C0027647275
:1003D000696C6C272C0027636F6E65272C002762E1
:1003E000616C6C272C0027656E646D696C6C272C22
:1003F000005B007D0D0A00273A007B27746F6F6C4D
:10040000007D0D0A00273A007B27746F6F6C007D1A
:100410000D0A00273A007B27746F6F6C000D0A00ED
:100420005D005B746F6F6C5374617475733A200078
:100430000D0A00537461727420746F6F6C207365C1
:100440007474696E6700204700204D00205300201F
:10045000460020540033382E005B47433A47005B88
:100460005A706F733A005B544C4F3A005B47393215
:100470003A003330003238005B47005B4F50543A4B
:10048000005B5645523A312E31652E3230313730CD
:100490003131343A00536C656570696E670052659E
:1004A00073746F72696E67207370696E646C650037
:1004B000526573746F72696E672064656661756CEE
:1004C00074730050726F6772616D20656E6465644D
:1004D00000436865636B206C696D697473004368E1
:1004E00065636B20646F6F720044697361626C6551
:1004F0006400456E61626C65640043617574696F88
:100500006E3A20556E6C6F636B656400506C65616C
:10051000736520756E6C6F636B00506C65617365FD
:10052000205265736574005B4D53473A006F6B0D45
:100530000A00244E005D7D0D0A002C007B27746F9D
:100540006F6C44617461273A5B000D0A0062656656
:100550006F7265546F6F6C3A000D0A006E6F7754BE
:100560006F6F6C3A000D0A00537461727420746FDF
:100570006F6C2073657474696E67000011241FBE70
:10058000CFEFD1E2DEBFCDBF00E00CBF2DE1A0E098
:10059000B4E001C01D92A036B207E1F714E0A0E07C
:1005A000B2E0E8EEFDEB00E00BBF02C007900D9259
:1005B000A030B107D9F70E946F530C94F25E0C94EF
:1005C00000002F923F924F925F926F927F928F9294
:1005D0009F92AF92BF92CF92DF92EF92FF920F93D2
:1005E0001F93CF93DF93CDB7DEB72E970FB6F89456
:1005F000DEBF0FBECDBF4B015C017A0120E030E0D1
:10060000A9010E94135810E087FF05C0B7FAB09403
:10061000B7F8B09411E0C501B4010E9496586B87F9
:100620007C878D879E87112331F08DE2F7018083CF
:10063000C70101967C016B857C858D859E858E0129
:100640000F5F1F4F68013AE0232E312C412C512CB3
:100650003801EFEF6E1A7E0AA20191010E94AC5B95
:10066000605DF8016083B901CA01830161157105FC
:100670008105910569F7D701F301CE16DF06E1F593
:1006800083010C191D090F5F1F4F0E0D1F1D6B8578
:100690007C858D859E850E94C5589B01AC01C50156
:1006A000B4010E941D5793012C193D09E20EF31E5F
:1006B0002EE2F7012083680124E0F22EFA94F11073
:1006C0001EC0F80113822E960FB6F894DEBF0FBE3F
:1006D000CDBFDF91CF911F910F91FF90EF90DF90F1
:1006E000CF90BF90AF909F908F907F906F905F90D2
:1006F0004F903F902F90089582918D93BECF20E030
:1007000030E040E251E40E94755A4B015C010E94C6
:100710008F5820E3260FF60121936F01072E000C5E
:10072000880B990B0E94C7589B01AC01C501B4010D
:100730000E941D57C3CF2FB7F8949091D11A892BDF
:100740008093D11A2FBF08952FB7F8949091D01AA3
:10075000892B8093D01A2FBF08959FB7F894809368
:10076000CF1A9FBF08959FB7F8942091CE1A809515
:1007700082238093CE1A9FBF08952FB7F89490914B
:10078000CE1A892B8093CE1A2FBF08954F925F9275
:100790006F927F928F929F92AF92BF92CF92DF9291
:1007A000EF92FF920F931F93CF93DF9380909D1C46
:1007B000912C2BE6A22E2CE1B22E8C01D0E0C0E0D1
:1007C000F501C190D190E190F1905F0120E030E01F
:1007D000A901C701B6010E941358882381F1F801CD
:1007E0004080518062807380C4010C2E02C09595B8
:1007F00087950A94E2F720E030E0A90180FF11C05C
:10080000C301B2010E94135887FD09C0C701B60198
:100810009058A30192010E94135887FF10C081E0F5
:1008200016C0C301B2010E94355A1816C4F3A301C1
:100830009201C701B6010E94355A181684F3219619
:100840000C5F1F4FC730D10509F0BACF80E0DF91B0
:10085000CF911F910F91FF90EF90DF90CF90BF90BD
:10086000AF909F908F907F906F905F904F90089582
:100870008F929F92AF92BF92CF92DF92EF92FF92B0
:100880000F931F93CF93DF93EB0127E1E22E2CE12F
:10089000F22E8C016B018CE1C80ED11C699179910B
:1008A00089919991F70181909190A190B1907F01E8
:1008B0000E94C758A50194010E941D58F801619338
:1008C0007193819391938F01CC15DD0539F7DF91F9
:1008D000CF911F910F91FF90EF90DF90CF90BF903D
:1008E000AF909F908F900895E2E0F1E08081886062
:1008F00080830895882341F0739A91E0811101C0AB
:1009000090E09093F11A08957398F7CF882341F0FF
:100910008F9A91E0811101C090E09093F31A0895AD
:100920008F98F7CF813019F4899A8A9804C08998F2
:100930008230D9F78A9A8093F41A0895882341F077
:10094000A29A91E0811101C090E09093F21A08956B
:10095000A298F7CFCF93DF93C091C91AD091CA1A4A
:100960002097C9F08091991A81608093991A6091BB
:10097000AF1A7091B01A8091B11A9091B21A9B017E
:10098000AC010E94755A6EA37FA388A799A7109205
:10099000CA1A1092C91ADF91CF910895E3EFFEE0D1
:1009A0008091F00E868F8091871C8250990B880F62
:1009B0008195858FEFE6F0E08081826080830895E5
:1009C00020919C1C21FF0BC09093AB008093AA0048
:1009D000892B31F48091A0008F7D8093A000089531
:1009E0008091A0008062F9CF882361F0813061F0AE
:1009F000823061F0833061F0843061F0853061F0E5
:100A000082E0089580E8089580E4089580E20895E2
:100A100080E1089588E0089584E00895882361F0D6
:100A2000813061F0823061F0833061F0843061F0B8
:100A3000853061F082E0089584E0089588E00895AB
:100A400080E1089580E2089580E4089580E80895A3
:100A5000AF92BF92CF92DF92EF92FF920F931F93CC
:100A6000CF93DF93E090881CF12CC090891CD12C8F
:100A7000D0E0C0E010E000E0BC2EAC2EC7010C2E90
:100A800002C0959587950A94E2F780FF04C08C2FE9
:100A90000E940E05082BC60102C095958795AA9461
:100AA000E2F780FF04C08B2D0E94F404182B2196DE
:100AB000C730D10509F70093F00E1093F10EDF91C6
:100AC000CF911F910F91FF90EF90DF90CF90BF904B
:100AD000AF9008959091D21A8091D31A891749F056
:100AE000E92FF0E0EB53F64F80819F5F9093D21A8D
:100AF00008958FEF08952091CC0EDC0180E08613DD
:100B000001C008959091CB0E2917D9F3E92FF0E099
:100B1000E553F24F30813D938F5F9F5F9093CB0EF3
:100B2000EECF9091CB0E8091CC0E891749F0E92F32
:100B3000F0E0E553F24F80819F5F9093CB0E0895D4
:100B40008FEF0895E091C90C91E09E0F2091CA0D9E
:100B5000291761F0F0E0E653F34F80839093C90CBE
:100B60008091310180628093310104C02091CE1ABE
:100B700024FFECCF0895E091C50A91E09E0F2091EB
:100B8000C60B291761F0F0E0EA53F54F808390938C
:100B9000C50A8091D10080628093D10004C0209169
:100BA000CE1A24FFECCF0895E091C30891E09E0F88
:100BB0002091C409291761F0F0E0EC53F74F8083CE
:100BC0009093C3088091C90080628093C90004C0DB
:100BD0002091CE1A24FFECCF0895E091BF06DC01EE
:100BE00080E091E09E0F2091C007291308C0E09398
:100BF000BF069091C10090629093C10008952D911D
:100C0000F0E0E054F94F20838F5FE92F6813E9CFBC
:100C1000EECFE091BF0691E09E0F2091C00729170B
:100C200061F0F0E0E054F94F80839093BF0680912B
:100C3000C10080628093C10004C02091CE1A24FFBD
:100C4000ECCF08951092D20E90919C1C97FD03C09A
:100C50009CE09093D20E882331F08091D20E9CE0DC
:100C600089278093D20E08958F929F92AF92BF9260
:100C7000CF92DF92EF92FF920F931F93CF93DF9368
:100C8000CDB7DEB72D970FB6F894DEBF0FBECDBF40
:100C90006B017C01042F20E030E0A9010E94135871
:100CA00087FF07C08DE20E94A205F7FAF094F7F8DB
:100CB000F09420E030E048EC52E4C701B6010E9415
:100CC000755A20E030E048EC52E4043031F0033053
:100CD00031F420E030E040E251E40E94755A20E017
:100CE00030E040E05FE30E941E570E948F5810E002
:100CF0003AE0832E912CA12CB12CE12FF0E061156C
:100D000071058105910581F581E090E08C0F9D1FB3
:100D1000E80FF91F80E31017C8F1101309C0E1E0D4
:100D2000F0E0EC0FFD1FE10FF11D80E380831F5FFA
:100D3000EE24E394F12CEC0EFD1EE10EF11C1111DA
:100D400028C02D960FB6F894DEBF0FBECDBFDF9141
:100D5000CF911F910F91FF90EF90DF90CF90BF90B8
:100D6000AF909F908F900895EE24E394F12CEC0EB9
:100D7000FD1EEE0EFF1EA50194010E94AC5B605D9E
:100D8000F7016083B901CA011F5FB7CF1F5F81936D
:100D9000C2CF101303C08EE20E94A205F701829118
:100DA0007F010E94A2051150CACF0F931F93CF93CA
:100DB0008C01C0E0F80161917191819191918F0155
:100DC00020919C1C43E020FF07C02BE832E441E265
:100DD0005DE30E94755A44E00E943406C33019F066
:100DE0008CE20E94A205CF5FC43021F7CF911F9102
:100DF0000F9108958F929F92AF92BF92CF92DF9200
:100E0000EF92FF920F931F93CF93DF93CDB7DEB78F
:100E10002D970FB6F894DEBF0FBECDBF6B017C01DE
:100E2000042F20E030E0A9010E94135887FF07C07B
:100E30008DE20E940906F7FAF094F7F8F094102F6B
:100E4000123008F054C000FF0AC020E030E040E259
:100E500051E4C701B6010E94755A6B017C0120E084
:100E600030E040E05FE3C701B6010E941E570E94D8
:100E70008F5810E03AE0832E912CA12CB12CE12F59
:100E8000F0E06115710581059105E9F581E090E0DB
:100E90008C0F9D1FE80FF91F80E3101708F445C061
:100EA000101309C0E1E0F0E0EC0FFD1FE10FF11DB0
:100EB00080E380831F5FEE24E394F12CEC0EFD1E93
:100EC000E10EF11C111134C02D960FB6F894DEBF5F
:100ED0000FBECDBFDF91CF911F910F91FF90EF908B
:100EE000DF90CF90BF90AF909F908F90089520E0BB
:100EF00030E048EC52E4C701B6010E94755A6B011C
:100F00007C0112509DCFEE24E394F12CEC0EFD1EDB
:100F1000EE0EFF1EA50194010E94AC5B605DF7011F
:100F20006083B901CA011F5FAACF1F5F8193B5CF4C
:100F3000101303C08EE20E940906F70182917F011F
:100F40000E9409061150BECF20919C1C40E020FF5A
:100F500007C02BE832E441E25DE30E94755A41E0AC
:100F60000C94FA0620919C1C43E020FF07C02BE85C
:100F700032E441E25DE30E94755A44E00C94FA06C3
:100F80000F931F93CF938C01C0E0F8016191719191
:100F9000819191918F010E94B207C33019F08CE2C8
:100FA0000E940906CF5FC43081F7CF911F910F9146
:100FB00008958F929F92AF92BF92CF92DF92EF925D
:100FC000FF920F931F93CF93DF9300D000D000D0F8
:100FD0001F92CDB7DEB76115710581059105A9F4A2
:100FE00080E32A960FB6F894DEBF0FBECDBFDF9127
:100FF000CF911F910F91FF90EF90DF90CF90BF9016
:10100000AF909F908F900C94090600E09E012F5F97
:101010003F4F79012AE0822E912CA12CB12C67013F
:10102000C00ED11CA50194010E94AC5BF601608347
:10103000B901CA010F5F611571058105910579F745
:101040000E0D1F2D111DE016F10699F42A960FB60C
:10105000F894DEBF0FBECDBFDF91CF911F910F91EE
:10106000FF90EF90DF90CF90BF90AF909F908F90C8
:101070000895F80182918F01805D0E940906E3CFF7
:10108000CF92DF92EF92FF9297FF0CC06B017C0131
:101090008DE20E94090666277727CB016C197D092E
:1010A0008E099F09FF90EF90DF90CF900C94D907A5
:1010B000CF93DF93843658F06AE00E947E5BC0E3F2
:1010C000C90F6AE00E947E5BD0E3D90F04C0C0E084
:1010D000D0E08A30B0F7805D0E940906DD2319F068
:1010E0008D2F0E940906CC2329F08C2FDF91CF9100
:1010F0000C940906DF91CF910895CF93DF93EC0113
:10110000FE0184912196811103C0DF91CF91089552
:101110000E94A205F5CFCF93DF93EC01FE018491ED
:101120002196811103C0DF91CF9108950E94090695
:10113000F5CF2F923F924F925F926F927F928F9254
:101140009F92AF92BF92CF92DF92EF92FF920F9356
:101150001F93CF93DF9300D000D01F921F92CDB783
:10116000DEB7FC01108121803284C384D4840585DC
:10117000E684F784FE24EF24FE24428053806480BA
:10118000758049825A826B827C8286809780A08497
:10119000B1848D829E82AF82B88681EF93E00E94F7
:1011A0008B08133009F46DC050F4113009F466C097
:1011B0008EED93E0123051F08DEB93E045C014308A
:1011C00009F462C083EC93E01530B1F70E948B08FC
:1011D000822D0E9458088BEB93E00E948B0842E01E
:1011E000C301B2010E94FA0689EB93E00E948B08CA
:1011F00042E0C501B4010E94FA0687EB93E00E9429
:101200008B08832D0E94580885EB93E00E948B0881
:101210008C2D0E94580883EB93E00E948B088D2D43
:101220000E94580881EB93E00E948B08802F0E9457
:1012300058088FEA93E00E948B08B70190E080E0A5
:101240000E94D9078DEA93E028960FB6F894DEBF86
:101250000FBECDBFDF91CF911F910F91FF90EF9007
:10126000DF90CF90BF90AF909F908F907F906F90C6
:101270005F904F903F902F900C948B0886EE93E0F8
:10128000A5CF86ED93E0A2CF8DEC93E09FCF8CECC1
:1012900092E00C948B08CF93C82F86EA93E00E94CB
:1012A0008B088C2F0E945808CF910C9447098823F3
:1012B00021F0823031F00C944B098DE295E00C94D2
:1012C0008B080895CF92DF92EF92FF92CF93DF9336
:1012D000D82F6A017B01C22F84E20E9409068D2F5C
:1012E0000E9458088DE30E9409064C2FC701B601E1
:1012F0000E94FA06DF91CF91FF90EF90DF90CF90A0
:101300000C944709EF92FF920F931F93CF93DF93B3
:1013100001EC1CE1C2EDD0E0EE24E394EC0E82E09F
:10132000F82EFC0EF801D130C9F0D230F1F0408136
:1013300051816281738123E08C2F0E946209DF5FFB
:10134000D33081F7CD5F0C5F1F4FC43E21F7DF9193
:10135000CF911F910F91FF90EF900895408D518D87
:10136000628D738D23E08E2DE8CF40A951A962A92B
:1013700073A923E08F2DE1CFCF93DF93D82FC62F12
:1013800084E20E9409068D2F0E9458088DE30E9476
:1013900009068C2F0E945808DF91CF910C944709C1
:1013A000EF92FF920F931F93CF93DF936091871C6F
:1013B00070E080E00E94BC0960918A1C70E081E0CE
:1013C0000E94BC096091881C70E082E00E94BC0908
:1013D0006091891C70E083E00E94BC0960919C1CB4
:1013E00062FB662760F970E084E00E94BC096091AE
:1013F0009C1C66FB662760F970E085E00E94BC09D2
:1014000080919C1C082E000C990B692F661F662783
:10141000661F70E086E00E94BC0960918B1C70E042
:101420008AE00E94BC0940918C1C50918D1C6091F7
:101430008E1C70918F1C23E08BE00E94620940910A
:10144000901C5091911C6091921C7091931C23E010
:101450008CE00E94620960919C1C617070E08DE0DC
:101460000E94BC0960919C1C65FB662760F970E0D6
:1014700084E10E94BC0960919C1C63FB662760F9B3
:1014800070E085E10E94BC0960919C1C62956170CE
:1014900070E086E10E94BC0960919D1C70E087E1CC
:1014A0000E94BC0940919E1C50919F1C6091A01C01
:1014B0007091A11C23E088E10E9462094091A21C66
:1014C0005091A31C6091A41C7091A51C23E089E19C
:1014D0000E9462096091A61C7091A71C8AE10E947B
:1014E000BC094091A81C5091A91C6091AA1C709144
:1014F000AB1C23E08BE10E9462094091941C509147
:10150000951C6091961C7091971C20E08EE10E94C2
:1015100062094091981C5091991C60919A1C70919D
:101520009B1C20E08FE10E94620960919C1C6695E3
:10153000617070E080E20E94BC094091B51C50913E
:10154000B61C6091B71C7091B81C23E081E20E9428
:1015500062094091B91C5091BA1C6091BB1C7091FA
:10156000BC1C23E082E20E9462094091BD1C5091A4
:10157000BE1C6091BF1C7091C01C23E083E20E94DE
:1015800062094091591D50915A1D60915B1D7091E7
:101590005C1D23E084E20E94620960915D1D70E0A1
:1015A00085E20E94BC0994E6F92E10E0C7E1DCE177
:1015B00000E0E02EEF0C123009F461C0133009F4A2
:1015C0006BC0113009F456C0488159816A817B8112
:1015D00023E08E2D0E9462090F5F2496073049F7A1
:1015E0008AE0F80E1F5FECE8FE12E0CF6091AC1CC1
:1015F00070E088EC0E94BC094091AD1C5091AE1C7B
:101600006091AF1C7091B01C23E089EC0E946209CC
:101610004091B11C5091B21C6091B31C7091B41CEC
:1016200023E08AEC0E94620901EC1CE1C2EDD0E0EB
:10163000EE24E394EC0E82E0F82EFC0EF801D1309B
:10164000A1F1D230C9F1408151816281738123E0DF
:101650008C2F0E946209DF5FD33081F7CD5F0C5F72
:101660001F4FC43E21F7DF91CF911F910F91FF9043
:10167000EF9008954C8D5D8D6E8D7F8DA9CF20E00C
:1016800030E041E655E468AD79AD8AAD9BAD0E948E
:101690001D58AB01BC019CCFFE01EC5AFF4F4081AD
:1016A000518162817381705893CF408D518D628DCD
:1016B000738D23E08E2DCDCF40A951A962A973A9C6
:1016C00023E08F2DC6CF8DE50E9409060C944709B3
:1016D00085EE92E00E948B088FED92E00E948B08CD
:1016E0000C94630BCF93DF93CDB7DEB76C970FB637
:1016F000F894DEBF0FBECDBF86ED92E00E948B084E
:1017000063ED7EE0CE0101960E943804CE01019681
:101710000E94C0078AE30E9409068091DD1A0E9498
:1017200058088CE20E9409066091B11C7091B21CAD
:101730008091B31C9091B41C0E94B2070E94630B6D
:101740006C960FB6F894DEBF0FBECDBFDF91CF9180
:101750000895CF93DF93EC018991811103C0DF914C
:10176000CF9108950E940906F7CFEFE6FBE1A3E8C9
:10177000B6E041915191619171914D935D936D935B
:101780007D938BE1EB38F807A1F70895BF92CF92D4
:10179000DF92EF92FF920F931F93CF93DF937C0121
:1017A000FC01FE9600811181D281C381FC0181A1DF
:1017B00080FF33C06091E01A70E090E080E00E940A
:1017C000C7582AE037ED43E25CE30E94755A9B015B
:1017D000AC01B8018D2F9C2F0E94755A8B01D82F18
:1017E000C92F20E030E040E85FE3B8018D2F9C2F47
:1017F0000E94355A181624F000E010E0D0E8CFE33C
:10180000B8018D2F9C2FDF91CF911F910F91FF90E9
:10181000EF90DF90CF90BF90089582FD17C0609148
:10182000DF1A70E090E080E00E94C7582AE037EDB0
:1018300043E25CE30E94755A9B01AC01B8018D2F15
:101840009C2F0E94755A8B01D82FC92FF701B2AC7B
:10185000C3ACD4ACF5AC98014D2F5C2F6B2D7C2D17
:101860008D2D9F2D0E94135887FFBBCF0B2D1C2D54
:10187000DD2DCF2DB6CF8091370F9091101998178D
:1018800039F026E4829FC0011124885C904F0895AE
:1018900090E080E008954F925F926F927F928F92D6
:1018A0009F92AF92BF92CF92DF92EF92FF920F93EF
:1018B0001F93CF93DF93CDB7DEB7C057D1090FB6D3
:1018C000F894DEBF0FBECDBF8CE1EFE6FBE1DE0199
:1018D000119601900D928A95E1F7BE016F5F7F4FDF
:1018E000CE014D960E943804BE016F5F7F4FCE013E
:1018F000C9960E9438048CE30E9409068091D81A88
:10190000883009F43EC108F022C1813009F442C197
:1019100008F432C1823009F440C1843009F437C17F
:1019200080918B1C282F2170E22E80FF4FC1809167
:10193000E41A882309F44AC186E693E00E948B08E2
:10194000CE014D960E94C0078FE593E00E948B0860
:10195000CE01C9960E94C0078AE593E00E948B08D9
:101960006091FA1A7091FB1A8091FC1A9091FD1AFD
:1019700042E00E94FA0686E593E00E948B0880917F
:10198000AC1C0E94580882E593E00E948B0860918D
:101990000E1B70910F1B8091101B9091111B0E94C8
:1019A000A4078DE493E00E948B0860E070E0CB0117
:1019B0000E94A40787E493E00E948B0860E070E037
:1019C000CB010E94A40781E493E00E948B0860E0B1
:1019D00070E0CB010E94A4078CE393E00E948B0887
:1019E0006091F51A70E090E080E00E94C5580E9476
:1019F000A40787E393E00E948B086091F61A70E0D9
:101A000090E080E00E94C5580E94A40783E393E021
:101A10000E948B086091ED1A70E090E080E00E94D7
:101A2000C5580E94A4078EE293E00E948B08609143
:101A3000EE1A70E090E080E00E94C5580E94A40772
:101A40008AE293E00E948B086091EF1A70E090E0C8
:101A500080E00E94C5580E94A40785E293E00E949E
:101A60008B086091F71A70E090E080E00E94C55802
:101A70000E94A40781E293E00E948B086091F01A13
:101A800070E090E080E00E94C5580E94A4078DE1BC
:101A900093E00E948B086091F11A70E090E080E082
:101AA0000E94C5580E94A40788E193E00E948B0819
:101AB0006091F21A70E090E080E00E94C5580E94A8
:101AC000A40784E193E00E948B086091F91A70E00A
:101AD00090E080E00E94C5580E94A4078FE093E048
:101AE0000E948B086091F41A70E090E080E00E9400
:101AF000C5580E94A4078AE093E00E948B08609179
:101B0000F31A70E090E080E00E94C5580E94A4079C
:101B100086E093E00E948B0860910A1B70910B1B7A
:101B200080910C1B90910D1B40E00E94FA0682E010
:101B300093E00E948B088091091B803109F498C0C2
:101B4000803209F425C1811196C085E392C08032AC
:101B5000D9F050F4803109F0E3CE8091DA1A87FD94
:101B600013C083E993E00AC08034D1F0803809F0D3
:101B7000D7CE8DE693E002C080EA93E00E948B0806
:101B8000CFCE89E993E0FACF8CE893E0F7CF85E8F0
:101B900093E0F4CF8FE793E0F1CF89E793E0EECFC6
:101BA00083E793E00E948B088091DA1A83FF04C0D8
:101BB00083E30E940906B4CE82FF06C085FF02C0FF
:101BC00081E3F7CF80E3F5CF82E3F3CF40906B1B47
:101BD00050906C1B60906D1B70906E1B83E3A82E61
:101BE0008BE1B82E6E0185E5C80ED11C8E01075C15
:101BF0001F4FF12C4601F5016191719181919191F5
:101C00005F01208D318D428D538D0E941E57F6014C
:101C100061937193819391936F01F2E0FF1225C05C
:101C2000A30192010E941E57F40160877187828789
:101C30009387E11016C0F6013497208131814281EB
:101C40005381F80160817181828193810E941D57C7
:101C5000F8016083718382839383F6E0FF1609F4B1
:101C60006BCEF3940C5F1F4FC6CFEE2021F3F5CF60
:101C700083E30E9409068EEF92E00E948B08809118
:101C8000061B8A5C0E94580880918B1C81FF1EC035
:101C900089EF92E00E948B08909110198091370F84
:101CA000981708F477C08D5D891B0E9458088CE254
:101CB0000E9409068091C1089091C208981708F403
:101CC0006BC0981B892F80950E9458080E943B0C7E
:101CD000009791F0FC01C2A0D3A0E4A0F5A0C1142C
:101CE000D104E104F10441F084EF92E00E948B08FA
:101CF000C701B6010E9440088FEE92E00E948B0857
:101D00008091D81A8C7709F44AC06091AF1A70910B
:101D1000B01A8091B11A9091B21A0E94A4078CE275
:101D20000E9409066091E51A7091E61A8091E71AFF
:101D30009091E81A40E00E94FA068091E41A882304
:101D400091F181508093E41A8091E31A8823E1F1A4
:101D500081508093E31A8EE30E9409060E9447098E
:101D6000C059DF4F0FB6F894DEBF0FBECDBFDF9175
:101D7000CF911F910F91FF90EF90DF90CF90BF9088
:101D8000AF909F908F907F906F905F904F9008954D
:101D900084E36FCF815088CF8150891B95CF60E05D
:101DA00070E0CB01BACF8091D81A8C7759F08DE1D1
:101DB0008093E41A8091E31A8111C6CF81E0809369
:101DC000E31AC2CF89E0F4CF8091D81A8C7711F052
:101DD00083E1BFCF89E0BDCF0E943B0C892B19F076
:101DE00082E00C94BD0308952F923F924F925F9230
:101DF0006F927F928F929F92AF92BF92CF92DF921B
:101E0000EF92FF920F931F93CF93DF9300D01F9217
:101E1000CDB7DEB700911019002309F486C00983FD
:101E20003981315039831091360F131709F466C088
:101E3000C32ED12CE6E43E9FC00111249C01285CF6
:101E4000304F7901F90172A483A494A4A5A466A5D6
:101E500077A580A991A99B01AC010E941E57F701AB
:101E600022A933A944A955A90E94755AB62EE72E76
:101E7000F82E9B83262F372F482F592F672D782D2B
:101E8000892D9A2D0E94135887FF03C0B72C740127
:101E9000AB8286E48C9DF0018D9DF00D1124E85CF1
:101EA000F04F8B2D9E2DAF2DBB8186A397A3A0A7AE
:101EB000B1A7F9818F2FF11101C084E2FF24FA94B8
:101EC000F80E3090370F1F1133C0131102C00E945B
:101ED000AA04E6E41E9FC0011124885C904F9A83F7
:101EE000898333243394310EF4E23F1201C0312C44
:101EF00086E4282E031185C01093360F0F900F90A3
:101F00000F900F90DF91CF911F910F91FF90EF9065
:101F1000DF90CF90BF90AF909F908F907F906F9009
:101F20005F904F903F902F90089524E2298378CFBF
:101F3000298186E4289F90011124285C304F3C833E
:101F40002B8326E4E22E8F2C912CFE9CC0011124C1
:101F5000FC01E85CF04FFA83E983F11002C094E2DF
:101F6000F92EFA94F31002C00E94AA04E89CC00162
:101F7000E99C900D11249C01285C304F6901F90106
:101F800042A453A464A475A4A301920166A177A1FD
:101F900080A591A50E941358882339F1F60166A502
:101FA00077A580A991A99B01AC010E941E57F6015B
:101FB00022A933A944A955A90E94755AEB81FC8135
:101FC00026A137A140A551A50E941E574B015C01D7
:101FD000AC019B01C301B2010E94355AF6011816EB
:101FE0005CF486A297A2A0A6B1A629813A813C837F
:101FF0002B831F11A8CF6DCF46A257A260A671A652
:10200000F4CFC32CD12C329CC00111249C01285C3C
:10201000304F7901E981FA8146A057A060A471A4EC
:10202000F90186A097A0A0A4B1A4A5019401C301C1
:10203000B2010E94135887FF26C0E981FA8166A584
:1020400077A580A991A99B01AC010E941E57E98147
:10205000FA8122A933A944A955A90E94755AA3015E
:1020600092010E941E572B013C01AC019B01C5014E
:10207000B4010E94355A181634F4F70146A257A24B
:1020800060A671A6132D2C9CF0012D9CF00D11243F
:10209000E85CF04F22A533A544A555A566A177A11C
:1020A00080A591A50E941358811101C0132D33946E
:1020B000F4E23F1201C0312CFA82E9821BCF6F9209
:1020C0007F928F929F92AF92BF92CF92DF92EF92C8
:1020D000FF920F931F93CF93DF93EB018C015B0172
:1020E0008CE1A80EB11C89E9682E96E7792E26E9C5
:1020F000822E3EE7932EC990D990E990F99020E086
:1021000030E0A901C701B6010E9413588823B9F035
:10211000A7019601F80160817181828193810E94FB
:102120001D586B017C01E894F7F89301A401C701E5
:10213000B6010E94355A181614F0360147010C5F9B
:102140001F4FCA15DB05B9F6B301C401DF91CF916A
:102150001F910F91FF90EF90DF90CF90BF90AF90C5
:102160009F908F907F906F9008954F925F926F92A3
:102170007F92AF92BF92CF92DF92EF92FF920F9336
:102180001F93CF93DF936C01FB015A01A081A80F2D
:10219000B92FB11D8C91ED018D3249F52296119622
:1021A0008C9101E0512C612C10E020E030E0A9017D
:1021B0007E0190ED792E780E89E0871528F16394E1
:1021C000A8E0A615E8F051101150A5E0B0E00E947B
:1021D000F55B9B01AC01220F331F441F551F270DD8
:1021E000311D411D511D2196D7018C91E1CF8B32BC
:1021F00019F0219600E0D6CF229611968C91FACF55
:102200005110F1CF1F5FEFCFBEEF7B1205C0511011
:1022100003C055245394E7CF662009F17F01CA011A
:10222000B9010E94C5582B013C0120E030E0A90112
:102230000E94135881112EC0002309F448C077FA78
:10224000709477F87094F5014082518262827382B3
:10225000CC19DD09C150F701C08366246394862D33
:10226000DF91CF911F910F91FF90EF90DF90CF9072
:10227000BF90AF907F906F905F904F9008952AE04D
:1022800037ED43E25CE3C301B2010E94755A2B01B2
:102290003C011E5F1F3F9CF31F3F59F42DEC3CECAB
:1022A0004CEC5DE3C301B2010E94755A2B013C0165
:1022B000C3CF112309F220E030E040E251E4C30132
:1022C000B2010E94755A2B013C011150F2CFD50189
:1022D0004D925D926D927C921397BACF93B180919B
:1022E0009C1C86FF17C09E77B9F094FB882780F965
:1022F00095FD8260292F207409F08460292F2470B5
:1023000092FD886091FD80612111806293FF05C07C
:10231000806408959095E7CF80E00895EBE6F0E0C3
:10232000808181788083E8E6F0E080818E7F808301
:10233000089584B1817884B9809107018B7F80935F
:1023400007018091080184608093080185B18E6740
:1023500085B980919C1C83FF16C080916B008E67AD
:1023600080936B008091680081608093680084B7DF
:10237000877F84BF8091600088618093600081E0E6
:102380008093600008950E948E11F1CF27E030E025
:1023900090E0AC01022E02C0559547950A94E2F7F1
:1023A000A09A40FF11C000000000000000000000E3
:1023B00000000000000000000000A09800000000E5
:1023C0002150310930F7089500000000A098000066
:1023D00000000000000000000000000000000000FD
:1023E0000000EECF809181048823F1F180917A0082
:1023F000806480937A0080917A0086FDFCCF909172
:10240000780080917900892798278927009721F003
:10241000893E23E092075CF010926D0410926E04E6
:1024200010926F0410927004109277040895092E90
:10243000000CAA0BBB0B40917C0450917D04609171
:102440007E0470917F04840F951FA61FB71F809391
:102450007C0490937D04A0937E04B0937F048091CC
:1024600080048F5F8093800408956FE67BE187E1AD
:102470009BE10C943804F894F999FECF92BD81BD8C
:1024800081E08FBB20B5862F8227082E000C990B88
:1024900050E086239523892B49F084E16F3F11F0AA
:1024A00060BD84E08FBBF99A789408952617E1F314
:1024B00060BD84E2F7CF9F92AF92BF92CF92DF923E
:1024C000EF92FF920F931F93CF93DF935C018A01EA
:1024D0007B01E40EF51EEB01912C6C01C61AD70AA4
:1024E000CE018C0D9D1D21E0911007C0292D990C66
:1024F000330B232F221F2227221F6991962E920E23
:102500000E943B12CE15DF0559F7692DC501800FDA
:10251000911FDF91CF911F910F91FF90EF90DF906E
:10252000CF90BF90AF909F900C943B126AE090E0E8
:1025300080E00E943B1247E451E067E17CE181E0EA
:1025400090E00C945B12F999FECF92BD81BD81E0C1
:102550008FBB80B508959F92AF92BF92CF92DF92CA
:10256000EF92FF920F931F93CF93DF935B018A014A
:102570007C01E40EF51EEC01912C6B01C81AD90AFE
:10258000C6018C0F9D1F0E94A31221E0911007C06D
:10259000292D990C330B232F221F2227221F982E1F
:1025A000920E8993CE15DF0559F7C501800F911F53
:1025B0000E94A31221E030E0891511F030E020E004
:1025C000C901DF91CF911F910F91FF90EF90DF90A4
:1025D000CF90BF90AF909F900895E9ECF0E080819C
:1025E0008F7E80838081806180838091CC0E8093F8
:1025F000CB0EEBECFDE080E091E0DF019C011D9251
:1026000021503040E1F70895E3E8F6E08CE3DF0184
:102610001D928A95E9F71092370F1092101981E0F8
:10262000809382061092360F089580E00E949E04E7
:1026300080E00E94920480E00E948604A59880E0D9
:102640000E947A04E2E0F1E080818F7D80838081C6
:102650008F7B808310988B985F988081877F8083A1
:1026600008954F925F926F927F92AF92BF92CF92F6
:10267000DF92EF92FF920F931F93CF93DF93EC01C2
:102680005C012CE1A20EB11C8C01C12CD12C760175
:10269000F80141905190619071908F0120E030E0FD
:1026A000A901C301B2010E941358882371F0A3014C
:1026B0009201C301B2010E94755A9B01AC01C7018E
:1026C000B6010E941E576B017C010A151B0501F71C
:1026D000C701B6010E94145B6B017C01AC019B0138
:1026E00060E070E080E89FE30E941D582B013C01F0
:1026F00069917991899199915E01F4E0AF1AB108DD
:10270000A30192010E94755AF5016083718382834F
:102710009383C017D10761F7C701B601DF91CF914D
:102720001F910F91FF90EF90DF90CF90BF90AF90EF
:102730007F906F905F904F9008954F925F926F924D
:102740007F928F929F92AF92BF92CF92DF92EF9241
:10275000FF926B017C018090981C9090991CA09036
:102760009A1CB0909B1C4090941C5090951C6090BB
:10277000961C7090971CA3019201C501B4010E94A0
:10278000355A87FF1BC06091E11A70E090E080E04D
:102790000E94C7582AE037ED43E25CE30E94755A75
:1027A000A70196010E94755A6B017C01AC019B0147
:1027B000C301B2010E9413581816BCF04092E51AEA
:1027C0005092E61A6092E71A7092E81A80E094E05C
:1027D000FF90EF90DF90CF90BF90AF909F908F9041
:1027E0007F906F905F904F900895A7019601C5016B
:1027F000B4010E94355A87FD1FC020E030E0A901D6
:10280000C701B6010E94135881110BC01092E51A3E
:102810001092E61A1092E71A1092E81A90E080E0FF
:10282000D7CF8092E51A9092E61AA092E71AB0925A
:10283000E81A81E090E0CCCFC092E51AD092E61A77
:10284000E092E71AF092E81AA5019401C701B601D7
:102850000E941D572091CE0E3091CF0E4091D00E88
:102860005091D10E0E94755A0E94025920E030E02A
:1028700040E85FE30E941E570E949658CB01A8CF04
:102880002F923F924F925F926F927F928F929F9280
:10289000AF92BF92CF92DF92EF92FF920F931F936E
:1028A000CF93DF93CDB7DEB7C054D1090FB6F894FC
:1028B000DEBF0FBECDBF8091DC1A80FD75C2909146
:1028C000111980911219981709F46EC28091C91AD2
:1028D0009091CA1A892B09F07EC01091DC1A12FF60
:1028E0007DC28091101926E4829FC0011124885C6A
:1028F000904F9093CA1A8093C91A4091C91A509167
:10290000CA1A5E834D83452B09F44EC20091991A71
:1029100000FF67C21092991A1092AB1A1092AC1A6B
:102920001092AD1A1092AE1AAD81BE819E962D9175
:102930003D914D915C91D19729833A834B835C8380
:1029400060E070E080E09FE30E941D5869877A870D
:102950008B879C87ED81FE8142A853A864A875A847
:1029600086A097A0A0A4B1A411FF29C3F2E0F09320
:10297000AA1AA50194010E94755A9B01AC01C301DA
:10298000B2010E941D576B017C0120E030E0A901DB
:102990000E94135887FF02C329813A814B815C81D1
:1029A000CA01B9010E941E57A30192010E94755AE3
:1029B0009B01AC01C501B4010E941D570E94145B2C
:1029C0006093B71A7093B81A8093B91A9093BA1A91
:1029D00018601093DC1AE0916319F8E0EF9FD001C2
:1029E0001124BA87A987FD01ED5EF64E8091981AF1
:1029F00084834090C91A5090CA1AD201D296BC91D1
:102A0000BEA3F201F3A9FFA3D201D496BC91B8A74B
:102A1000F201F5A9F9A72091A61A3091A71A4091C1
:102A2000A81A5091A91A6EA17FA18B2F9F2F0E94E7
:102A30001D576AAB7BAB8CAB9DAB20E030E0A901AE
:102A40000E94135887FF04C01AAA1BAA1CAA1DAA19
:102A50002091BB1A2E8B3091BC1A3F8B4091BD1A2E
:102A6000488F5091BE1A598F8091B31A8E8F9091D2
:102A7000B41A9F8FA091B51AA8A3B091B61AB9A3A2
:102A8000E091BF1AEAA7F091C01AFBA72091C11AE2
:102A90002CA73091C21A3DA74091AF1A4FAF509169
:102AA000B01A21965FAF21976090B11A7090B21A58
:102AB0008091AA1A89839091AB1A9EA7A091AC1A13
:102AC000AFA7B091AD1AB8ABE091AE1AE9ABF091F7
:102AD000B71AFBAF2091B81A2CAF3091B91A3DAF9D
:102AE0004091BA1A4EAF2AA53BA54CA55DA56E89AB
:102AF0007F89888D998D0E9413588111EFC352E010
:102B00005EAB9EA19D83AFA1AD87B8A5B98BE9A5AA
:102B1000ED8B8EE3C82E83ECD82E8EE2E82E89E36F
:102B2000F82E1A8E1B8E1C8E1D8EA70196012AA3CD
:102B30003BA34CA35DA33981313009F449C4D201D0
:102B4000313008F4D3C3333009F075C49E962D910B
:102B50003D914D915C91D197C701B6010E94755A84
:102B60004B015C0120E030E040E05FE30E94755AD9
:102B70009B01AC016FAD21967FAD2197C3010E94EF
:102B80001D57A70196010E94755A6FAB78AF89AFA8
:102B90009AAF9B01AC016D817D8589899D890E94D9
:102BA0001D571B018C012E893F89488D598D0E942C
:102BB000135887FD0CC020E030E0A9016FA978AD63
:102BC00089AD9AAD0E94135818160CF472C42E8960
:102BD0003F89488D598D6EA17FA188A599A50E9436
:102BE0001D579B01AC010E941E576B017C012E8D6D
:102BF0003F8D48A159A16FAD21967FAD2197C301AB
:102C00000E941E579B01AC01C701B6010E941D58CE
:102C10006B017C01BE8DBFAFEF8D2196EFAF219789
:102C200068A079A02E883F88088D198DF1E0F9837E
:102C3000A70196016A8D7B8D8C8D9D8D0E941E57FC
:102C40006A8F7B8F8C8F9D8F2AA13BA14CA15DA1A8
:102C50000E94135887FF67C42A8D3B8D4C8D5D8D74
:102C60006AA17BA18CA19DA10E941D576B017C01D3
:102C70009101A8016EA57FA588A999A90E94135862
:102C800087FD2FC38FAD21969FAD2197D3018093F0
:102C9000AF1A9093B01AA093B11AB093B21AF981F7
:102CA000F093AA1AE0916419F091651981A181113C
:102CB00004C09091DC1A93FF33C0D20191969C918D
:102CC000907309F45EC4F201EE5BFF4FC080D180C7
:102CD000E280F3808823B9F02091C31A3091C41A9E
:102CE0004091C51A5091C61A6FAD21967FAD2197BC
:102CF000C3010E94755A9B01AC01C701B6010E9435
:102D0000755A6B017C01C701B6010E949D13909317
:102D1000C81A8093C71A8091DC1A877F8093DC1AC7
:102D20008091C71A9091C81AE985FA85ED5EF64E32
:102D3000FE83ED83978386832091A21A3091A31A94
:102D40004091A41A5091A51AB101C8010E94755A68
:102D50002B013C010E94FC576B017C0160919E1A83
:102D600070919F1A8091A01A9091A11A0E94FC570D
:102D70004B015C01A70196010E941D570E949658C5
:102D800069837A838B839C83E981FA81AD81BE81DB
:102D9000ED93FC93EF2B09F001C48091DC1A81FFC5
:102DA000FDC381608093DC1AC05CDF4F0FB6F894DE
:102DB000DEBF0FBECDBFDF91CF911F910F91FF906E
:102DC000EF90DF90CF90BF90AF909F908F907F90CB
:102DD0006F905F904F903F902F9008950E943B0C12
:102DE00088CD8091981A8F5F893009F480E08093B4
:102DF000981A282F30E052E2859FC0011124DC018F
:102E0000AA59B64E7D01B0936519A0936419ED815E
:102E1000FE8180A190968C9390E080E04191519149
:102E200061917191D701A80FB91F689412F8440FEE
:102E3000551F661F771F1694D1F74D935D936D93C1
:102E40007C93139704968C31910541F7AD81BE8137
:102E50005C966D917D918D919C915F97B2E2B29F4E
:102E6000A001B39F500D1124FA01EA59F64E4B010F
:102E70005C0123E0880C991CAA1CBB1C2A95D1F785
:102E8000848E958EA68EB78E0E94C55860939E1A2A
:102E900070939F1A8093A01A9093A11AED81FE81DE
:102EA00022A933A944A955A90E941D589B01AC0130
:102EB0002093A21A3093A31A4093A41A5093A51AF0
:102EC00060E070E080EA9FE30E941D586093A61ABC
:102ED0007093A71A8093A81A9093A91A10929A1A1D
:102EE00010929B1A10929C1A10929D1A11FD02C00A
:102EF00003FF43C06091B71A7091B81A8091B91A54
:102F00009091BA1A6093AF1A7093B01A8093B11A65
:102F10009093B21A9B01AC010E94755AAD81BE819B
:102F200096966D937D938D939C939997077F0093CD
:102F3000991AD70191961C9280919C1C81FFECCC30
:102F4000ED81FE8181A185FFE7CCFE962081318154
:102F50004281538160E070E080E89FE30E941D5849
:102F60006093C31A7093C41A8093C51A9093C61ABB
:102F7000E1E0D7019196EC93CFCCED81FE8166A183
:102F800077A180A591A50E94145B6093AF1A7093FE
:102F9000B01A8093B11A9093B21ACBCFC092AB1AE9
:102FA000D092AC1AE092AD1AF092AE1A1092B71A03
:102FB0001092B81A1092B91A1092BA1A09CD10923A
:102FC000AA1A4092BB1A5092BC1A6092BD1A709213
:102FD000BE1A12FF6AC01092B71A1092B81A109255
:102FE000B91A1092BA1AC12CD12C76018D819E810A
:102FF0000E94C60B698B7A8B8B8B9C8B9B01AC01DF
:103000000E94755A6D837E838F839887A5019401F2
:103010000E94135887FF93C02D813E814F815885B0
:10302000C501B4010E941D5729853A854B855C85F1
:103030000E94755A9B01AC01C301B2010E941D5749
:103040006093BB1A7093BC1A8093BD1A9093BE1AFA
:1030500020E030E0A9010E94135818160CF449C072
:1030600032E03093AA1A29813A814B815C81CA01EE
:10307000B9010E941E57A30192010E94755A9B013B
:10308000AC01C501B4010E941D570E94145B6093FE
:10309000B71A7093B81A8093B91A9093BA1A80919C
:1030A000991A88608093991A93CCE091370FEF5F5B
:1030B000E43209F4E0E080911019C12CD12C7601A2
:1030C0008E1751F026E42E9FF0011124E85CF04F9A
:1030D000C6A0D7A0E0A4F1A4C701B6010E94145B6A
:1030E0006093B71A7093B81A8093B91A9093BA1A6A
:1030F0007DCFA70196016D817E818F8198850E9489
:103100001D5729853A854B855C850E94755A6093C9
:10311000BF1A7093C01A8093C11A9093C21A8989FA
:103120009A89AB89BC898093B31A9093B41AA093FF
:10313000B51AB093B61A93E09093AA1A49CCA70196
:103140009601C501B4010E941D5729853A854B851A
:103150005C850E94755AA30192010E941E5720E0CF
:1031600030E040E05FE30E94755A6D877E878F876D
:10317000988B20E030E0A9010E94355A18160CF017
:1031800094C0A30192016D857E858F8598890E94E8
:10319000135887FF88C0A70196016D817E818F81BA
:1031A00098850E941D5729853A854B855C850E942C
:1031B000755A9B01AC012093BF1A3093C01A4093FB
:1031C000C11A5093C21A6D857E858F8598890E9499
:1031D000355A1816BCF529893A894B895C892093A0
:1031E000B31A3093B41A4093B51A5093B61AA50186
:1031F00094016D817E818F8198850E941358811181
:1032000004C031E03093AA1AE3CBA50194016D818B
:103210007E818F8198850E941D5729853A854B852F
:103220005C850E94755A9B01AC01C301B2010E94EA
:103230001D576093BB1A7093BC1A8093BD1A90936C
:10324000BE1AC6CB8D859E85AF85B8898093BB1A83
:103250009093BC1AA093BD1AB093BE1A8093BF1A64
:103260009093C01AA093C11AB093C21A29813A81CF
:103270004B815C81CA01B9010E941E572D853E8594
:103280004F8558890E94755AA70196010E941E57C2
:103290000E94145B6093B31A7093B41A8093B51AAA
:1032A0009093B61A95CB92E047CF8091B71A909140
:1032B000B81AA091B91AB091BA1A1092BB1A10920A
:1032C000BC1A1092BD1A1092BE1A8093B31A909332
:1032D000B41AA093B51AB093B61A7ACB81E08EAB2C
:1032E00010CC2D823D86098B1D8B25CC9E962D9171
:1032F0003D914D915C91D197C701B6010E94755ADD
:103300004B015C0120E030E040E05FE30E94755A31
:103310002FAD21963FAD2197A3010E941E57A70113
:1033200096010E94755A9B01AC016D817D8589894A
:103330009D890E941D571B018C019B01AC016E8968
:103340007F89888D998D0E94355A181694F52E899B
:103350003F89488D598D6EA17FA188A599A50E94AE
:103360001D579B01AC010E941E576B017C012E8DE5
:103370003F8D48A159A16FAD21967FAD2197C30123
:103380000E941E579B01AC01C701B6010E941D5847
:103390006B017C01BEA9B983EE8DEFAFFF8D219645
:1033A000FFAF219768A079A02E883F88088D198DDE
:1033B0003FCCA50194016FAD21967FAD2197C3014C
:1033C0000E941E576FAF21967FAF21973C0130CCF2
:1033D0002E8D3F8D48A159A1C701B6010E94755A93
:1033E0009B01AC016D817D8589899D890E941D5756
:1033F0001B018C012AA53BA54CA55DA50E94135875
:1034000087FF16CC2AA53BA54CA55DA56D817D85C2
:1034100089899D890E941D572E8D3F8D48A159A1F4
:103420000E941D586B017C012AA43BA40CA51DA57C
:1034300022E02983FDCB9E962D913D914D915C918B
:10344000D197C701B6010E94755A4B015C01AC01CE
:103450009B016FAD21967FAD2197C3010E94355A24
:1034600018168CF520E030E040E05FE3C501B401C0
:103470000E94755A9B01AC016FAD21967FAD2197DB
:10348000C3010E941D57A70196010E94755A9B0116
:10349000AC016D817D8589899D890E941D571B0125
:1034A0008C012EA53FA548A959A90E94355A181686
:1034B00054F4A50194016FAD21967FAD2197C3010E
:1034C0000E941D577FCF2EA53FA548A959A96D8100
:1034D0007D8589899D890E941D579B01AC010E94B1
:1034E0001E576B017C012BAD3CAD4DAD5EAD6FAD9C
:1034F00021967FAD2197C3010E941E579B01AC010D
:10350000C701B6010E941D586B017C01BBADBFAF66
:10351000ECAD2196EFAF21976DAC7EAC2EA43FA40D
:1035200008A919A985CB2AA93BA94CA95DA9B10174
:10353000C8010E94355A18169CF42EE333EC4EE273
:1035400059E36AA17BA18CA19DA10E941E576AA389
:103550007BA38CA39DA32A8D3B8D4C8D5D8D84CB4D
:103560008FAD21969FAD2197D3018093AF1A909391
:10357000B01AA093B11AB093B21A29812093AA1A53
:1035800091CB1092E51A1092E61A1092E71A109257
:10359000E81A1092C81A1092C71ABDCB20919A1A35
:1035A00030919B1A40919C1A50919D1A6A8D7B8D87
:1035B0008C8D9D8D0E941E576D837E838F8398878F
:1035C000A3019201C501B4010E941D579B01AC01EA
:1035D0006D817E818F8198850E941D584B015C0111
:1035E00020EC31EE44E65EE40E94755A0E94FC57DE
:1035F0000E949658E985FA85ED5EF64E603D37E00B
:1036000073078105910508F054C01582E985FA8594
:10361000ED5EF64E73836283809112198093631975
:103620008F5F8A3009F47BC080931219E091C91A28
:10363000F091CA1AC101D80182AB93ABA4ABB5AB70
:10364000C0929E1AD0929F1AE092A01AF092A11AEC
:10365000A3019201C701B6010E941D57A501940163
:103660000E94755A60939A1A70939B1A80939C1AC1
:1036700090939D1A2091AB1A3091AC1A4091AD1ADB
:103680005091AE1AB101C8010E941358811117C997
:103690009091DC1A998320E030E0A901B101C801C2
:1036A0000E94355A1816F4F5A981A160A093DC1A7E
:1036B0007BCB603A4FE074078105910520F551E01E
:1036C0005583E985FA85ED5EF64E2581022E04C00C
:1036D00096958795779567950A94D2F749815A818F
:1036E00002C0440F551F2A95E2F7518340836115AC
:1036F000710551E08507910508F488CF8FEF9FEFA2
:103700009383828389CF6034AFE17A078105910585
:1037100018F4B2E0B583D5CF23E02583D2CF109241
:10372000121984CFB981B2FF04C0B160B093DC1A22
:103730003BCB1092CA1A1092C91A9091370F809100
:103740001019891709F4BBC881E0890F843209F484
:1037500080E02091360F921302C08093360F809341
:10376000370FADC8019708F40895EFE9FFE03197EE
:10377000F1F700C00000F6CF80916F008D7F80933D
:103780006F0080918100887F81608093810010921A
:10379000F20E80918A1C9091D81A8F3F49F42091A3
:1037A000CF1A211105C0903829F490E00C94B21B77
:1037B0009430D9F70895CF93DF930E94BC1BE8E9BA
:1037C000FAE181E3DF011D928A95E9F7C3EFDEE0BC
:1037D00083E4FE0111928A95E9F71092CA1A1092B9
:1037E000C91A109211191092631981E0809312196D
:1037F0001092F20E0E9428058091F10E8F8F82B1F7
:1038000081709091F00E892B82B988B1817090916E
:10381000F10E892B88B9DF91CF910895EF92FF9235
:103820000F931F93CF93DF93EC01FC0127E08FEF01
:103830009FEF2150D9F48C017E0186E0E80EF11C47
:1038400089910E94BB05EC16FD06D1F7802F0E94DE
:10385000BB05812F0E94BB0582E390E0DF91CF91F1
:103860001F910F91FF90EF900C94B21B3191832721
:1038700048E050E0BC016170772796958795672BEB
:1038800021F031E0832730EA93274150510991F725
:10389000D0CFCF93DF9300D000D0CDB7DEB78091EB
:1038A0009C1C81FF0EC08091A0008F7D8093A000A2
:1038B00026960FB6F894DEBF0FBECDBFDF91CF9135
:1038C000089586E0E9E0F2E0DE01119601900D92A4
:1038D0008A95E1F7CE0101960E940E1CE9CFCF92A6
:1038E000DF92EF92FF92CF93DF9300D000D0CDB75D
:1038F000DEB79091D91A911110C06A017B01811134
:1039000019C01092E51A1092E61A1092E71A109256
:10391000E81A0E94491C1092E31A26960FB6F894F2
:10392000DEBF0FBECDBFDF91CF91FF90EF90DF9054
:10393000CF90089590919C1C9270803181F486E024
:10394000EFE0F2E0992381F080919C1C81FF17C089
:10395000C701B6010E949D130E94E004DCCF9111C3
:10396000F3CF86E0E5E1F2E0DE01119601900D92E1
:103970008A95E1F7CE0101960E940E1CE5CF20E06A
:1039800030E040EC50E4C701B6010E941D580E948F
:10399000965881E0898386E08A8380EF8B8388E074
:1039A0008C837D836E83CE0101960E940E1CB3CF63
:1039B000E1E0F1E080818061808383E08093A0007A
:1039C0008AE18093A10080E094E09093A900809325
:1039D000A8002091981C3091991C40919A1C5091FC
:1039E0009B1C6091941C7091951C8091961C9091E9
:1039F000971C0E941D579B01AC0160E070EC8FE7A3
:103A000094E40E941D586093CE0E7093CF0E809365
:103A1000D00E9093D10E0C94491C2F923F924F924E
:103A20005F926F927F928F929F92AF92BF92CF924E
:103A3000DF92EF92FF920F931F93CF93DF93CDB757
:103A4000DEB72F970FB6F894DEBF0FBECDBF082F9D
:103A50004B016DB67EB68CE0EBE1F2E0DE01119633
:103A600001900D928A95E1F70E94ED1210E0180185
:103A700084E0220C331C8A95E1F723E02D872E0188
:103A80003DE0430E511CF101E95FF24EFF87EE87E6
:103A90008101085F124E9E012F5F3F4F7901F701B0
:103AA00081917F010E94D405E414F504C1F7F12C43
:103AB000E12CF101EE0DFF1DE750F34E80810E94D5
:103AC000D405FFEFEF1AFF0A2EE0E216F10489F7A2
:103AD000EE85FF85E080F8018081FE2CE82EE80C61
:103AE000F91C8F2D0E94D405FE2DFF70EF2E8F2F15
:103AF0000E94D40585E50E94D405EE85FF85F082FD
:103B0000F801E08284E690E00E94B21B0E949105D9
:103B10008A3A19F50E949105CDB6DEB6A82EB12CD1
:103B20002DB73EB72A193B090FB6F8943EBF0FBE1A
:103B30002DBFEDB7FEB731967F01682FCF010E94F0
:103B40007B05EA0CFB1CF70131978081853559F024
:103B50000FB6F894DEBE0FBECDBEFD85F150FD87D9
:103B6000F11199CF05C00FB6F894DEBE0FBECDBEE1
:103B70000FB6F8947EBE0FBE6DBE2F960FB6F894AA
:103B8000DEBF0FBECDBFDF91CF911F910F91FF9090
:103B9000EF90DF90CF90BF90AF909F908F907F90ED
:103BA0006F905F904F903F902F9008955F926F922B
:103BB0007F928F929F92AF92BF92CF92DF92EF92BD
:103BC000FF920F931F93CF93DF9300D000D000D0CC
:103BD0001F921F92CDB7DEB74C016DB67EB68BE05B
:103BE000E7E2F2E0DE01119601900D928A95E1F78D
:103BF0000E94ED128FE0582E5E012CE0A20EB11C47
:103C00008E010F5F1F4FF80181918F010E94D40533
:103C1000A016B106C1F784E690E00E94B21B0E9494
:103C200091058A3A09F04BC00E949105CDB6DEB6E7
:103C3000082F10E02DB73EB7201B310B0FB6F894BC
:103C40003EBF0FBE2DBFEDB7FEB731967F01682F87
:103C5000CF010E947B050E0D1F1DF8013197808159
:103C6000853541F5F701369680E1D40101900D923A
:103C70008A95E1F70FB6F894DEBE0FBECDBE0FB643
:103C8000F8947EBE0FBE6DBE2B960FB6F894DEBFC5
:103C90000FBECDBFDF91CF911F910F91FF90EF909D
:103CA000DF90CF90BF90AF909F908F907F906F905C
:103CB0005F9008950FB6F894DEBE0FBECDBE5A9445
:103CC00051109ECFDCCFCF93C82F8FEC92E00E9493
:103CD0008B088C2F0E9458080E94470984EF91E0BE
:103CE000CF910C94B21B4F925F926F927F928F9202
:103CF0009F92AF92BF92CF92DF92EF92FF920F937B
:103D00001F93CF93DF93C091CF1ACC23F9F081E0BA
:103D10008093D81A8C2F0E94631EC150C23088F441
:103D200087E295E00E948B088AE195E00E948B086B
:103D30000E94630B80E10E94B3038091CE1A84FF3E
:103D4000FCCF8FB7F8941092CF1A8FBFC091CE1AC4
:103D5000CC2309F4DBC0C4FF14C081E08093D91ADE
:103D6000DF91CF911F910F91FF90EF90DF90CF9057
:103D7000BF90AF909F908F907F906F905F904F908B
:103D80000895C0FF05C00E944B0C81E00E94B30360
:103D90008C2F887E09F46AC08091D81A982F93706E
:103DA00009F053C08872A9F08091DA1A807C89F4F6
:103DB0000E94AA0482E08093DC1A8091D81A803293
:103DC00041F480E2C7FD0CC08091DA1A80688093CC
:103DD000DA1A8091D81A811103C091E09093DA1A0F
:103DE000C6FF07C085FD05C09091DA1A90649093D4
:103DF000DA1AC3FF05C0807E19F480E18093D81AD7
:103E0000C5FF23C087E295E00E948B088EED94E009
:103E10000E948B080E94630B8091DA1A87FD10C004
:103E20009091D81A903451F483FF04C0837E82604D
:103E30008093DA1A80E48093D81A02C09038D1F7C0
:103E40008091DA1A80628093DA1AC7FF0CC08091E1
:103E5000D81A813029F48091DA1A85608093DA1AB1
:103E600080E88093D81A88EE0E94B303C1FF28C06F
:103E70008C2F887611F58091D81A803441F4809186
:103E8000DA1A85FD04C084FFF4C01092D81A80911C
:103E9000D81A882309F4F3C084FF0FC09091DA1A6E
:103EA00090FF0BC0803109F0EAC08091E21A8823AC
:103EB00009F4E5C088608093E21A82E00E94B303AF
:103EC000C2FF24C09091DA1A8091D81A807D09F43B
:103ED000EFC08091DB1A8111EBC097FDEBC00E940F
:103EE000AA048091370F8093360F0E94F40E8091C0
:103EF000DC1A81FF05C09091DA1A91609093DA1A6A
:103F0000897F8093DC1A84E00E94B3039091D01AD9
:103F1000992309F44DC08FB7F8941092D01A8FBF2F
:103F20004091DF1A842F90FD84E691FD865F92FD1B
:103F30008A5093FD8F5F94FD8150893C08F088EC96
:103F40008A3008F48AE03091E01A232F95FD24E6A8
:103F500096FD22E397FD29E1481302C0231741F1A2
:103F60008093DF1A2093E01A1092E31A8090370FA3
:103F700040901019C82D89E9B82E96E7E92E26E958
:103F8000F22EDEE736E4532EC411AFC08B2D9E2DEA
:103F9000AF2DBD2F8093BB069093BC06A093BD06AA
:103FA000B093BE060E94AA048092360F0E94F40EBF
:103FB0009091D11A992309F445C08FB7F8941092C3
:103FC000D11A8FBF2091E11A822F90FD84E691FDD6
:103FD000865F92FD8A5093FD8F5F94FD8150893CEE
:103FE00008F088EC8A3008F48AE0281749F020911C
:103FF000DC1A28602093DC1A8093E11A1092E31AED
:104000008091D81A95FF09C0803139F42091E21AC5
:104010002111C0C022E02093E21A292F207C91F0C8
:10402000882311F0887171F08091081B97FF03C0FD
:1040300087FFB4C08F7796FF03C086FFB1C08F7B28
:104040008093081B8091D81A8C7F09F489CEDF9168
:10405000CF911F910F91FF90EF90DF90CF90BF9085
:10406000AF909F908F907F906F905F904F900C9447
:10407000401482FF0CCF88608093DA1A08CF109228
:10408000DC1A0E943B0C892B71F08091DA1A86FDB4
:104090000AC01092DA1A88E08093D81A0E9440145D
:1040A0000E94CE040ACF1092DA1A1092D81A05CFC5
:1040B00097FF0AC01092DC1A0E9404130E94DB1BB7
:1040C0000E9435120E94B50B8091DA1A85FF08C054
:1040D0008F7781608093DA1A80E48093D81A13CFA7
:1040E0001092DA1A1092D81A0ECFCC2ED12CC59D70
:1040F000C0011124885C904F0E94C60B3B01982E92
:10410000A92E2B2D3E2D4F2D5D2F0E94355A5C9CE4
:1041100080015D9C100D1124085C104F18169CF551
:104120002B2D3E2D4F2D5D2F6B2D7E2D8F2D9D2FF9
:104130000E94755AF80162A773A784A795A75C9C93
:1041400080015D9C100D1124085C104FF801C6A879
:10415000D7A8E0ACF1ACA701960162A573A584A530
:1041600095A50E94355A18162CF4F801C2A6D3A6BC
:10417000E4A6F5A6CF5FC43209F4C0E0B62CE72C64
:10418000F92CDA2D01CF9301492D5A2DB301892D38
:104190009A2DCECF20FF41CF24603DCF80684BCFFA
:1041A00080644ECFCF92DF92EF92FF920F931F93D6
:1041B000CF93DF930E94731E8091DA1A882309F44B
:1041C00060C00E943B0C0097D1F5C091091B809103
:1041D000081BC82BC0900A1BD0900B1BE0900C1B37
:1041E000F0900D1B80919C1C81FF03C080E20E9417
:1041F0009B03C073D1E08091DA1A882309F441C08F
:104200009091D91A91113DC080FF16C09091D81A93
:10421000292F207C09F484C082FD1BC01092E21A71
:1042200040E050E0BA0180E00E946F1C8091DA1AF1
:104230008D7F84608093DA1A0E94731EDCCFFC01AC
:10424000C1A18E5B9F4FFC01C080D180E280F380D2
:10425000C9CF903811F587E295E00E948B0885E977
:1042600094E00E948B080E94630B40E050E0BA018A
:1042700080E00E946F1C0E94BC1B8091D91A882389
:1042800049F0DF91CF911F910F91FF90EF90DF9058
:10429000CF9008950E94731EF0CF903429F490912E
:1042A00006018F7D8093DA1A8091DA1A83FFC4CFDA
:1042B0009091091B992359F081FDBECF80919C1CE0
:1042C00081FF10C08091DC1A88608093DC1A809195
:1042D000DA1A81FDB1CF80618093DA1A82E00E9400
:1042E000BD03AACFB701A6018C2F0E946F1C01E568
:1042F00010E00150110959F38091D91A8111E7CFCB
:104300000E94731E8091DA1A81FD96CFFFEF20E79D
:1043100082E0F15020408040E1F700C00000E9CF8A
:104320008091E21A8823C9F181FF0DC08091091B99
:10433000882351F140E050E0BA0180E00E946F1CF8
:10434000D093E21A79CF8C7009F476CF8091091B53
:10435000882399F087E295E00E948B088EE994E02B
:104360000E948B080E94630B80919C1C81FF0FC0F0
:104370008091DC1A88608093DC1A8091E21A83FFB6
:1043800003C082E00E94BD031092E21A55CFB7012C
:10439000A6018C2F0E946F1CF0CF8091DC1A83FF46
:1043A0004BCFB701A6018C2F0E946F1C8091DC1AA5
:1043B000877F8093DC1A40CF0E94EC0E0E94D220AF
:1043C0008091D91A811108C00E943B0C892BB1F74A
:1043D0008091D81A883091F308950E94DC211092C0
:1043E000E41A0895CF92DF92EF92FF92CF939091CB
:1043F000D81A923079F06A017B01C82F0E94DC2123
:10440000B701A6018C2FCF91FF90EF90DF90CF9056
:104410000C946F1CCF91FF90EF90DF90CF90089598
:104420000F931F93CF93DF938B0121E031E0829FA5
:10443000E001839FD00D1124DD5F40E051E0BE011B
:10444000C8010E94AB12892B81F4F80110820E94EE
:10445000DC2140E051E0B801CE010E945B1280E017
:10446000DF91CF911F910F91089581E0F9CF0F93C4
:104470001F93CF93C82F8B010E94DC212DE1C29F97
:10448000C00111244CE150E0B8019E5FCF911F9113
:104490000F910C945B121F93CF93DF93182FEB01B6
:1044A0008DE1189FB00111247E5F4CE150E0CE01F8
:1044B0000E94AB12892B71F48CE1FE0111928A9556
:1044C000E9F7BE01812F0E94372280E0DF91CF9172
:1044D0001F91089581E0FACF4F925F926F927F9281
:1044E0008F929F92AF92BF92CF92DF92EF92FF9204
:1044F0000F931F93CF93DF93CDB7DEB76C970FB6B3
:10450000F894DEBF0FBECDBF182F80FF2BC28AE00C
:104510008093871C89E180938A1C1092881C82E01A
:104520008093891C80938B1C8AE097EDA3E2BCE307
:1045300080938C1C90938D1CA0938E1CB0938F1C29
:104540008FE692E1A3E0BBE38093901C9093911CD3
:10455000A093921CB093931C80E090E0AFE7B3E48B
:104560008093941C9093951CA093961CB093971CD9
:104570001092981C1092991C10929A1C10929B1CDD
:1045800010929D1C80E090E0A8ECB1E480939E1C0A
:1045900090939F1CA093A01CB093A11C80E090E07E
:1045A000A6E1B4E48093A21C9093A31CA093A41C46
:1045B000B093A51C8AEF90E09093A71C8093A61C53
:1045C00080E090E0A0E0B0E48093A81C9093A91C48
:1045D000A093AA1CB093AB1C88E180939C1C80E044
:1045E00090E0A8ECB3E48093171C9093181CA09360
:1045F000191CB0931A1C80931B1C90931C1CA09335
:104600001D1CB0931E1C80931F1C9093201CA09314
:10461000211CB093221C80E090ECAAE5B5E48093C5
:10462000331C9093341CA093351CB093361C80939C
:10463000371C9093381CA093391CB0933A1C80937C
:104640003B1C90933C1CA0933D1CB0933E1C80E00F
:1046500098ECAFEAB9E480934F1C9093501CA09360
:10466000511CB093521C8093531C9093541CA093E4
:10467000551CB093561C8093571C9093581CA093C4
:10468000591CB0935A1C80E090E0A8ECB3EC8093E6
:104690006B1C90936C1CA0936D1CB0936E1C80934C
:1046A0006F1C9093701CA093711CB093721C80932C
:1046B000731C9093741CA093751CB093761C80E0BF
:1046C00090E0ACE5B2EC8093B51C9093B61CA0933F
:1046D000B71CB093B81C1092B91C1092BA1C10925F
:1046E000BB1C1092BC1C80E090E0A8E5B2EC80936B
:1046F000BD1C9093BE1CA093BF1CB093C01C8DEC3E
:104700009CECACE8BFEB8093591D90935A1DA0938D
:104710005B1DB0935C1D86E280935D1D81E08093FC
:10472000AC1C1092AD1C1092AE1C1092AF1C1092DB
:10473000B01C1092B11C1092B21C1092B31C1092BB
:10474000B41C41ECC42E4CE1D42E5CEEE52EFF24CB
:10475000FA94412C512C60EA662E60EC762E812C66
:10476000912C78E4A72E72ECB72EF601419251926B
:10477000619271926F01B7010F2C000C880B990B9D
:104780000E94C758F601648B758B868B978B84A625
:1047900095A6A6A6B7A6FEE1EF1AF10888E3E816EB
:1047A0008FEFF80611F7E9E0FDE181E070EC60E4DD
:1047B00053E04AE036E022E392E2808311821282E3
:1047C000138274836583168217821086118652873E
:1047D000438734872587868797877096ADE1E934CC
:1047E000FA0759F71092491D10924A1D10924B1D5D
:1047F00010924C1D10924D1D10924E1D10924F1D87
:104800001092501D1092511D1092521D1092531D66
:104810001092541D1092551D1092561D87E08093E2
:10482000571D84E08093581D80E090E0A4E3B3E43A
:104830008093231C9093241CA093251CB093261CCA
:1048400080E090E0AAEFB4E480933F1C9093401C7A
:10485000A093411CB093421C40E058EC6FEA79E40D
:1048600040935B1C50935C1C60935D1C70935E1CBA
:1048700080E090E0A8E4B3EC8093771C9093781CE0
:10488000A093791CB0937A1C812C912C20EAA22E43
:1048900023E4B22E8092271C9092281CA092291CFF
:1048A000B0922A1CC12CD12C3AE7E32E35E4F32E2A
:1048B000C092431CD092441CE092451CF092461CCE
:1048C00040935F1C5093601C6093611C7093621C4A
:1048D00080937B1C90937C1CA0937D1CB0937E1CCA
:1048E00080922B1C90922C1CA0922D1CB0922E1CFE
:1048F0004093631C5093641C6093651C7093661C0A
:10490000C092471CD092481CE092491CF0924A1C6D
:1049100080937F1C9093801CA093811CB093821C79
:1049200080922F1C9092301CA092311CB092321CAD
:104930004093671C5093681C6093691C70936A1CB9
:10494000C0924B1CD0924C1CE0924D1CF0924E1C1D
:104950008093831C9093841CA093851CB093861C29
:104960000E94961211FF0FC0FE0131967F018CE16B
:1049700011928A95E9F700E0B701802F0E94372253
:104980000F5F0830C9F712FF14C060E080E093E0C9
:104990000E943B1260E081E093E00E943B1260E0E5
:1049A00081E094E00E943B1260E082E094E00E948B
:1049B0003B1213FF0AC060E08EEA93E00E943B12B4
:1049C00060E08FEA93E00E943B126C960FB6F89479
:1049D000DEBF0FBECDBFDF91CF911F910F91FF9032
:1049E000EF90DF90CF90BF90AF909F908F907F908F
:1049F0006F905F904F900895EF92FF920F931F93E7
:104A0000CF93DF93CDB7DEB765970FB6F894DEBFCF
:104A10000FBECDBFE5E1FE2EE2E3F2E0DE0111962E
:104A200001900D92FA94E1F78230910549F1E0F49A
:104A3000019709F162307105B1F140F561307105FE
:104A400071F14230510509F441C098F541305105EA
:104A5000C9F12230310509F457C0F0F52130310594
:104A600009F445C01F8657C08330910561F0049753
:104A700009F78FEF03C08FEF8E838F838887DACF9C
:104A80008FEF8F83D7CF8FEF8E83D4CF63307105B5
:104A900069F08FEF64307105A1F68B87D2CF8FEF6D
:104AA00089878A87FACF8FEF8A87CBCF8FEF898765
:104AB000C8CF4330510569F08FEF4430510549F6B6
:104AC0008E87C7CF8FEF8C878D87FACF8FEF8D873B
:104AD000C0CF8FEF8C87BDCF23303105D1F024308C
:104AE000310509F0BFCF1F86188A8FEF03C08FEF03
:104AF0008F87888B898B02301105E1F170F40130CA
:104B00001105A9F01A8A3DC01F868FEF888B198A7C
:104B1000F2CF8FEF8F87188AFACF0330110579F122
:104B20000430110579F71A8A1B8A8FEF03C08FEFC3
:104B30008A8B8B8B8C8B8E010F5F1F4F7E0186E1E2
:104B4000E80EF11CF80181918F010E94BB050E1542
:104B50001F05C1F784E690E065960FB6F894DEBFB6
:104B60000FBECDBFDF91CF911F910F91FF90EF90BE
:104B70000C94B21B1A8A8FEF8B8B1C8ADCCF8FEFC1
:104B80008A8B1B8AFACFCF93DF93D82FA198A19A53
:104B9000F894C0EAD13019F580E00E94C6118FEF79
:104BA0000E94C61180E00E94C611C15099F7789406
:104BB0008CE390E0A0E0B0E08A309105A105B1055A
:104BC000E8F425E02A95F1F700000197A109B10961
:104BD0000097A105B10581F7DF91CF910895D230FB
:104BE00029F48FEF0E94C61180E0DACF80E00E94A6
:104BF000C61180E00E94C6118FEFD5CF25E32A951C
:104C0000F1F700000A97A109B109E2CF8091CE1A0D
:104C100084FD20C080E10E94BD030E94491C0E94C7
:104C200015139091D81A892F8C7221F48091DC1A77
:104C3000867059F0943079F48091CF1A811103C0B5
:104C400086E00E94AD030E94BC1B81E00E94C32548
:104C50001092F91A089583E0F4CF7F928F929F9279
:104C6000AF92BF92CF92DF92EF92FF920F931F937A
:104C7000CF93DF93CDB7DEB766970FB6F894DEBF5C
:104C80000FBECDBF9091D81A913009F464C098E05E
:104C9000E7E4F2E0DE01119601900D929A95E1F7BA
:104CA00098E0EFE4F2E0DE01199601900D929A95FA
:104CB000E1F796E0E7E5F2E0DE01519601900D9212
:104CC0009A95E1F79091D31A9093D21A9E01275F9B
:104CD0003F4F7901882309F492C0CE0101966C01FF
:104CE000F60181916F010E94BB05EC14FD04C1F730
:104CF00084E690E00E94B21B0E946A058F3FE1F7B4
:104D000022E3D22E5E01F7E1AF0EB11C812C38E018
:104D1000932E7E0121E1E20EF11CF70181917F01CA
:104D20000E94BB05AE14BF04C1F784E690E00E9468
:104D3000B21B0E946A058F3F11F5C401801B910BC5
:104D40000130F8E01F0710F0C8019850C297B8F57D
:104D500081E08093EE1A66960FB6F894DEBF0FBE20
:104D6000CDBFDF91CF911F910F91FF90EF90DF901A
:104D7000CF90BF90AF909F908F907F9008958E3F7F
:104D8000C1F60E946A058E3FA1F60E946A05853031
:104D900081F60E946A05813061F60E946A058230C0
:104DA00041F60E946A05E82E0E946A05F82E0E94CC
:104DB0006A058A3F09F0BDCF1E2D0F2DBACFDA94B8
:104DC000D110A7CF81E08093D81A8AE00E94631E99
:104DD0000E94062666960FB6F894DEBF0FBECDBFC2
:104DE000DF91CF911F910F91FF90EF90DF90CF90C7
:104DF000BF90AF909F908F907F900C94D2206E01C7
:104E000031E1C30ED11CF70181917F010E94BB05E6
:104E1000CE14DF04C1F784E690E00E94B21B0E942A
:104E20006A058F3FE1F782E3782E5E01F7E1AF0E6E
:104E3000B11C96EF892E99E0992E7601F7018191A8
:104E40007F010E94BB05AE14BF04C1F784E690E069
:104E50000E94B21B0E946A058F3F79F4C401801B37
:104E6000910B073FF9E01F0718F0C801865F9940D2
:104E7000C29710F51092EE1A6ECF8E3F59F70E942E
:104E80006A058E3F39F70E946A05853019F70E943E
:104E90006A058130F9F60E946A058230D9F60E94CF
:104EA0006A05E82E0E946A05F82E0E946A058A3F6C
:104EB00089F61E2D0F2DCECF7A947110BECF82CFE2
:104EC000CF93C82F81E09C2F9870C3FF80E0809320
:104ED000EF1A911103C081E00E947A04C1FB882778
:104EE00080F98093F71A8091CF1A811108C0C7FD0D
:104EF00006C00E94062681E0CF910C94AD03CF91AD
:104F000008952F923F924F925F926F927F928F926D
:104F10009F92AF92BF92CF92DF92EF92FF920F9348
:104F20001F93CF93DF93CDB7DEB7C658D1090FB625
:104F3000F894DEBF0FBECDBFE9967FAF6EAFE997A5
:104F4000B09010192B2D30E0E3963FAF2EAFE397D2
:104F500026E4B29EA0011124BA01685C704FEB9662
:104F60007FAF6EAFEB97DB011D922A95E9F7E996CB
:104F7000EEADFFADE9972485DB0191962C93FB0103
:104F8000EE5BFF4FE996AEADBFADE99714964D913C
:104F90005D916D917C9117974083518362837383F8
:104FA00018964D915D916D917C911B97EB96EEADAE
:104FB000FFADEB9742A353A364A375A321FFE9C1FF
:104FC0002CE1EFE6FBE1DE01D99601900D922A95E6
:104FD000E1F7E4968FAFE497E5969FAFE59727E179
:104FE0003CE1CD57DF4F39832883C358D040BE0101
:104FF000635E7F4FCF57DF4F79836883C158D040BE
:10500000CE01C996C158DF4F99838883CF57D040CE
:10501000EB96AEADBFADEB97EF96BFAFAEAFEF97F0
:105020004E01B5E58B0E911CED969FAE8EAEED97C1
:1050300010E086E4E396EEADFFADE3978E9F10019E
:105040008F9F300C11249101285C304F1901B90158
:10505000645E7F4FCB57DF4F79836883C558D0405C
:1050600070E2270E311CE596AEADBFADE5976D91B0
:105070007D918D919D91E596BFAFAEAFE597CD57F0
:10508000DF4FE881F981C358D04041905190619041
:105090007190CD57DF4FF983E883C358D040A30107
:1050A00092010E94755A0E94425ACF57DF4FA88141
:1050B000B981C158D0406D937D938D939D93CF5707
:1050C000DF4FB983A883C158D040C158DF4FE88172
:1050D000F981CF57D040C190D190E190F190C15863
:1050E000DF4FF983E883CF57D0406C197D098E09D3
:1050F0009F099B01AC0197FF07C022273327A90115
:10510000261B370B480B590BEF96AEADBFADEF9793
:105110002D933D934D935D93EF96BFAFAEAFEF9759
:10512000CB57DF4FE881F981C558D040C080D1808E
:10513000E280F380C216D306E406F50610F4690196
:105140007A01CB57DF4FA881B981C558D040CD92A5
:10515000DD92ED92FC9213970E94C758A301920131
:105160000E941D58ED96EEADFFADED9761937193E2
:1051700081939193ED96FFAFEEAFED9720E030E095
:10518000A9010E94135887FF07C0812F0E94F404D1
:10519000D1019C91892B8C931F5F173009F063CF4D
:1051A00080E0CD28CE28CF2809F4D9C0CE018B5A73
:1051B0009F4F0E9431136B017C0186E4E396EEADB4
:1051C000FFADE3978E9F80018F9F100D1124085C27
:1051D000104FD801D296CD92DD92ED92FC92D597E8
:1051E000BE016B5A7F4F8FE49CE10E945F10F80173
:1051F00066A777A780AB91ABBE016B5A7F4F83E365
:105200009CE10E945F10D801DA966D937D938D9397
:105210009C93DD979196AC90025C1F4FA0FEBDC0A1
:10522000F80160837183828393838091370FB8166E
:1052300011F0A1FECDC086E4E3962EAD3FADE3971D
:10524000829FF001839FF00D1124E85CF04F16A2BD
:1052500017A210A611A616AA17AA10AE11AE86E4C0
:10526000E396EEADFFADE3978E9F80018F9F100D0B
:105270001124085C104FD80191968C9181FD6EC06D
:10528000EB968EAD9FADEB970E94C60B6B017C0138
:105290008090BB069090BC06A090BD06B090BE0664
:1052A000AC019B01C501B4010E94135887FF6DC179
:1052B000A5019401C501B4010E94755AF80162A7C5
:1052C00073A784A795A786E4E396EEADFFADE397B9
:1052D0008E9F80018F9F100D1124085C104FD80104
:1052E000D6968D909D90AD90BC90D997A5019401D4
:1052F0009A966D917D918D919C919D970E94355AC2
:1053000018162CF4F80182A693A6A4A6B5A6C092FE
:10531000BB06D092BC06E092BD06F092BE068CE1C0
:10532000FE01EB5AFF4FAFE9B6E001900D928A956E
:10533000E1F78CE1FE017D96A3E8B6E001900D92C5
:105340008A95E1F780918206809310198F5F8432ED
:1053500009F480E0809382060E94F40E81E0CA572F
:10536000DF4F0FB6F894DEBF0FBECDBFDF91CF91F8
:105370001F910F91FF90EF90DF90CF90BF90AF9073
:105380009F908F907F906F905F904F903F902F9065
:1053900008952CE1E3E8F6E016CEE996AEADBFAD98
:1053A000E9972D913D914D915C91A3FC06C0F801C8
:1053B000208331834283538338CFC701B6010E94D3
:1053C000755AD8016D937D938D939C9313972DCF30
:1053D0006FE976E0E9967FAF6EAFE9978E010F5FD8
:1053E0001F4F14017CE1270E311CC12CD12C7601FA
:1053F0005801E996EEADFFADE99781919191A191A8
:10540000B191E996FFAFEEAFE997E7968CAF9DAF0C
:10541000AEAFBFAFE797D4014D905D906D907D909A
:105420004D01A3019201E7966CAD7DAD8EAD9FADB0
:10543000E7970E94755A9B01AC01C701B6010E9413
:105440001D576B017C01E7962CAD3DAD4EAD5FADB8
:10545000E797C301B2010E941D57F8016193719350
:10546000819391938F012814390419F62FEE3FEFA1
:105470004FE75FE3C701B6010E94355A18166CF476
:1054800086E4E3962EAD3FADE397829FF001839FC4
:10549000F00D1124E85CF04FDECE2FEE3FEF4FE72A
:1054A0005FEBC701B6010E94135887FF15C086E461
:1054B000E3966EAD7FADE397869FF001879FF00D79
:1054C0001124E85CF04F89E996E7A6E9BEE786ABD0
:1054D00097ABA0AFB1AFC3CEC5010E943113B501E8
:1054E0008FE49CE10E945F104B015C01A7019601D3
:1054F00060E070E080E89FE30E941D5720E030E00C
:1055000040E05FE30E94755A0E94145B6B017C01CE
:1055100020918C1C30918D1C40918E1C50918F1CC1
:10552000C501B4010E94755AA70196010E94755ADF
:105530004B015C01A701960160E070E080E89FE309
:105540000E941D579B01AC01C501B4010E941D586A
:105550006B017C0120E030E0A9010E94135887FF15
:1055600003C0C12CD12C760186E4E396AEADBFAD6D
:10557000E3978A9FF0018B9FF00D1124E85CF04FB8
:10558000C6AAD7AAE0AEF1AE6ACEA7019601C701BE
:10559000B6010E94755AD8019A966D937D938D93AA
:1055A0009C939D9790CEAF92BF92CF92DF92EF9255
:1055B000FF920F931F93CF93DF93CDB7DEB7A997D9
:1055C0000FB6F894DEBF0FBECDBF082F0E94DC21BE
:1055D0005F9A0E948E118091D91A811173C05E0169
:1055E0008DE1A80EB11C8DE0F50111928A95E9F7C5
:1055F00086E089A720E030E040E450EC60917B1C1D
:1056000070917C1C80917D1C90917E1C0E94755A2B
:105610006B017C0120E030E0A9010E94135887FF54
:1056200003C0C12CD12C76016FE67BE1CE0101963F
:105630000E94380410927F1B1092801B1092811BD5
:105640001092821B002309F44EC0C98ADA8AEB8AC1
:10565000FC8A80E48093DE1A80E090E0A8E4B2E463
:105660008D8F9E8FAF8FB8A3B501CE0101960E949A
:10567000812784E08093DC1A0E9440140E94CE04AB
:1056800010E4002311F07D9B10E01093DE1A0E94BD
:1056900040148091CE1A847309F457C01091CE1A29
:1056A00014FF03C086E00E94AD0315FF03C087E02E
:1056B0000E94AD038091CF1A882311F10E94062623
:1056C0000E94D220A9960FB6F894DEBF0FBECDBFC0
:1056D000DF91CF911F910F91FF90EF90DF90CF90CE
:1056E000BF90AF9008958091591D90915A1DA0913F
:1056F0005B1DB0915C1D898B9A8BAB8BBC8BA9CF4A
:1057000084E00E94B3030E94DB1B8091A61C909151
:10571000A71C0E94B21B10927F1B1092801B10923C
:10572000811B1092821B1092DC1A0E94D220809161
:10573000D91A8111C7CF0E9435120E94B50B0E9461
:1057400099110E94DC215F98BDCF11119ACFDBCF58
:10575000EF92FF921F93CF93DF93EC017B01809137
:105760009C1C85FF26C01091D81A103231F180910F
:10577000001B8C38F0F4CE010E94C6038823C9F0C8
:1057800081E08093DB1A183069F488E00E94BD0341
:105790000E94D2208091D91A81110BC08091D81A11
:1057A0008111F6CF0E94062682E00E94AD030E947E
:1057B000D2208091D81A8230C1F00E94D2208091EC
:1057C000D91A811112C09091370F809182069813D7
:1057D00003C00E94EC0EF1CFB701CE01DF91CF9153
:1057E0001F91FF90EF900C948127DF91CF911F9133
:1057F000FF90EF9008952F923F924F925F926F9299
:105800007F928F929F92AF92BF92CF92DF92EF9250
:10581000FF920F931F93CF93DF93CDB7DEB7E79738
:105820000FB6F894DEBF0FBECDBF9091D91A91117B
:1058300014C18DAB9E01235E3F4F3AAB29AB8DE087
:10584000D9011D928A95E9F786E089A727E1A22E62
:105850002CE1B22EFE01BA964F0110E000E0C12CFF
:10586000D12C7601FDA92F2E312C802F0E940E0500
:10587000D4018D934D01C101002E02C095958795ED
:105880000A94E2F780FF1BC020E030E040EC5FEBC1
:10589000F501EC5AFF4F60817181828193810E94F2
:1058A000755A762E472E582E692EA70196010E9412
:1058B000135887FD04C0C72CD42CE52CF62C0F5FA1
:1058C0001F4FB4E0AB0EB11C0730110571F680908C
:1058D000A21C9090A31CA090A41CB090A51C94E0C6
:1058E000692E01E06FE67BE1CE0101960E9438044B
:1058F00080919D1CE82FF0E0FCABEBABFE013196F4
:105900008FE6482E8BE1582E5FAA4EAA712C10E02C
:1059100030E020E0B701A6017058C101022E02C09C
:10592000959587950A94E2F780FF28C07394AEA9F5
:10593000BFA91D921D921D921C9213978BA99CA921
:10594000022E02C0959587950A94E2F780FF07C062
:10595000002339F0408351836283738306C00023A0
:10596000C9F3C082D182E282F3828AE290E08C0F96
:105970009D1F820F931FDC018C91182B2F5F3F4FCF
:1059800034968EA99FA904969FAB8EAB2730310524
:1059900021F6672D70E090E080E00E94C5580E94DB
:1059A000145B1093DE1AA50194010E94755A6D8F45
:1059B0007E8F8F8F98A3BE01635E7F4FCE010196CD
:1059C0000E94812794E09093DC1A0E9440140E9468
:1059D000CE040023E9F00E946E11FE01BA9630E079
:1059E00020E090E06191462F412359F0AC01022E56
:1059F00002C0559547950A94E2F740FF02C06095B2
:105A000016232F5F3F4F2730310561F71093DE1AC1
:105A10000E9440148091CE1A847309F47AC01091C8
:105A2000CE1A14FF03C086E00E94AD0315FF03C029
:105A300087E00E94AD03011182C00E946E11ADA9E2
:105A40008A2319F088E00E94AD038091CF1A882341
:105A5000E9F00E9406260E94D220E7960FB6F8943D
:105A6000DEBF0FBECDBFDF91CF911F910F91FF9091
:105A7000EF90DF90CF90BF90AF909F908F907F90EE
:105A80006F905F904F903F902F90089584E00E9418
:105A9000B3030E94DB1B8091A61C9091A71C0E945F
:105AA000B21BB1E00B27D1F120E030E040EA50E436
:105AB0006091A81C7091A91C8091AA1C9091AB1CAC
:105AC0000E94755A6B017C0180909E1C90909F1CD7
:105AD000A090A01CB090A11C6A94611003CF90E02C
:105AE00080E09101082E02C0359527950A94E2F7CF
:105AF00020FF05C0F20110821182128213820196EA
:105B0000F4E04F0E511C8730910559F71092DC1AC2
:105B1000A4CF812F8E7F09F05CCFBBCFC090A81C93
:105B2000D090A91CE090AA1CF090AB1C8090A21C05
:105B30009090A31CA090A41CB090A51CCDCF12FFE8
:105B400084CF89E080CFCF93C82F0E948E118C2FF5
:105B5000C11104C084E00E94FB2B83E00E94FB2B58
:105B60000E94D2208091D91A811107C00E9435125B
:105B70000E94B50BCF910C949911CF910895CF93BA
:105B8000DF93CDE6D4E06F85788989899A892AE008
:105B900030E040E050E00E94CE5BB901330F880B4B
:105BA000990B0E94C75820E030E04FE253E40E9476
:105BB000755A20E030EC4FE754E40E941D5820E075
:105BC00030E048EC51E40E941E5720E030E040E213
:105BD00051E40E94755A0E94E25A20E030E040E20F
:105BE00051E40E941D58688379838A839B8321E056
:105BF0002A871F86188A198A1A8A1B8A2C8B20E00A
:105C000030E049E353E40E941D576093FA1A709301
:105C1000FB1A8093FC1A9093FD1ADF91CF9108959F
:105C20002F923F924F925F926F927F928F929F92AC
:105C3000AF92BF92CF92DF92EF92FF920F931F939A
:105C4000CF93DF93CDB7DEB7C056D1090FB6F89426
:105C5000DEBF0FBECDBF7C01E7E0F4E089E5DF01E8
:105C60001D928A95E9F78AE0E0E0FBE1A8E0B4E064
:105C700001900D928A95E1F7F70180818432A1F0BD
:105C80001EA61FAA312C212C29961FAE1EAE2997C5
:105C90001DAE1FA61BAACC24C394D12C01E051E653
:105CA000A52E53E0B52E5CC181E0809308041092CC
:105CB000090483E08EA7F1E0FFABE4CF6FEB862E03
:105CC000890C29E1281510F40C949F3C8F5F8EA756
:105CD000AE01465D5F4FBE01625D7F4FC7010E940E
:105CE000B510882311F40C94A23C4AA45BA46CA4C4
:105CF0007DA4C301B2010E94585B0E949658162FE2
:105D000070E090E080E00E94C7589B01AC01C301A5
:105D1000B2010E941D5720E030E048EC52E40E949E
:105D2000755A0E94E25A0E949658CB0137E49316A6
:105D300009F427C04DE4941609F46DC1E82D880CD0
:105D4000FF0B8827E955F14D8F4F0C94ED5B8B309D
:105D5000BD30CA30D730D12EE430D12ED12EEE3026
:105D6000FB3008311531D12E1931D12E2731D12EEA
:105D700031313B314531D12ED12ED12E5A316731BF
:105D80007431183209F4E0C030F5143160F4113187
:105D900008F09BC0143009F475C0B0F01A3009F453
:105DA00069C084E199C01C3109F464C040F4163123
:105DB000C0F725E1211B20930A0426E08AC01E318A
:105DC00009F458C0163269F7EBA9E1110C94A53C0F
:105DD000F2E0FBAB28C01D3309F4B1C0E0F4153389
:105DE00009F450C088F41B3211F01133D1F62BA9FD
:105DF00021110C94A53C113309F098C010920D04A8
:105E000028E033E03BAB50C01C3358F616531093D8
:105E10000E0429E05EC01C3510F51A3508F076C076
:105E2000103509F0BECF1093080421E0163209F0B6
:105E300050C08431910551F08E31910539F088328E
:105E4000910521F08233910509F0ABCF6AE070E053
:105E50000E94985B66576093080421E025C01C35BA
:105E600049F01F3508F09DCF2EE5211B2093090432
:105E700025E02FC0009731F4ABA9A1110C94A53CEB
:105E8000B1E0BBAB10930704212F2D7F2C3119F00B
:105E900020E01C35F1F4009719F00A9709F081CF42
:105EA000610F6093070420E0C60102C0880F991FAC
:105EB0002A95E2F729962EAD3FAD2997282339235D
:105EC000232B09F443C085E107C0115110930C0442
:105ED00022E0892B49F387E1C05ADF4F0FB6F894CF
:105EE000DEBF0FBECDBFDF91CF911F910F91FF900D
:105EF000EF90DF90CF90BF90AF909F908F907F906A
:105F00006F905F904F903F902F900895892B29F4C8
:105F10001A5510930B0423E0C7CF6A30710509F0BE
:105F200040CF1A3509F43DCF24E0BECF0A9709F0DF
:105F300038CF00930D0428E043E04BABB5CF892B5D
:105F400009F02FCF2AE0B0CF27E0C3CF2996AEAD1E
:105F5000BFAD2997A82BB92B2996BFAFAEAF299714
:105F60008EA5F701E80FF11D90809110A7CEBFA577
:105F7000BB2329F0EBA9E11102C0F2E0FBAB25FE47
:105F80000FC08091330490913404A0913504B091F6
:105F9000360481389649A849B10514F00C94B13CF7
:105FA0003FA9332309F4ADC120FEBDC180910A048D
:105FB0008130B1F423E333E34BEC51E460911204FC
:105FC0007091130480911404909115040E94755AE5
:105FD0006093120470931304809314049093150437
:105FE00030FC10C080910A1B90910B1BA0910C1BE0
:105FF000B0910D1B80933F0490934004A093410403
:10600000B093420480910704843009F0A7C126FCB4
:10601000A3C18CE161CF892B09F05DCF163050F41C
:10602000133080F01430C1F080E11530B1F41092DB
:10603000110415C01A3078F11E3109F0B2CE109358
:106040000F0404C0112321F01130C9F78BE008C000
:10605000B3E0B0930F04FACF80E2809311048CE098
:10606000F60102C0EE0FFF1F8A95E2F7CF012996D5
:106070002EAD3FAD29972E233923232B09F023CFB3
:1060800029962EAD3FAD29972E2B392B29963FAF60
:106090002EAF299765CF1830B9F0193041F117307C
:1060A00089F480E8809310048091020180628093DB
:1060B0000201809102018F7B809302010E9474048F
:1060C0000093F01A8DE0CCCF80E48093100480918F
:1060D0000201806480930201809102018F7D809390
:1060E00002010E94740482E08093F01AEBCF1092B8
:1060F0001004809102018F7B809302018091020144
:106100008F7D8093020180910201877F809302013D
:106110001092F01AD7CF40925004509251046092DE
:106120005204709253043FA538603FA78DE04601AA
:10613000082E02C0880C991C0A94E2F794012221CF
:106140003321232B11F00C94AB3CD50102C0B59543
:10615000A7958A95E2F7A0FF0DC020E030E0A901E5
:106160006AA57BA58CA59DA50E94135887FF02C038
:106170000C94AE3C28283928F3CE40925404509217
:10618000550460925604709257044FA540614FA782
:106190008EE0CDCF409258045092590460925A0438
:1061A00070925B048FA580628FA78FE0C0CF409272
:1061B0005C0450925D0460925E0470925F049FA53F
:1061C00090649FA780E1B3CF4092120450921304D1
:1061D000609214047092150480E0A9CF40921604D6
:1061E000509217046092180470921904ADADA1602A
:1061F000ADAF81E09CCF40921A0450921B04609294
:106200001C0470921D04BDADB260BDAF82E08FCFA3
:1062100040921E0450921F04609220047092210448
:10622000EDADE460EDAF83E082CF1093320484E003
:106230007ECFC301B2010E948F58609333047093E4
:106240003404809335049093360485E070CF4092F7
:106250003704509238046092390470923A0486E010
:1062600066CF40923B0450923C0460923D04709291
:106270003E0487E05CCF40923F045092400460921D
:1062800041047092420488E052CF20E030E040E0C8
:1062900051E4C301B2010E94355A181614F40C944B
:1062A000A83C8091AC1C811719F0812F0E94C63E3A
:1062B00089E03DCF409244045092450460924604E8
:1062C00070924704FFA5F160FFA78AE030CF4092AB
:1062D00048045092490460924A0470924B042FA5DE
:1062E00022602FA78BE023CF40924C0450924D04A4
:1062F00060924E0470924F043FA534603FA78CE03B
:1063000016CF80910904813081F44BA9423009F005
:1063100067CE80910804803509F462CE882309F4A1
:106320005FCE20FC5DCE86E1D7CD8091011B81112F
:1063300057CE20FC3BCE80910E1B90910F1BA0915D
:10634000101BB091111B8093120490931304A0931F
:106350001404B093150444CEE89426F880910C04FC
:10636000882379F0813009F4C7C066961FAE66971E
:10637000A2E02E96AFAF2E97B1E02C96BFAF2C9730
:106380000BC082E066968FAF669791E02E969FAF26
:106390002E972C961FAE2C9780910A04813051F5D0
:1063A00034E4E32E34E0F32E10E000E02FA5C22EFB
:1063B000D12CC601002E02C0959587950A94E2F76C
:1063C00080FF10C023E333E34BEC51E4D7016D9120
:1063D0007D918D919C910E94755AF7016083718324
:1063E000828393830F5F1F4FF4E0EF0EF11C0730A1
:1063F0001105F9F62BA9233049F480910D04813061
:1064000029F43FA585E2343009F066CD8CE1E3E361
:10641000FBE1DE01119601900D928A95E1F7299634
:106420008EAD9FAD299791FD73C0909107049BAFEE
:106430009A3009F481C09C3509F427C18BA98330B7
:1064400009F441C09FA59923F1F1A0910B04229674
:10645000AFAF229780906B1B90906C1BA0906D1B30
:10646000B0906E1BB0E0CB2EBBE1DB2E14E4E12E2E
:1064700014E0F12E10E000E0E92FF0E02596FFAFE8
:10648000EEAF259725968EAD9FAD2597002E02C0C5
:10649000959587950A94E2F780FD62C1F601878998
:1064A000908DA18DB28DF70180839183A283B383F8
:1064B0000F5F1F4FB4E0CB0ED11CE4E0EE0EF11CD9
:1064C00007301105F9F6FBADFE3109F499C1F5333A
:1064D00009F4BDC166E174E086E0FC3109F02FC12A
:1064E0000E944B22882331F12FA521118DC12296C4
:1064F0001FAE22971BAAB1C0E1E06696EFAF669788
:106500002E961FAE2E97F2E02C96FFAF2C9744CF1D
:1065100080910E04873010F08DE1DECC9091061B47
:10652000891709F482CFBE016F5F7F4F0E944B2213
:1065300081117BCF87E0D0CCAFA5A11102C08AE149
:10654000CBCCC10180759927892B09F462CD60916C
:106550003704709138048091390490913A040E9474
:10656000585B0E9496586730B8F6809132048431A7
:1065700029F0823009F015CC27FC13CC662309F4EE
:1065800078C0615022966FAF229766E174E0229640
:106590008FAD22970E944B22882361F2E091320452
:1065A000EBAF40906B1B50906C1B60906D1B70901C
:1065B0006E1B27E0E22E24E0F22E10E000E0FFA5A3
:1065C000CF2ED12CC601002E02C0959587950A9436
:1065D000E2F780FF37C0F701FD9680809180A280AE
:1065E000B3802BAD243109F04AC0F801EE0FFF1F34
:1065F000EE0FFF1FE050F54EDF01A15BBF4F2D9165
:106600003D914D915C916789708D818D928D0E9435
:106610001D57A50194010E941D57D7011F966D9328
:106620007D938D939C935297023061F4A301920164
:106630000E941D5760931E0470931F0480932004D2
:10664000909321040F5F1F4FF4E0EF0EF11C073011
:10665000110509F0B7CF2FEA2222809108048BAFF1
:10666000803509F0FBC09FA5992309F401C18FE192
:1066700033CCB0910E042296BFAF229786CFF7019C
:106680008786908AA18AB28ADDCF3FA5332309F499
:1066900056CF40906B1B50906C1B60906D1B7090A0
:1066A0006E1B00E0A02E0BE1B02E8E010F5F1F4F7E
:1066B00084E4C82E84E0D82EF12CE12C832E912C7A
:1066C000C4010E2C02C0959587950A94E2F780FFCD
:1066D0003AC0D8012D913D914D915C91F5016789AA
:1066E000708D818D928D0E941D57D6012D913D9107
:1066F0004D915C910E941D57F601608371838283E6
:106700009383F2E0EF120CC0A30192010E941D5787
:1067100060934C0470934D0480934E0490934F0407
:10672000FFEFEF1AFF0A24E0A20EB11C0C5F1F4F0F
:1067300034E0C30ED11C47E0E416F10409F62296BA
:106740001FAE22978ACFF501E15BFF4F80819181D7
:10675000A281B381F60180839183A283B383E0CFCA
:10676000FBADF53309F4A4CED7014D905D906D904B
:106770007C902296BFAD2297B11132C0F801EE0F86
:10678000FF1FEE0FFF1F21E030E02C0F3D1FE20F37
:10679000F31FD601A15BBF4F2D913D914D915C91AF
:1067A00060817181828193810E941E57A3019201B1
:1067B0000E941E57D7016D937D938D939C931397E1
:1067C000023009F075CEA50194010E941E57609316
:1067D0004C0470934D0480934E0490934F0468CE04
:1067E000A3019201F6016789708D818D928D0E94BF
:1067F0001E57D7016D937D938D939C93139758CE1D
:1068000066E174E087E06CCEA0E0BBE1E7E0F4E095
:1068100090E080E04FA5242F30E0A901082E02C0AF
:10682000559547950A94E2F740FD0AC057964D9159
:106830005D916D917C915A974787508B618B728BDC
:106840000196149634968730910539F778CF809168
:106850000804823008F473CF8EE13ECBABA9A2309E
:1068600039F4BBADB11182C0EFA5EE2309F49CC091
:106870002FA92170EFA9C101E0FF05C38E7DFBA9FF
:10688000F1119370892B11F00C94B73C8E01035ECB
:106890001F4F8DE0D8011D928A95E9F7222309F454
:1068A000F5C229968EAD9FAD2997867B892B11F075
:1068B0000C94BA3C80910704853319F081110C9433
:1068C000BA3C80910A1B90910B1BA0910C1BB091BC
:1068D0000D1B89A39AA3ABA3BCA38091091B909124
:1068E000081B892B409112045091130460911404E9
:1068F000709115044D8F5E8F6F8F78A3846089A788
:106900008091330490913404A0913504B091360401
:106910008DA39EA3AFA3B8A780919C1C85FF07C041
:1069200084E494E00E94C60381110C94BD3CB8013C
:1069300084E494E00E94A82B8091D81A81110BC0A6
:106940000E943B0C892B39F080E28093D81A0E9478
:1069500040140E94CE048CE1E4E4F4E0A7E1BBE142
:1069600001900D928A95E1F780E0B6CA20E030E010
:10697000A901609112047091130480911404909104
:1069800015040E941358882309F4CDCCFBADFC38C4
:10699000B9F060F4F23059F1F33061F1F13009F0FF
:1069A00067CF3FA5311164CF1BAA62CF2BAD2E3824
:1069B00039F018F02F3809F05BCF9FA990619FAB99
:1069C0008BAD8E58823018F4AFA9A860AFABBFA5CD
:1069D000BB2309F4B4CD4CE150E064E474E087E1FA
:1069E0009BE10E940F5C892B09F042CF79C04FA92F
:1069F00044604FAB8FA5882309F4A1CD2C96BFAD81
:106A00002C97AB2FB0E02596BFAFAEAF25972E9653
:106A1000FFAD2E97EF2FF0E06396FFAFEEAF6397D9
:106A200081E090E07C012C960FAC2C9702C0EE0C1C
:106A3000FF1C0A94E2F72E960FAC2E9702C0880F27
:106A4000991F0A94E2F7E82AF92A2FA5822F90E0ED
:106A50008E219F21892B09F487C7CD01880F991FAB
:106A6000880F991FFC01EC5BFB4F8050954EDC01B9
:106A700057962D913D914D915C915A97608171810E
:106A8000828193810E941D572B013C0163968EAD3C
:106A90009FAD6397880F991F880F991FFC01EC5BCE
:106AA000FB4F8050954EDC0157962D913D914D91B5
:106AB0005C915A9760817181828193810E941D57F8
:106AC0004B015C0127FE08C1E89427F84CE150E037
:106AD00064E474E087E19BE10E940F5C892B11F470
:106AE00081E2FAC960913B0470913C0480913D04BD
:106AF00090913E0420910A04213071F423E333E3A2
:106B00004BEC51E40E94755A60933B0470933C0433
:106B100080933D0490933E0480913B0490913C040B
:106B2000A0913D04B0913E0421968CAF9DAFAEAFD5
:106B3000BFAF2197A3019201C301B2010E94755A10
:106B40006D966CAF7DAF8EAF9FAF6D97A501940131
:106B5000C501B4010E94755AA1966CAF7DAF8EAF8E
:106B60009FAFA19720E030E040E850E421966CAD63
:106B70007DAD8EAD9FAD21970E94755A21962CADAB
:106B80003DAD4EAD5FAD21970E94755A6D962CAD0F
:106B90003DAD4EAD5FAD6D970E941D57A1962CADDA
:106BA0003DAD4EAD5FADA1970E941D576B017C01BD
:106BB00020E030E0A9010E94135887FF04C0F7FAD3
:106BC000F094F7F8F094C701B6010E94145B6B01D2
:106BD0007C01A1962CAD3DAD4EAD5FADA1976D96FC
:106BE0006CAD7DAD8EAD9FAD6D970E941E570E941E
:106BF000145B9B01AC01C701B60190580E941D585F
:106C00006B017C019BAD933021F4F7FAF094F7F817
:106C1000F09420E030E0A90121966CAD7DAD8EAD01
:106C20009FAD21970E94135887FF13C0F7FAF09485
:106C3000F7F8F09421968CAD9DADAEADBFAD219728
:106C4000B05880933B0490933C04A0933D04B093D0
:106C50003E0425960EAD1FAD2597000F111F000FA6
:106C6000111F055F1B4FA5019401C701B6010E94CA
:106C7000755A9B01AC01C301B2010E941D5720E06F
:106C800030E040E05FE30E94755AD8011B966D9397
:106C90007D938D939C931E9763960EAD1FAD639766
:106CA000000F111F000F111F055F1B4FA301920161
:106CB000C701B6010E94755AA50194010E941E5792
:106CC00020E030E040E05FE30E94755AF8016387FE
:106CD000748785879687CCCDFDADCF2ED12CEF2242
:106CE000FD2083E2EF2809F4F7C821EF22228091EA
:106CF0000A04813059F5F12CE12CC6010E2C02C09A
:106D0000959587950A94E2F780FF19C08701000FD7
:106D1000111F000F111F095F1B4F23E333E34BECDF
:106D200051E4D8011F966D917D918D919C91529760
:106D30000E94755AF8016787708B818B928BFFEFE9
:106D4000EF1AFF0A27E0E216F104B9F62596EEAD38
:106D5000FFAD2597EE0FFF1FEE0FFF1FE55FFB4F07
:106D6000C384D484E584F684A7019601C301B201EB
:106D70000E941D572B013C016396EEADFFAD63975A
:106D8000EE0FFF1FEE0FFF1FE55FFB4F838594851E
:106D9000A585B68521968CAF9DAFAEAFBFAF2197CD
:106DA0009C01AD01C501B4010E941D574B015C015E
:106DB000A3019201C301B2010E94755A2B013C014B
:106DC000A5019401C501B4010E94755A9B01AC0153
:106DD000C301B2010E941E570E94145B4B015C016B
:106DE000A7019601C701B6010E94755A6B017C018B
:106DF00021962CAD3DAD4EAD5FAD2197CA01B901D5
:106E00000E94755A9B01AC01C701B6010E941E5732
:106E10000E94145B6B017C01C0923B04D0923C0445
:106E2000E0923D04F0923E04AC019B01C501B40127
:106E30000E941D574B015C01E894B7F82AE037ED3A
:106E400043EA5BE3C501B4010E94355A18160CF001
:106E50000FCD20E030E040E05FE3C501B4010E94C7
:106E6000355A18160CF43CCE2FE632E143E85AE3CB
:106E7000C701B6010E94755AA50194010E941358DA
:106E800087FFF6CC2DCE8E7D9C7FF9CC80919C1C0B
:106E9000F090091B81FF12C08BAD8150833018F038
:106EA000BFA9B064BFABEFA5EE2309F427C1FBA9CE
:106EB000F23009F023C12FA920682FAB8091330451
:106EC00090913404A0913504B09136048093131B43
:106ED0009093141BA093151BB093161B8DA39EA318
:106EE000AFA3B8A7809109048093011B882311F0F8
:106EF00088E089A78091120490911304A091140452
:106F0000B091150480930E1B90930F1BA093101B40
:106F1000B093111B8D8F9E8FAF8FB8A380903F04CD
:106F200090904004A0904104B0904204A5019401C7
:106F300060910A1B70910B1B80910C1B90910D1B93
:106F40000E9413589FA99074E92E811103C0AFA924
:106F5000A5FF1FC0FF2069F0BFA9B7FD0AC040E030
:106F600050E0BA01E11002C0B501A4018F2D0E94CA
:106F7000F22180913F0490914004A0914104B0918E
:106F8000420480930A1B90930B1BA0930C1BB0939D
:106F90000D1BE1100CC080910A1B90910B1BA0915E
:106FA0000C1BB0910D1B89A39AA3ABA3BCA380912A
:106FB000AC1C8093121B809111049091091B9817AF
:106FC00051F049A15AA16BA17CA10E94F2218091AC
:106FD00011048093091B89A59091091B892B89A70E
:106FE00080910704843009F4A0C080910C04809340
:106FF000041B80910A048093021BEBA9E330C1F5C6
:1070000080910D048093051B811108C010924C04DF
:1070100010924D0410924E0410924F04C0904C04F4
:10702000D0904D04E0904E04F0904F04A7019601DB
:1070300060916B1B70916C1B80916D1B90916E1B0E
:107040000E9413588823A1F0C0926B1BD0926C1B36
:10705000E0926D1BF0926E1BC092AD1CD092AE1CE4
:10706000E092AF1CF092B01C0E9496120E94ED219B
:1070700080910E049091061B981769F08093061B6F
:107080008CE1FE013196A3E3BBE101900D928A955C
:10709000E1F70E94ED2180910B048093031B809106
:1070A0000704863209F4B5C008F072C08C3109F4C7
:1070B00096C08E3109F493C08A3009F476C080916D
:1070C00008048093001B803509F4A7C3BBA9B23024
:1070D00009F0A3C3813009F0B0C0BE01635E7F4FE9
:1070E00084E494E00E94A82B8CE1E4E4F4E0A7E1BE
:1070F000BBE101900D928A95E1F78FC330E1F31265
:10710000DDCE9FA990748091001B8150833038F4AC
:10711000992309F4D3CE4FA940624FABCFCE911142
:10712000CDCE8FA980628FABC9CE8091D81A823024
:1071300009F45BCFC0903704D0903804E090390454
:10714000F0903A040E94DC2120E030E040EA51E473
:10715000C701B6010E94755A0E94FC570E949658BA
:107160007B01E114F10409F440CFF1E0EF1AF108DA
:107170008091D91A811139CF0E94D2202FEF30E7A8
:1071800042E0215030404040E1F700C00000E9CF2C
:107190008C3509F444C0863609F447C0883209F0BA
:1071A0008ECF67E17BE187E037C066E174E022962D
:1071B0008FAD22970E9437228091061B22969FADA9
:1071C000229789137CCF8CE1E6E1F4E0A3E3BBE1F5
:1071D00001900D928A95E1F70E94ED2170CF89A56B
:1071E000816089A7ABA9AA2329F0B80184E494E0BF
:1071F0000E94A82BB80186E194E00E94A82B8CE1A4
:10720000E6E1F4E0A7E1BBE101900D928A95E1F798
:1072100056CF67E17BE186E00E94372250CF8CE1B8
:10722000E4E4F4E0AFE4BBE1D3CFEFE4FBE18CE1D5
:10723000DF011D928A95E9F7CFCF811105C089A59D
:10724000816089A7B8014CCF8250823008F0BBC260
:1072500080913B0490913C04A0913D04B0913E0488
:107260008BAB9CABADABBEAB2C96AFAD2C9794E08B
:10727000A99F70011124F701E95EF44EFCAFEBAF5A
:1072800097012A5E3B4F23963FAF2EAF2397D9013C
:107290004D905D906D907C90208131814281538131
:1072A000C301B2010E941E572B966CAF7DAF8EAF0B
:1072B0009FAF2B972E96EFAD2E97B4E0EB9F8001FA
:1072C00011249801295E344E3EAF2DAFC8018A5E6D
:1072D0009B4F2D969FAF8EAF2D97DC018D909D908B
:1072E000AD90BC90F9012081318142815381C5016B
:1072F000B4010E941E5761966CAF7DAF8EAF9FAFF9
:10730000619777FA709477F87094D501C401B058FA
:107310008FA798ABA9ABBAABF701EC5BFB4F2B96F1
:107320002CAD3DAD4EAD5FAD2B97608171818281FB
:1073300093810E941D576B017C01F801EC5BFB4FB0
:1073400061962CAD3DAD4EAD5FAD619760817181B1
:10735000828193810E941D574B015C01A701960118
:10736000C301B2010E94755A27966CAF7DAF8EAFF4
:107370009FAF2797A50194016FA578A989A99AA91C
:107380000E94755A9B01AC0127966CAD7DAD8EAD08
:107390009FAD27970E941E5727966CAF7DAF8EAF8B
:1073A0009FAF2797A5019401C301B2010E94755AAE
:1073B0004B015C01A70196016FA578A989A99AA93B
:1073C0000E94755A9B01AC01C501B4010E941D5772
:1073D00027962CAD3DAD4EAD5FAD27970E949D57D2
:1073E0006B017C019FA992FF70C127E137EB41E55A
:1073F00058EBC701B6010E94355A87FD0AC02BED34
:107400003FE049EC50E4C701B6010E941D576B01F3
:107410007C018090901C9090911CA090921CB09048
:10742000931C2BA93CA94DA95EA9CA01B9010E94D0
:107430001E57A50194010E941D57A50194010E94A9
:10744000755A0E94145B4B015C0120E030E040E083
:107450005FE3C701B6010E94755A2BA93CA94DA94B
:107460005EA90E94755A9F77A50194010E941D583C
:107470000E9402590E94965825967FAF6EAF2597BD
:10748000DB01AB2B09F429CE19A590E080E00E9426
:10749000C5584B015C0113FF0EC0AC019B016D8D03
:1074A0007E8D8F8D98A10E94755A6D8F7E8F8F8FE4
:1074B00098A3177F19A7A5019401C701B6010E94DF
:1074C0001D586FAB78AF89AF9AAF6696EFAD6697F0
:1074D000B4E0EB9FC00111248C01095E144E8C5B5B
:1074E0009B4FD8012D913D914D915C91FC016081A4
:1074F0007181828193810E941D57A50194010E9490
:107500001D586D966CAF7DAF8EAF9FAF6D972FA955
:1075100038AD49AD5AADCA01B9010E94755A9B01F7
:10752000AC0160E070E080E090E40E941D576B01C8
:107530007C012BEA3AEA4AE25EE36FA978AD89ADB5
:107540009AAD0E94755A4B015C0120E030E040E8A2
:1075500050E4C701B6010E941E579B01AC01C50152
:10756000B4010E94755A65966CAF7DAF8EAF9FAF28
:10757000659720E030E040E05FE3C701B6010E947C
:10758000755A69966CAF7DAF8EAF9FAF69971BAA96
:1075900022242394312C2596EEADFFAD2597E215DC
:1075A000F30509F49ACDFBA9FC3008F0A2C0A301B1
:1075B000920165966CAD7DAD8EAD9FAD65970E94D5
:1075C000755A6B017C012FA538A949A95AA969965A
:1075D0006CAD7DAD8EAD9FAD69970E94755A9B01D4
:1075E000AC01C701B6010E941E577B016C01A301CB
:1075F000920169966CAD7DAD8EAD9FAD69970E948D
:10760000755A4B015C012FA538A949A95AA965965D
:107610006CAD7DAD8EAD9FAD65970E94755A9B0197
:10762000AC01C501B4010E941D572B013C012BA9DF
:107630002F5F2BAB470156018FA698AAA9AABAAA19
:10764000A30192012B966CAD7DAD8EAD9FAD2B97B6
:107650000E941E57EBADFCAD6083718382839383E0
:107660002FA538A949A95AA961966CAD7DAD8EADFB
:107670009FAD61970E941E57ADADBEAD6D937D93DA
:107680008D939C9313976D962CAD3DAD4EAD5FAD34
:107690006D97F80160817181828193810E941E57EC
:1076A000D8016D937D938D939C931397BE01635E78
:1076B0007F4F87E19BE10E94A82B8091D91A81110D
:1076C00013CDBFEF2B1A3B0A66CF27E137EB41E51D
:1076D00058E3C701B6010E94135818160CF499CE4E
:1076E0002BED3FE049EC50E4C701B6010E941E5764
:1076F0008ECEB10190E080E00E94C5582FA938AD30
:1077000049AD5AAD0E94755A6B017C010E94185810
:107710006FA778AB89AB9AABC701B6010E94065B35
:107720004B015C012396AEADBFAD2397CD90DD90AC
:10773000ED90FC90F7FAF094F7F8F0942D96AEAD3A
:10774000BFAD2D978D919D910D90BC91A02D8BABD0
:107750009CABADABBEABA70196016FA578A989A97B
:107760009AA90E94755A2B013C012BA93CA94DA94D
:107770005EA9C501B4010E94755A9B01AC01C30109
:10778000B2010E941E572B013C01A7019601C501C1
:10779000B4010E94755A6B017C012BA93CA94DA92B
:1077A0005EA96FA578A989A99AA90E94755A9B011B
:1077B000AC01C701B6010E941D576FA778AB89AB1A
:1077C0009AAB1BAA3DCF89A5846089A78091D81A5E
:1077D000823009F489CC0E94DC218091D91A811170
:1077E0001CC0FFA9F071FF2E1092DD1A2FA923FBF8
:1077F000882780F90E942206809109018C7090915F
:10780000D20E891729F184E00E94AD030E9406265A
:107810000E94D22080E00E94220680910F04809373
:10782000071B882311F40C946C2F0E94DC2180919B
:10783000071B9091D81A833009F04DC0923029F07F
:1078400088E00E94BD030E94D2201092071B8CC8C2
:10785000B80184E494E00E94A82B81E08093EF0EAD
:1078600082E00E94BD030E94D2208091D91A81112A
:10787000D4CF8091D81A8111F6CF8091EF0E81304C
:1078800031F5FF2001F18CE1EFE6FBE1A3EDBEE075
:1078900001900D928A95E1F71092EF0E80E00E9420
:1078A00022060E94D2200E94DB1B0E9404130E9429
:1078B000B50B0E94720B8091DD1A882309F414CC59
:1078C0000E943512AACF85E00E94AD03E5CF81E08A
:1078D0008093DD1AE1CF81E08093001B1092041B9E
:1078E0001092031B1092011B1092061B1092091B91
:1078F0001092081B84E68093DF1A8093E01A80932D
:10790000E11A923089F063E37BE180E00E944B2230
:10791000882311F40C949A320E94ED2140E050E04B
:10792000BA0180E00E946F1C87E295E00E948B08FC
:1079300083EC94E00E948B080E94630B86CF81E069
:107940000C946C2F82E00C946C2F88E10C946C2FBB
:1079500086E20C946C2F89E10C946C2F84E00C94DB
:107960006C2F8BE10C946C2F80E20C946C2F84E2D2
:107970000C946C2F80E10C946C2F8FE00C946C2F86
:10798000AF92BF92CF92DF92EF92FF920F931F932D
:10799000CF93DF93CDB7DEB76C970FB6F894DEBF09
:1079A0000FBECDBF88E695E00E948B0885E695E086
:1079B0000E948B088DE592E00E94102E6091D51CEC
:1079C0007091D61C8091D71C9091D81C43E05CE14B
:1079D0000E94E1026091ED1C7091EE1C8091EF1C01
:1079E0009091F01C4FEE5BE10E94E1028FEE9BE173
:1079F0009F938F9383E09CE19F938F9389E692E01E
:107A00009F938F930FE91BE11F930F930E941C5CC0
:107A1000C8010E94102E6091051D7091061D809175
:107A2000071D9091081D4BE85BE10E94E1028BE885
:107A30009BE19F938F9388E792E09F938F931F938F
:107A40000F930E941C5CC8010E94102E84E892E0F3
:107A50000E94102E88E992E00E94102E8DE992E09B
:107A60000E94102E6FE67BE1CE0101960E94380441
:107A7000C984DA84EB84FC8401EB1CE1F8012081E9
:107A8000318142815381C701B6010E941D572DEA01
:107A9000A22E2CE1B22EF501208131814281538149
:107AA0000E941E5760936B1B70936C1B80936D1B21
:107AB00090936E1BF5016083718382839383F80139
:107AC000C082D182E282F3828DE592E00E94102E84
:107AD0000E94DC210FB6F894DEBF0FBECDBF6C96BE
:107AE0000FB6F894DEBF0FBECDBFDF91CF911F91CF
:107AF0000F91FF90EF90DF90CF90BF90AF900895DF
:107B00008F929F92AF92BF92EF92FF920F931F932B
:107B1000CF93DF93CDB7DEB7C456D1090FB6F89433
:107B2000DEBF0FBECDBF2091AC1C2150330B90E0C7
:107B300080E0F901EC5FFD4F44E02817390709F4B4
:107B40004083019685309105C1F70091080210E04D
:107B50002091070230E04091060250E0609105025A
:107B600070E08091040290E00E94FC248DE495E096
:107B70000E948B086091AC1C70E090E080E00E9455
:107B800040088AE495E00E948B088DE592E00E940F
:107B9000102E89EA92E00E94102E0E94DC21E091D2
:107BA000AC1CEE2309F4E0C0E150FF0BEE0FFF1F09
:107BB000EE0FFF1FEF53F34E60817181828193813D
:107BC00043E05CE10E94E102E091AC1CE150FF0B5C
:107BD000EE0FFF1FEE0FFF1FE752F34E6081718122
:107BE000828193814FEE5BE10E94E1028FEE9BE187
:107BF0009F938F9383E09CE19F938F9389E692E01C
:107C00009F938F930FE91BE11F930F930E941C5CBE
:107C1000C8010E94102EE091AC1CE150FF0BEE0F4A
:107C2000FF1FEE0FFF1FEF50F34E608171818281C5
:107C300093814BE85BE10E94E1028BE89BE19F931B
:107C40008F9381EB92E09F938F931F930F930E94EA
:107C50001C5CC8010E94102E8DE592E00E94102E3F
:107C60000E94DC2183EC92E00E94102E0FB6F89463
:107C7000DEBF0FBECDBF8091ED1A882309F468C026
:107C80006091D41A7091D51A8091D61A9091D71A12
:107C90000091E91A1091EA1A2091EB1A3091EC1A2E
:107CA000601B710B820B930B2CE330E040E050E043
:107CB0000E94AC5B49018DE592E00E94102E80E0AD
:107CC0000E942D260E94DC2180E00E94D32A7E01A2
:107CD00091E5E90EF11C0091AC1C0150110B000F55
:107CE000111F000F111F0752134E60915D1D70E0B0
:107CF00090E080E00E94C7589B01AC01F8016081D0
:107D00007181828193810E941D57A7010E94E10227
:107D1000FF92EF9286EC92E09F938F938E010F5F1C
:107D20001F4F1F930F930E941C5CC8010E94102ECE
:107D30000E94DC21B4018091AC1C0E940D1D81E0E9
:107D40000E94D32A0F900F900F900F900F900F90DA
:107D500003E010E023E030E043E050E063E070E057
:107D600083E090E00E94FC24CC59DF4F0FB6F894DA
:107D7000DEBF0FBECDBFDF91CF911F910F91FF905E
:107D8000EF90BF90AF909F908F900895FF920F93C8
:107D90001F93CF93DF93F82E8DE592E00E94102E73
:107DA0000E94DC2181E00E94920482ED92E00E9418
:107DB000102E81EE92E00E94102E0E94DC2180E0C5
:107DC0000E94920481E00E942D26F11023C00E949F
:107DD000803D0E94DC2180E00E942D268091D81AEF
:107DE000813009F4CEC0F092AC1C0E9496128CE552
:107DF00095E00E948B086F2D70E090E080E00E947B
:107E0000400889E595E0DF91CF911F910F91FF9098
:107E10000C948B080E94803D81E00E942D2690E00A
:107E200080E02F2D2150330BE90124E08C179D07B2
:107E300021F4FC01EC5FFD4F208301968530910514
:107E4000A9F70091080210E02091070230E040916C
:107E5000060250E06091050270E08091040290E01B
:107E60000E94FC248DE592E00E94102E0E94DC21ED
:107E700082EF92E00E94102ECC0FDD1FCC0FDD1F91
:107E8000C95ED34EFE01E655FF4F6081718182814C
:107E9000938143E05CE10E94E102FE01EE53FF4F5B
:107EA00060817181828193814FEE5BE10E94E102EA
:107EB0008FEE9BE19F938F9383E09CE19F938F9341
:107EC00089E692E09F938F930FE91BE11F930F9335
:107ED0000E941C5CC8010E94102EC652DF4F6881B0
:107EE00079818A819B814BE85BE10E94E1028BE80A
:107EF0009BE19F938F938AEF92E09F938F931F93C1
:107F00000F930E941C5CC8010E94102E0E94DC216D
:107F100084EF91E00E94B21B8DE592E00E94102E4A
:107F20000E94DC2183EC92E00E94102E8DB79EB758
:107F30000E960FB6F8949EBF0FBE8DBF8091ED1ABE
:107F4000882381F08091D41A9091D51AA091D61AE5
:107F5000B091D71A8093E91A9093EA1AA093EB1A7A
:107F6000B093EC1A03E010E023E030E043E050E08F
:107F700063E070E083E090E00E94FC240E94C03C3B
:107F800028CFDF91CF911F910F91FF9008950F930C
:107F90001F93CF93DF93EC0110E0BE01812F0E946D
:107FA0001022811116C018828EE30E940906CE01AC
:107FB0000E94A90B8AE30E94090687E00E944B09F0
:107FC000113029F4DF91CF911F910F91089511E0A5
:107FD000E4CF88818823A1F3CE010E94102E082FC0
:107FE0008EE30E940906CE010E94A90B8AE30E943B
:107FF0000906802F0E945709E3CFBF92CF92DF92EC
:10800000EF92FF920F931F93CF93DF93CDB7DEB71D
:10801000A9970FB6F894DEBF0FBECDBFB82E0E9451
:10802000DC210E948E118091D91A811179C08E01B4
:10803000035E1F4F8DE0F80111928A95E9F786E003
:1080400089A720E030E040E450EC60917F1C709103
:10805000801C8091811C9091821C0E94755A6B013A
:108060007C0120E030E0A9010E94135887FF03C083
:10807000C12CD12C76016FE67BE1CE0101960E94E6
:1080800038041092831B1092841B1092851B10924F
:10809000861BBB2021F0F7FAF094F7F8F094CD8A14
:1080A000DE8AEF8AF88E80E88093DE1A80E090E026
:1080B000AAEFB4E48D8F9E8FAF8FB8A3B801CE0125
:1080C00001960E94812784E08093DC1A0E9440146C
:1080D0000E94CE0410E8809109018095BB2081F1B7
:1080E0008270811110E01093DE1A0E94401480917A
:1080F000CE1A847309F456C01091CE1A14FF03C02F
:1081000086E00E94AD0315FF03C087E00E94AD0327
:108110008091CF1A8823B1F00E9406260E94D220B7
:10812000A9960FB6F894DEBF0FBECDBFDF91CF91F9
:108130001F910F91FF90EF90DF90CF90BF90089527
:108140008170CFCF84E00E94B3030E94DB1B80913B
:10815000A61C9091A71C0E94B21B1092831B109228
:10816000841B1092851B1092861B1092DC1A0E94B1
:10817000D2208091D91A8111D3CF0E9435120E944A
:10818000B50B0E949911B110CBCF8CE093E00E9407
:10819000102E84E690E00E94B21B8BE193E00E94D7
:1081A000102EBECF111197CFD0CF2F923F924F926A
:1081B0005F926F927F928F929F92AF92BF92CF9277
:1081C000DF92EF92FF920F931F93CF93DF93CDB780
:1081D000DEB7C459D1090FB6F894DEBF0FBECDBFCC
:1081E0007C0191E0CD56DF4F9883C359D0408E017A
:1081F00005571F4F88E0D8011D928A95E9F7F701CE
:108200008181873409F47AC00CF04EC0823409F4BD
:10821000F0C224F5843209F471C0813409F482C0BB
:10822000811124C010E0812FCC56DF4F0FB6F89497
:10823000DEBF0FBECDBFDF91CF911F910F91FF9099
:10824000EF90DF90CF90BF90AF909F908F907F90F6
:108250006F905F904F903F902F900895853409F470
:108260003BC30CF05EC4833409F448C09091D81A23
:10827000923008F0BEC5893409F40FC70CF0A0C5D0
:10828000833209F4B8C5883409F416C610E0AE018B
:108290004F5F5F4FBE016D567F4FC7010E94B51003
:1082A0008111AFC712E0BFCF833509F489C2B4F49E
:1082B0008C3409F4B3C3803509F45DC28A34B1F655
:1082C0008091D81A8F7D09F094C582818D3309F091
:1082D00064C0C7010E94102E182FA5CF863509F45F
:1082E00047C234F4843509F0C1CF0E9482099ACF85
:1082F000873509F4FAC2883509F0B8CFF7019281C1
:1083000091114BC0833409F43CC50CF076C484321F
:1083100009F088CF8091D81A887109F06AC50E9447
:10832000D00980CF828181112DC08CE395E00E941D
:108330008B0889E09DE10E9499088AE395E00E94FC
:108340008B0889E19DE10E9499088AE395E00E94EB
:108350008B0889E29DE10E9499088AE395E00E94DA
:108360008B0889E39DE10E9499088AE395E00E94C9
:108370008B0889E49DE10E94990885E395E00E94BD
:108380008B0850CFA381A111C0C1823541F0843543
:1083900009F46CC1813409F4A7C113E044CF8DE521
:1083A00092E00E94102E80E00E942D260E94DC2187
:1083B00080E00E94D32A10920402109205021092CB
:1083C0000602109207021092080210E000E030E06E
:1083D00020E050E040E070E060E090E080E00E944B
:1083E000FC24F9ED6F2EFCE17F2EA9E0EA2EADE131
:1083F000FA2EB4E02B2EB2E03B2ECC56DF4F188283
:10840000C459D0405E01F3E8AF0EB11C6E0121E506
:10841000C20ED11C16EC412E12E0512EAE014F5F60
:108420005F4F4A01D501E8E01D92EA95E9F76091B6
:108430005D1D70E090E080E00E94C7589B01AC0198
:10844000D3016D917D918D919C910E941D57A60144
:108450000E94E102DF92CF925F924F929F928F92A1
:108460000E941C5CC4010E94102E0E94DC21C501E8
:108470000E94D61D80E1F501D70101900D928A95E9
:10848000E1F786E194E00E948B08CC56DF4FB8817B
:10849000C459D040BF5FCC56DF4FB883C459D040D9
:1084A0008B2F0E94580883E194E00E948B08C7013B
:1084B0000E9499088FE094E00E948B080F900F9023
:1084C0000F900F900F900F90F701808181114CC099
:1084D00060915D1D70E090E080E00E94C7589B01B4
:1084E000AC01D3016D917D918D919C910E941D579E
:1084F00020E030E040EC5FE30E941E57A6010E949E
:10850000E102DF92CF925F924F929F928F920E94F0
:108510001C5CC4010E94102E0E94DC21C5010E9437
:10852000D61D80E1F501D70101900D928A95E1F702
:1085300088E094E00E948B08CC56DF4F8881C459B4
:10854000D0400E94580885E094E00E948B08C70143
:108550000E94990881E094E00E948B080F900F9090
:108560000F900F900F900F90F701808181114CC0F8
:1085700060915D1D70E090E080E00E94C7589B0113
:10858000AC01D3016D917D918D919C910E941D57FD
:1085900020E030E040EC5FE30E941D57A6010E94FE
:1085A000E102DF92CF925F924F929F928F920E9450
:1085B0001C5CC4010E94102E0E94DC21C5010E9497
:1085C000D61D80E1F501D70101900D928A95E1F762
:1085D0008AEF93E00E948B08CC56DF4F8881C45904
:1085E000D0400E94580887EF93E00E948B08C70193
:1085F0000E94990883EF93E00E948B080F900F90E0
:108600000F900F900F900F90F701808181112AC079
:10861000D1011C920091080210E02091070230E085
:108620004091060250E06091050270E080910402E2
:1086300090E00E94FC2434E0630E711C40E1E40EE3
:10864000F11C5FEF251A350ACC56DF4F8881C459DB
:10865000D040853009F0E6CE81E00E94D32A0E9406
:108660009612E0CD23E0F1012083D4CFC090D41A3C
:10867000D090D51AE090D61AF090D71A8091E91AC6
:108680009091EA1AA091EB1AB091EC1AA701960109
:10869000281B390B4A0B5B0BCA01B9012CE330E0F4
:1086A00040E050E00E94AC5B4901C092E91AD092D0
:1086B000EA1AE092EB1AF092EC1ACA01B901882783
:1086C00099270E94D90788E293E00E94A90BC7016D
:1086D000B6010E94D90788E293E00E94A90BB40179
:1086E00081E00E940D1D9ECD82E294E00E948B08E5
:1086F0008FB186FB882780F90E94580880E294E0B9
:108700000E948B088DE194E03ACE9481911130C0A3
:10871000E0EDFE2EFA0EF5E0FF1508F43ECE8734AC
:10872000C1F0823509F039CEC8010E94D61D2F2D27
:108730002150330BD90174E0AA0FBB1F7A95E1F7E2
:10874000A75FB24E80E1F80101900D928A95E1F7A2
:1087500086CF4F2D4150550BCA0164E0880F991FF9
:108760006A95E1F760E1875F924E0E94ED055ACD70
:108770000E94680B57CD4091B51C5091B61C60917A
:10878000B71C7091B81C23E081E20E9462094091FD
:10879000B91C5091BA1C6091BB1C7091BC1C23E0A9
:1087A00082E20E9462094091BD1C5091BE1C609102
:1087B000BF1C7091C01C23E083E20E94620932CD8D
:1087C000848181112FCD64E0C7010E94ED05F7017E
:1087D000838180539281923549F0943509F482C0A7
:1087E000903509F01FCD0E94FD3F1CCD0E94D32A79
:1087F00019CD8381811116CD8281813409F44FC056
:10880000853409F00FCD82E00E94C32580E00E94EC
:1088100092048DE592E00E94102E0E94DC2181E0FE
:108820000E94920482ED92E00E94102E81EE92E06E
:108830000E94102E82E393E00E94102E84E493E0C5
:108840000E94102E84E593E00E94102E85E693E0AE
:108850000E94102E88E793E00E94102E8BE893E090
:108860000E94102E8CE993E00E94102E8DEA93E076
:108870000E94102E80EC93E00E94102E0E94DC21BA
:1088800080E00E9492048091AC1C882319F080E063
:108890000E94C63E1092ED1A0E944B0CC3CC9093DE
:1088A000ED1A83E00E94C3258091D41A9091D51AC5
:1088B000A091D61AB091D71A8093E91A9093EA1A28
:1088C000A093EB1AB093EC1A81E00E9492048BE221
:1088D00093E00E94A90BA6CC81E00E942D260E9465
:1088E000C03C80E00E942D269DCC828181119ACCD3
:1088F00081E00E942D2683E394E00E948B0880E3B0
:1089000094E00E948B088DE592E00E94102E609109
:10891000D51C7091D61C8091D71C9091D81C43E037
:108920005CE10E94E1026091ED1C7091EE1C80916F
:10893000EF1C9091F01C4FEE5BE10E94E1028FEE84
:108940009BE19F938F9383E09CE19F938F9389E6B4
:1089500092E09F938F930FE91BE11F930F930E9467
:108960001C5CC8010E94102E6091051D7091061DAF
:108970008091071D9091081D4BE85BE10E94E10288
:108980008BE89BE19F938F9388E792E09F938F936F
:108990001F930F930E941C5CC8010E94102E84E854
:1089A00092E00E94102E88E992E00E94102E8DE93C
:1089B00092E00E94102E6FE67BE1CE0101960E94AC
:1089C000380489859A85AB85BC858093B11C9093CA
:1089D000B21CA093B31CB093B41C1092AD1C1092A7
:1089E000AE1C1092AF1C1092B01C10926B1B109218
:1089F0006C1B10926D1B10926E1B0E9496128DE5DF
:108A000092E00E94102E0E94DC2180E00E942D2620
:108A10000FB6F894DEBF0FBECDBF04CC228121116A
:108A200076C09093FF1A0E94DC2181ED93E00E94B2
:108A3000102E0E94DC21D12CC12CFE0131965F0149
:108A40005EED652E53E0752E7E01F1E5EF0EF11C13
:108A50000FEE13E046012AE0821A9108B401092CB6
:108A6000000C880B990B0E94C758562E472E382EA3
:108A7000292EB601DD0C880B990B0E94C758A50161
:108A80000E94E102BF92AF927F926F92FF92EF92AB
:108A90000E941C5CC7010E94102EBF92AF921F93D0
:108AA0000F93FF92EF920E941C5CC7010E94102E50
:108AB000A501F20191016F2F7E2F832F922F0E942B
:108AC000E1022F923F924F925F921F930F93FF927A
:108AD000EF920E941C5CC7010E94102E64010FB629
:108AE000F894DEBF0FBECDBF5EE285165FEF950640
:108AF00009F0B0CF0E94DC211092FF1A1092FA1AEE
:108B00001092FB1A1092FC1A1092FD1A8BCB8381E3
:108B1000811188CB81E0203309F480E08093FF1A33
:108B2000EDCF848181117ECB13811053E281E1541A
:108B3000EE3008F032CC0E2E000CFF0B8827EC55DF
:108B4000FA4B8F4F0C94ED5BB245B645BA45BC4528
:108B5000C045C645CA45D545DF45E745ED45F34522
:108B6000FB45F945812F0E949E045CCB81E00E9469
:108B7000920458CB82E0FBCF812F0E94860452CB17
:108B8000112311F0A59A4ECBA5984DCB812F0E94B1
:108B90007A0448CB112319F00E94740443CB8091CE
:108BA0000201877F809302013ECB80910201112355
:108BB00021F080628093020135CB8F7DF3CF8091CD
:108BC0000201112311F08064F5CF8F7BEBCF1123CD
:108BD00011F0109A27CB109826CB112311F08B9A05
:108BE00021CB8B9820CB112311F05F9A1BCB5F9880
:108BF0001ACB812F77CE80E0BACF8734D1F0883579
:108C000009F010CB8091D81A813009F00BCB8091FC
:108C1000060187E295E00E948B088AEF94E00E94AB
:108C20008B080E94630B1092D81A82E00E94C32521
:108C3000F9CA89E594E00E948B088091001B8C386A
:108C400038F085E594E00E948B088091001B8A58DB
:108C50000E94580886E494E00E948B088091061BCD
:108C60008A5C0E94580886E494E00E948B088091F8
:108C7000041B8F5E0E94580886E494E00E948B08D3
:108C80009091021B85E1891B0E94580886E494E0BC
:108C90000E948B088091031B865A0E94580886E424
:108CA00094E00E948B089091011B8EE5891B0E9425
:108CB00058088091071B882391F089E494E00E9472
:108CC0008B088091071B833039F08E3111F0823090
:108CD00031F40E94580803C080E30E94090689E429
:108CE00094E00E948B088091091B803139F080321A
:108CF00009F443C0811105C085E301C083E30E94EC
:108D0000090689E494E00E948B088091081B88235F
:108D1000B1F187FF03C087E30E9409068091081B19
:108D200086FF03C088E30E94090682E594E00E9462
:108D30008B088091AC1C0E9458088FE494E00E943C
:108D40008B0860910E1B70910F1B8091101B9091EE
:108D5000111B0E94A4078CE494E00E948B08609190
:108D60000A1B70910B1B80910C1B90910D1B40E016
:108D70000E94FA060E94630B55CA84E3C0CF89E3C0
:108D8000D2CF1091D81A123059F40E94062687E2E9
:108D900095E00E948B0889EE94E00E948B08EACF50
:108DA000111127C082E08093D81A87E295E00E94D3
:108DB0008B0882EF94E00E948B080E94630B33CAF9
:108DC000823509F4CAC1833509F457C18E3409F0DC
:108DD0005DCA82E0CD56DF4F8883C359D040F7018A
:108DE000828110E0882309F4EEC111E0992309F48F
:108DF0004ECA18E018CAD70112968C918111CDCABB
:108E000000E0BE016F5F7F4F802F0E944B22182F22
:108E1000811104C087E00E944B0905CA88E794E0ED
:108E20000E948B08063041F0073009F442C086E307
:108E3000800F0E94580804C085E794E00E948B08C8
:108E40008AE30E940906CE0101960E94C0070E9493
:108E5000630B0F5F0830A9F68CE694E00E948B0844
:108E60008FE49BE10E94C0070E94630B86E694E0BA
:108E70000E948B0860916B1B70916C1B80916D1B25
:108E800090916E1B0E94B2070E94630B8FE594E0E5
:108E90000E948B086091B11C7091B21C8091B31C30
:108EA0009091B41C0E94B2070E94630B0E94720B47
:108EB000B9C982E794E0C2CF80919C1C15E084FF81
:108EC000B2C98091060184E08093D81A0E944B0CAD
:108ED000F7018281811120C081E00E94FD3F80E086
:108EE0000E94A32D81E00E94D32A80E00E942D26BB
:108EF00081E08093F91A1091D91A111193C9109237
:108F0000D81A0E94BC1BD70112968C9181118AC974
:108F1000C7010E94C73F87C9938191113ECA883516
:108F200009F48CC00CF083C0813409F036CA0E9469
:108F3000DC218091D91A8111DECF8E010F5A1F4F8B
:108F40008DE0F80111928A95E9F786E0D8011C9628
:108F50008C9320E030E040E450EC6091771C7091FD
:108F6000781C8091791C90917A1C0E94755A4B0153
:108F70005C0120E030E0A9010E94135887FF03C084
:108F8000812C912C54014090A21C5090A31C609005
:108F9000A41C7090A51C6FE67BE1CE0101960E9497
:108FA000380410927B1B10927C1B10927D1B109238
:108FB0007E1BB7FAB094B7F8B0948D869E86AF86C4
:108FC000B88A80E28093DE1AF80140825182628280
:108FD0007382B801CE0101960E94812784E08093BC
:108FE000DC1A0E9440140E94CE0410E28091060117
:108FF00082FF10E01093DE1A0E9440148091CE1A76
:109000008473C1F11091CE1A14FF03C086E00E9450
:10901000AD0315FF03C087E00E94AD038091CF1A16
:10902000882391F00E9406260E94D22064CF8935C1
:1090300049F08A3509F0B1C984E001C081E00E949D
:10904000A32D59CF82E0FBCF84E00E94B3030E949E
:10905000DB1B8091A61C9091A71C0E94B21B109252
:109060007B1B10927C1B10927D1B10927E1B10921A
:10907000DC1A41CF1111BACFEACFF70182818C34CB
:1090800009F08BC98381803509F087C984818111FA
:1090900084C980E80E94BD03C5C882E0CD56DF4F79
:1090A0008883C359D040D70112968C9181112FC06B
:1090B00040E051E06EEA73E0C7010E94AB12892BD9
:1090C00049F4F701108240E051E0B7018EEA93E0E5
:1090D0000E945B1281E894E00E948B08C7010E9405
:1090E000A90B0E94630B8BE794E00E948B0886E536
:1090F0000E9409068EE40E9409068DE40E9409067A
:109100008AE50E94090688E40E94090633CE93E0AE
:10911000CD56DF4F9883C359D0408D3309F03DC9F8
:10912000CD56DF4F8881C359D040F701E80FF11DBC
:109130009081DF0113979C938F5FCD56DF4F88831B
:10914000C359D04080818111EBCF40E051E0B7019D
:109150008EEA93E00E945B1265C8D70112968C914B
:109160001297833509F019C913968C91139784359A
:1091700009F013C914968C9114978D3309F00DC919
:1091800016968C911697811108C915968C91843288
:1091900039F08A32A9F0833209F0FFC882E001C0B9
:1091A00081E00E946C2287E295E00E948B0880EBB0
:1091B00094E00E948B080E94630B0E94062632C82E
:1091C0008FEFEFCF11E0B701812F0E9410228111A4
:1091D00008C087E00E944B09113011F40C94124131
:1091E000F1CF82E395E00E948B08812F0E945808FE
:1091F0008DE30E940906C7010E94A90B0E9447093E
:10920000EBCFCD56DF4FE881C359D04041E04E0F40
:10921000CD56DF4F4883C359D040EE0DFF2DF11DD1
:1092200080818D3309F0B9C8112309F444C050E09E
:10923000CD56DF4F2881C359D040822F90E0D7010F
:10924000A80FB91F3C91841B950BF701E80FF91F7C
:1092500030832F5FCD56DF4F2883C359D0409C9178
:109260009111E6CF1EE0213510F00C941341C70197
:109270000E94102E182F81110C94134169817A815C
:109280008B819C810E94585B4B015C010E94DC2118
:10929000C501B4010E94965821E031E0629FC001EF
:1092A000639F900D112440E051E0B7019D5F0E9443
:1092B0005B120C9413416DEF73E0C7010E94F256EC
:1092C0007C0143E0D42EE114F10421F40E949612B3
:1092D0000C941341CD56DF4F1882C359D040AE01D4
:1092E0004F5F5F4FBE016D567F4FC7010E94B510A3
:1092F000CD56DF4F8881C359D0408F5FCD56DF4FA9
:109300008883C359D040AE014F5A5F4FBE016D569E
:109310007F4FC7010E94B510882311F40C9452416D
:1093200065968CAC9DACAEACBFAC659769817A811B
:109330008B819C810E949658062F88E3800F8A308B
:1093400070F5093C91F00A3C09F1083C31F4C50183
:10935000B4010E9496586093AC1C6DEF73E090E0EE
:1093600080E00E94F2567C01AECF8092AD1C9092BC
:10937000AE1CA092AF1CB092B01C80926B1B90925E
:109380006C1BA0926D1BB0926E1BE7CF8092B11C3C
:109390009092B21CA092B31CB092B41CDECF023DDE
:1093A00010F18EE2800F6D2D0E948A5B292FF4E070
:1093B0008F9FC0011124213059F0223089F08F5342
:1093C000934EDC018D929D92AD92BC921397C5CFC6
:1093D0008752934EFC0180829182A282B382BDCFDC
:1093E0008F50934EEECF043608F43FC0045620E071
:1093F000073090F5802F90E0880F991F880F991FF4
:10940000FC01223051F0233001F1213019F0E95EE6
:10941000F34EE1CFED5CF34EDECFE15BF34E7F0127
:1094200020E030E040E752E4C501B4010E94755AE3
:1094300020E030E040E752E40E94755AD7016D9376
:109440007D938D939C93139788CFE559F34EB7FA8C
:10945000B094B7F8B094BFCF2F5F0A3008F47DCF37
:10946000243009F47ACF0A50C3CFC501B4010E9459
:10947000585B0E949658063208F06FCFE02FF0E05C
:109480008827EA5BF54B8F4F0C94ED5B6C4A724A70
:10949000754A7A4A7D4A874A8F4AAD49AD49AD49F6
:1094A0009C4A9F4AA84AB14AAD49AD49AD49AD4928
:1094B000AD49AD49BD4AC74AD34ADB4ADE4AE74A0D
:1094C000F04AF64AAD49AD49FF4A0A4B134B1B4BD4
:1094D000244B2D4B364B3F4B633008F43ECF60930B
:1094E000871C3BCF60938A1C38CF6093881C0E94F6
:1094F000280533CF6093891CFACF80919C1C66238A
:1095000021F0846080939C1C28CF8B7FFBCF8091BF
:109510009C1C662311F08064F5CF8F7BF3CF809184
:109520009C1C662339F0806880939C1C80E00E941C
:10953000220613CF8F77F8CF60938B1C0ECF8092CB
:109540008C1C90928D1CA0928E1CB0928F1C05CF0B
:109550008092901C9092911CA092921CB092931CAD
:10956000FCCE80919C1C662331F0816080939C1C12
:109570000E94ED21F2CE8E7FF9CF80919C1C662354
:1095800021F084FFEACE8062BDCF8F7DBBCF80917A
:109590009C1C662331F0886080939C1C0E9499116A
:1095A000DCCE877FF9CF80919C1C662311F080610F
:1095B000A9CF8F7CA7CF60939D1CCFCE80929E1C9D
:1095C00090929F1CA092A01CB092A11CC6CE80922B
:1095D000A21C9092A31CA092A41CB092A51CBDCE6C
:1095E00070E07093A71C6093A61CB7CE8092A81C55
:1095F0009092A91CA092AA1CB092AB1CAECE8092F5
:10960000941C9092951CA092961CB092971C0E945C
:10961000D81CA3CE8092981C9092991CA0929A1C60
:10962000B0929B1CF4CF80919C1C662311F0826049
:1096300069CF8D7F67CF8092B51C9092B61CA092A7
:10964000B71CB092B81C89CE8092B91C9092BA1CFB
:10965000A092BB1CB092BC1C80CE8092BD1C90928C
:10966000BE1CA092BF1CB092C01C77CE8092591D28
:1096700090925A1DA0925B1DB0925C1D6ECEC501EA
:10968000B4010E94965860935D1D67CE1F920F92A1
:109690000FB60F9211240BB60F922F933F934F9357
:1096A0005F936F937F938F939F93AF93BF93EF934A
:1096B000FF93809106018A789091CD1A981749F00E
:1096C0008093CD1A909103029093CC1A91E09093DD
:1096D000CB1A9091CC1A91110CC09091D81A91305C
:1096E00041F09091CB1A992321F01092CB1A0E944D
:1096F0006027FF91EF91BF91AF919F918F917F91E3
:109700006F915F914F913F912F910F900BBE0F90F2
:109710000FBE0F901F9018951F920F920FB60F92C9
:1097200011248F939F9392B18091F00E8E7F917050
:10973000892B82B915BC9F918F910F900FBE0F900E
:109740001F9018951F920F920FB60F9211240BB60F
:109750000F920F931F932F933F934F935F936F93AA
:109760007F938F939F93AF93BF93EF93FF938091DA
:10977000F20E811173C398B18091120F8E7F917098
:10978000892B88B982B181709091110F892B82B990
:109790008091100F86BD82E085BD81E08093F20E3E
:1097A00078948091340F9091350F892B09F0F8C08F
:1097B0008091111990916319981709F43FC3809112
:1097C000111998E0899FD0011124FD01ED5EF64E3C
:1097D000F093350FE093340F228133813093890069
:1097E00020938800208131813093300F20932F0FF8
:1097F000E4812091310F2E17A1F1E093310F82E225
:10980000E89FF0011124EA59F64EF093330FE093EC
:10981000320F448D558D668D778D7695679557956A
:1098200047954093FB0E5093FC0E6093FD0E709392
:10983000FE0E4093F70E5093F80E6093F90E70935E
:10984000FA0E4093F30E5093F40E6093F50E70935E
:10985000F60E4093FF0E5093000F6093010F70932C
:10986000020FE091320FF091330F20A13091F10EF1
:1098700023272093120FAD5EB64E15969C91159737
:109880004081518162817381092E04C0769567956C
:10989000579547950A94D2F74093130F5093140F9E
:1098A0006093150F7093160F4481558166817781FF
:1098B000092E04C076956795579547950A94D2F777
:1098C0004093170F5093180F6093190F70931A0F4E
:1098D0004085518562857385092E04C0769567950C
:1098E000579547950A94D2F740931B0F50931C0F3E
:1098F00060931D0F70931E0F44855585668577858F
:10990000092E04C076956795579547950A94D2F726
:1099100040931F0F5093200F6093210F7093220FDD
:109920004089518962897389092E04C076956795AB
:10993000579547950A94D2F74093230F5093240FDD
:109940006093250F7093260F44895589668977891E
:10995000092E04C076956795579547950A94D2F7D6
:109960004093270F5093280F6093290F70932A0F6D
:10997000408D518D628D738D04C076956795579596
:1099800047959A95D2F740932B0F50932C0F6093E5
:109990002D0F70932E0F16968D919C910E94E004CE
:1099A0008091EF0E8130B9F4809109018C70909113
:1099B000D20E891781F01092EF0E8CE1EFE6FBE1F9
:1099C000A3EDBEE001900D928A95E1F78091CE1A49
:1099D00080648093CE1A1092110F4091F30E509133
:1099E000F40E6091F50E7091F60E8091130F909128
:1099F000140FA091150FB091160F480F591F6A1F31
:109A00007B1F4093F30E5093F40E6093F50E70930A
:109A1000F60EE091320FF091330F848D958DA68D67
:109A2000B78D84179507A607B70730F524E0209374
:109A3000110F481B590B6A0B7B0B4093F30E50938D
:109A4000F40E6093F50E7093F60E40916F1B5091DB
:109A5000701B6091711B7091721B20A127FF13C2B4
:109A6000415051096109710940936F1B5093701B5C
:109A70006093711B7093721B4091F70E5091F80E1A
:109A80006091F90E7091FA0E0091170F1091180F56
:109A90002091190F30911A0F400F511F621F731F31
:109AA0004093F70E5093F80E6093F90E7093FA0EF0
:109AB00084179507A607B70740F52091110F286076
:109AC0002093110F481B590B6A0B7B0B4093F70E29
:109AD0005093F80E6093F90E7093FA0E4091731B39
:109AE0005091741B6091751B7091761B20A126FF0D
:109AF000CFC141505109610971094093731B5093C3
:109B0000741B6093751B7093761B4091FB0E5091F4
:109B1000FC0E6091FD0E7091FE0E00911B0F1091D6
:109B20001C0F20911D0F30911E0F400F511F621FFF
:109B3000731F4093FB0E5093FC0E6093FD0E7093C9
:109B4000FE0E84179507A607B70740F52091110F61
:109B500020612093110F481B590B6A0B7B0B40931C
:109B6000FB0E5093FC0E6093FD0E7093FE0E409121
:109B7000771B5091781B6091791B70917A1B20A103
:109B800025FF8BC141505109610971094093771B31
:109B90005093781B6093791B70937A1B4091FF0E52
:109BA0005091000F6091010F7091020F00911F0FF3
:109BB0001091200F2091210F3091220F400F511F43
:109BC000621F731F4093FF0E5093000F6093010FAD
:109BD0007093020F84179507A607B70740F52091E9
:109BE000110F20622093110F481B590B6A0B7B0B3E
:109BF0004093FF0E5093000F6093010F7093020F7C
:109C000040917B1B50917C1B60917D1B70917E1B52
:109C100020A124FF47C141505109610971094093B6
:109C20007B1B50937C1B60937D1B70937E1B40912C
:109C3000030F5091040F6091050F7091060F009172
:109C4000230F1091240F2091250F3091260F400FE4
:109C5000511F621F731F4093030F5093040F6093B3
:109C6000050F7093060F84179507A607B70740F5F1
:109C70002091110F20642093110F481B590B6A0B80
:109C80007B0B4093030F5093040F6093050F709369
:109C9000060F40917F1B5091801B6091811B70913A
:109CA000821B20A123FF03C14150510961097109A1
:109CB00040937F1B5093801B6093811B7093821B8A
:109CC0004091070F5091080F6091090F70910A0F92
:109CD0000091270F1091280F2091290F30912A0F02
:109CE000400F511F621F731F4093070F5093080FBF
:109CF0006093090F70930A0F84179507A607B7079B
:109D000040F52091110F20682093110F481B590B2B
:109D10006A0B7B0B4093070F5093080F6093090F5A
:109D200070930A0F4091831B5091841B6091851B97
:109D30007091861B20A122FFBFC0415051096109CB
:109D400071094093831B5093841B6093851B709310
:109D5000861B40910B0F50910C0F60910D0F70916D
:109D60000E0F00912B0F10912C0F20912D0F309181
:109D70002E0F400F511F621F731F40930B0F509304
:109D80000C0F60930D0F70930E0F84179507A607A5
:109D9000B70738F52091110F22602093110F481B4F
:109DA000590B6A0B7B0B40930B0F50930C0F609376
:109DB0000D0F70930E0F8091871B9091881BA091BF
:109DC000891BB0918A1B20A121FF7BC00197A109AB
:109DD000B1098093871B9093881BA093891BB09334
:109DE0008A1B8091D81A843039F48091DE1A9091C0
:109DF000110F89238093110F80912F0F9091300FB5
:109E000001979093300F80932F0F892B69F4109254
:109E1000350F1092340F809111198F5F80931119B3
:109E20008A3011F4109211198091110F9091F00E57
:109E300089278093110F1092F20E10C00E94BC1B54
:109E4000E091320FF091330F81A1882321F090E04F
:109E500080E00E94E00484E00E94BD03FF91EF9146
:109E6000BF91AF919F918F917F916F915F914F9132
:109E70003F912F911F910F910F900BBE0F900FBE2E
:109E80000F901F9018954F5F5F4F6F4F7F4FECCD36
:109E90004F5F5F4F6F4F7F4F30CE4F5F5F4F6F4FC2
:109EA0007F4F74CE4F5F5F4F6F4F7F4FB8CE4F5F86
:109EB0005F4F6F4F7F4FFCCE4F5F5F4F6F4F7F4FB6
:109EC00040CF0196A11DB11D84CF1F920F920FB6F6
:109ED0000F9211248F938091CD0E8F5F8093CD0EC2
:109EE0008F910F900FBE0F901F9018951F920F9299
:109EF0000FB60F9211240BB60F928F939F93EF938F
:109F0000FF938091CA0DE82FF0E0E653F34F908164
:109F1000909336018F5F8093CA0D9091C90C98136E
:109F200005C0809131018F7D80933101FF91EF91C8
:109F30009F918F910F900BBE0F900FBE0F901F90AF
:109F400018951F920F920FB60F9211240BB60F9215
:109F50002F938F939F93EF93FF9390913601E0910E
:109F6000C80C81E08E0F2091C70C281731F0F0E06B
:109F7000E953F44F90838093C80CFF91EF919F9128
:109F80008F912F910F900BBE0F900FBE0F901F90CF
:109F900018951F920F920FB60F9211240BB60F92C5
:109FA0008F939F93EF93FF938091C60BE82FF0E080
:109FB000EA53F54F90819093D6008F5F8093C60B44
:109FC0009091C50A981305C08091D1008F7D809330
:109FD000D100FF91EF919F918F910F900BBE0F9049
:109FE0000FBE0F901F9018951F920F920FB60F92F1
:109FF00011240BB60F922F938F939F93EF93FF93A0
:10A000009091D600E091D31A81E08E0F2091D21A60
:10A01000281731F0F0E0EB53F64F90838093D31A7A
:10A02000FF91EF919F918F912F910F900BBE0F9009
:10A030000FBE0F901F9018951F920F920FB60F92A0
:10A0400011240BB60F928F939F93EF93FF93809100
:10A05000C409E82FF0E0EC53F74F90819093CE00C5
:10A060008F5F8093C4099091C308981305C08091B5
:10A07000C9008F7D8093C900FF91EF919F918F91CF
:10A080000F900BBE0F900FBE0F901F9018951F9250
:10A090000F920FB60F9211240BB60F922F938F933E
:10A0A0009F93EF93FF939091CE00E091CC0E81E0CF
:10A0B0008E0F2091CB0E281731F0F0E0E553F24FD0
:10A0C00090838093CC0EFF91EF919F918F912F9170
:10A0D0000F900BBE0F900FBE0F901F9018951F9200
:10A0E0000F920FB60F9211240BB60F922F933F933E
:10A0F0004F935F936F937F938F939F93AF93BF9390
:10A10000EF93FF93E091C600E13209F465C008F0D7
:10A1100043C0E83109F449C0E7FFC7C0E558E3335D
:10A1200008F045C0F0E08827E756FF4A8F4F0C94AF
:10A13000ED5BEE50D750D750D750D750D750D750AF
:10A14000D750D750D750D750F450F850FA50FC5051
:10A15000FE50005102510451D75006510A510C5182
:10A160000E5110511251D7501451165118511C5103
:10A170001E5122512451265128512E512C5130511B
:10A18000325134513751D7503D51415145514951C8
:10A190004D514F5151515351EF33E1F082E0EE37C1
:10A1A00009F0BACF0E94BD0302C00E940626FF91AB
:10A1B000EF91BF91AF919F918F917F916F915F913F
:10A1C0004F913F912F910F900BBE0F900FBE0F90AC
:10A1D0001F90189581E0E6CF88E0E4CF8091D81AEF
:10A1E00085FFE5CF80E4DECF81E00E94A403DFCFCE
:10A1F00082E0FBCF84E0F9CF88E0F7CF80E1F5CFB4
:10A2000080E2F3CF80E4F1CF80E8EFCF81E00E94DD
:10A210009B03CDCF82E0FBCF84E0F9CF88E0F7CF7E
:10A2200080E1F5CF80E2F3CF80E4F1CF80E8EFCF9B
:10A2300081E00E949E04BBCF80E0FBCF81E00E94C2
:10A240007A04B5CF80E0FBCF8B9AB1CF8B98AFCF9C
:10A2500081E00E949204ABCF82E0FBCF80E0F9CF97
:10A26000A59AA5CFA598A3CF0E947404A0CF8091F2
:10A270000201877F809302019ACF80910201806260
:10A28000F9CF809102018F7DF5CF8091020180642A
:10A29000F1CF809102018F7BEDCF109A88CF10987B
:10A2A00086CF5F9A84CF5F9882CFA091C20881E069
:10A2B0008A0F9091C108981709F479CFB0E0AF5395
:10A2C000B84FEC938093C20872CF1F920F920FB6D3
:10A2D0000F9211240BB60F928F939F93EF93FF93DE
:10A2E0008091C007E82FF0E0E054F94F90819093FF
:10A2F000C6008F5F8093C0079091BF06981305C07A
:10A300008091C1008F7D8093C100FF91EF919F915B
:10A310008F910F900BBE0F900FBE0F901F9018954E
:10A320001F920F920FB60F9211240BB60F92CF927D
:10A33000DF92EF92FF920F931F932F933F934F93D0
:10A340005F936F937F938F939F93AF93BF93EF939D
:10A35000FF93CF93DF93CDB7DEB72897DEBFCDBF96
:10A36000809160008F7B809360008091D81A81304B
:10A3700059F18091CF1A811127C013B180919C1C93
:10A3800086FF43C01E7701F10E940626CE0101968A
:10A390007C010896F701212F217021931695E8176B
:10A3A000F907C9F78F01F80182918F01805D0E9442
:10A3B0000906E016F106B9F70FB6F894DEBF0FBE36
:10A3C000CDBF81E00E94AD0328960FB6F894DEBFA2
:10A3D0000FBECDBFDF91CF91FF91EF91BF91AF91B4
:10A3E0009F918F917F916F915F914F913F912F91AD
:10A3F0001F910F91FF90EF90DF90CF900F900BBEC9
:10A400000F900FBE0F901F9018951095BBCF1F9205
:10A410000F920FB60F9211248F938091600086FDEA
:10A4200005C0809160008064809360008F910F90E0
:10A430000FBE0F901F9018951F920F920FB60F929C
:10A4400011240BB60F922F933F934F935F936F930B
:10A450007F938F939F93AF93BF93EF93FF938091DD
:10A46000ED1A882309F460C08091690490916A0410
:10A47000A0916B04B0916C0480369A4EA105B10591
:10A4800050F01092690410926A0410926B041092BA
:10A490006C0480E022C08091690490916A04A091CC
:10A4A0006B04B0916C040196A11DB11D80936904E9
:10A4B00090936A04A0936B04B0936C048091690438
:10A4C00090916A04A0916B04B0916C04803F924D0E
:10A4D000A105B10509F065C081E00E948604809164
:10A4E000F41A882309F14091650450916604609143
:10A4F000670470916804403355476105710508F0A1
:10A5000097C08091650490916604A0916704B09112
:10A5100068040196A11DB11D8093650490936604A3
:10A52000A0936704B09368048091CB1A8823A9F0A4
:10A530008091CC1A81508093CC1A8091CC1A8111D1
:10A540000CC08091060180958A780E946027109245
:10A55000CB1A809103028093CC1A8091FF1A882332
:10A5600009F482C0809164048F5F809364048A3010
:10A5700008F470C0109264040E94BF2DFF91EF9107
:10A58000BF91AF919F918F917F916F915F914F910B
:10A590003F912F910F900BBE0F900FBE0F901F9009
:10A5A00018958091690490916A04A0916B04B09110
:10A5B0006C048C31944DA105B10509F46ACF8091EA
:10A5C000690490916A04A0916B04B0916C04883F77
:10A5D000994DA105B10509F47FCF8091690490914F
:10A5E0006A04A0916B04B0916C0484329B4DA10568
:10A5F000B10509F44ECF8091690490916A04A0914D
:10A600006B04B0916C048115914EA105B10509F45C
:10A6100063CF8091690490916A04A0916B04B0911A
:10A620006C048C32924EA105B10509F058CF31CFA0
:10A63000813061F482E00E949204109265041092CD
:10A64000660410926704109268046ECF8230A9F7F6
:10A6500081E0F1CF80916304109263048F3F09F48D
:10A660008DCF0E94F2118ACF809161049091620493
:10A67000C29788F48091610490916204019690934E
:10A68000620480936104809160048F5F843688F453
:10A690008093600473CF109262041092610489B1B8
:10A6A000869581708093F51A89B181708093F61A2E
:10A6B000EACF109260048091D41A9091D51AA0919B
:10A6C000D61AB091D71A0196A11DB11D8093D41A44
:10A6D0009093D51AA093D61AB093D71A4FCFCF9391
:10A6E000DF93CDB7DEB7CA57D1090FB6F894DEBFF6
:10A6F0000FBECDBF9A9A819A829A879A9D9A6B9A39
:10A700008091010188608093010180910101806244
:10A710008093010180910101806480930101089A76
:10A72000839A579A0E941513F89410922001109260
:10A730002101109225011092240183EC99E090935D
:10A740002901809328018091210188608093210153
:10A750008091210183608093210180917300826048
:10A760008093730078945198599A5098589A849885
:10A770008C9880917E00806180937E0010927C0096
:10A7800080917C00806480937C0080917C00846058
:10A7900080937C0080917A00876080937A0080911A
:10A7A0007A00806880937A0010926D0410926E0493
:10A7B00010926F041092700410927104109272043F
:10A7C000109273041092740410927604109275041F
:10A7D00010927704109278041092790410927A04FF
:10A7E00010927B0410927C0410927D0410927E04DF
:10A7F00010927F0410928004109281048091C00016
:10A8000082608093C0001092C50090E19093C400D4
:10A810008091C10088698093C1008091C8008260E6
:10A820008093C8001092CD0082E28093CC0080918A
:10A83000C90088698093C9008091D0008D7F809382
:10A84000D0001092D50087E68093D4008091D1008B
:10A8500088698093D10080913001826080933001BB
:10A860001092350190933401809131018869809371
:10A87000310190E080E00E94A3128A3009F483C184
:10A8800087E00E944B098FEF0E946C220E94D00942
:10A8900081B18E6F81B987B18E6F87B98091810048
:10A8A0008F7E8093810080918100886080938100F9
:10A8B000809180008C7F80938000809180008F70D9
:10A8C0008093800080916E00887F80936E0014BC1E
:10A8D00015BC80916E00816080936E0080910701AD
:10A8E000857780930701809108018577809308011F
:10A8F00080916D008A6880936D008091680084600B
:10A90000809368007894CC24C39444E6B42EA8EDD8
:10A91000BAE1E8E21D92EA95E9F7C092D81AB0923E
:10A92000DF1AB092E01AB092E11A8091D41A909195
:10A93000D51AA091D61AB091D71A8093E91A90939C
:10A94000EA1AA093EB1AB093EC1A1092EF0E109241
:10A95000CE1A1092CF1A1092D01A1092D11A80915A
:10A96000C2088093C108A0E0BBE1EBE61D92EA9526
:10A97000E9F78091AD1C9091AE1CA091AF1CB091F5
:10A98000B01C80936B1B90936C1BA0936D1BB093BA
:10A990006E1B63E37BE180E00E944B22811103C0C8
:10A9A00087E00E944B090E94D81C0E949911809157
:10A9B0000A018C7F80930A0180910B018360809350
:10A9C0000B0185988D9A86988E9A80910A018F7CCA
:10A9D00080930A0180910B01806380930B01809129
:10A9E0000A01837F80930A0180910B018C60809320
:10A9F0000B0180E00E9422060E9415130E9404139E
:10AA00000E94DB1B6C9A749A80910A018068809383
:10AA10000A0180910A01806480930A01999A989AA8
:10AA200001E010E021E030E041E050E061E070E062
:10AA300081E090E00E94FC2481E00E94C3250E94F6
:10AA4000B50B0E94351280919C1C83FF10C00E94A0
:10AA50006E11882361F0C092D81A87E295E00E94B7
:10AA60008B0881ED94E00E948B080E94630B80911B
:10AA7000D81A817809F493C087E295E00E948B0888
:10AA80008CE095E00E948B080E94630BC092D81A5C
:10AA900000E0E12C10E0F12C9091C1088091C208F7
:10AAA000981759F0E92FF0E0EF53F84F80819F5F3E
:10AAB0009093C1088F3F09F07BC09091C70C8091A3
:10AAC000C80C981300C10E94EC0E4090D41A50900C
:10AAD000D51A6090D61A7090D71AE7968CAD9DADB6
:10AAE000AEADBFADE79784159505A605B705F1F1A5
:10AAF0008CE1EFE6FBE1DE01AB5ABF4F01900D9216
:10AB00008A95E1F7BE016B5A7F4FCE01C9960E942C
:10AB10003804BE016B5A7F4FCE014D960E94380417
:10AB20008CE30E94A20580918B1C982F9170A92E16
:10AB300080FFF3C08091E41A882309F4EEC086EC0C
:10AB400092E00E947D08CE01C9960E94D5068FEB47
:10AB500092E00E947D08CE014D960E94D5068EE3BC
:10AB60000E94A2058CEB92E00E947D080E94D220F8
:10AB70008091D91A8111CBCEE7964CAE5DAE6EAE08
:10AB80007FAEE79789CF47E451E061E070E087E16D
:10AB90009CE10E94AB12892B09F07ACE71CE109203
:10ABA000D81A8091060182E895E00E94C73F70CFD5
:10ABB0008A3011F08D3049F50E94D2208091D91A47
:10ABC0008111A5CEE12FF0E0EE57FA4F10828BE015
:10ABD000F0FC13C080918205811103C00E945709C7
:10ABE00059CF843229F482E895E00E94D540F6CF0F
:10ABF0008091D81A817221F089E00E944B094ACFD6
:10AC000082E895E00E94102EE9CFFF2031F08932D2
:10AC100009F042CFE894F1F83FCF813208F43CCFFD
:10AC20008F3209F439CF883281F08B3389F01F3F9E
:10AC300091F0E12FF0E0EE57FA4F1F5F9FE9980F78
:10AC40009A3108F48052808327CF32E0F32E24CF4C
:10AC500024E0F22E21CFFF24F3941ECF8091D81A46
:10AC6000817209F057C082E894E00E94102E52C011
:10AC7000EE2031F0893209F020CFE894E1F81DCFC1
:10AC8000982F9B7F9B3209F418CF813208F415CF9F
:10AC9000883281F08B3389F00F3F91F0E02FF0E0A4
:10ACA000EE57FB4F0F5F9FE9980F9A3108F48052DF
:10ACB000808303CF92E0E92E00CF84E0E82EFDCE22
:10ACC000EE24E394FACEE92FF0E0E953F44F8081CB
:10ACD0009F5F9093C70C8F3F09F4F5CE8A3011F037
:10ACE0008D3031F60E94D2208091D91A81110FCE79
:10ACF000E02FF0E0EE57FB4F1082E0FC0BC080919C
:10AD00008204882339F0843209F0A8CF82E894E0E5
:10AD10000E94D54000E0E12CD0CE80916B1B909139
:10AD20006C1BA0916D1BB0916E1BEB968CAF9DAF11
:10AD3000AEAFBFAFEB97A3E3BBE1E396BFAFAEAF60
:10AD4000E397FE0131961F01CE014D964C01DD24A3
:10AD5000D394E396AEADBFADE3976D917D918D91A8
:10AD60009D91E396BFAFAEAFE39758962D913D917D
:10AD70004D915C915B970E941E57F1016193719315
:10AD8000819391931F01F3E0DF1229C0EB962CAD64
:10AD90003DAD4EAD5FADEB970E941E5769877A8738
:10ADA0008B879C87A11016C0F101349720813181D7
:10ADB00042815381D4016D917D918D919C910E942E
:10ADC0001D57F4016083718382839383F7E0DF165C
:10ADD00009F4B5CED39494E0890E911CBACFAA2081
:10ADE00019F3F4CF4EE55DE10C94F656FA01A1910A
:10ADF000B081009719F41097E1F0CD01DC01CD018D
:10AE00000D90002011F4C00113C0FB0121912223F9
:10AE100019F02015D9F7F3CFFB012191201519F472
:10AE20001E92119606C02223C1F70D900020A1F7B3
:10AE3000D001FA01A193B08308955058BB27AA27E7
:10AE40000E9435570C94CF590E94965938F00E94B1
:10AE50009D5920F039F49F3F19F426F40C946C5955
:10AE60000EF4E095E7FB0C943D59E92F0E94F4594C
:10AE700058F3BA17620773078407950720F079F42F
:10AE8000A6F50C942E5A0EF4E0950B2EBA2FA02D99
:10AE90000B01B90190010C01CA01A0011124FF2787
:10AEA000591B99F0593F50F4503E68F11A16F04082
:10AEB000A22F232F342F4427585FF3CF4695379581
:10AEC0002795A795F0405395C9F77EF41F16BA0B46
:10AED000620B730B840BBAF09150A1F0FF0FBB1FF4
:10AEE000661F771F881FC2F70EC0BA0F621F731F3D
:10AEF000841F48F4879577956795B795F7959E3F9A
:10AF000008F0B0CF9395880F08F09927EE0F97952A
:10AF1000879508950E94965960F080E891E009F4C1
:10AF20009EEF0E949D5928F040E851E071F45EEFD9
:10AF30000CC00C946C590C942E5AE92FE0780E94A6
:10AF4000F45940F3092E052AB1F3261737074807AD
:10AF5000590738F00E2E07F8E02569F0E025E06487
:10AF60000AC0EF6307F8009407FADB01B9019D01FD
:10AF7000DC01CA01AD01EF930E9434580E94CF5901
:10AF80000E94CD575F91552339F02BED3FE049E406
:10AF900050FD49EC0C941E570895DF93DD27B92F1F
:10AFA000BF7740E85FE31616170648075B0718F4FB
:10AFB000D92F0E943A5A9F938F937F936F930E9449
:10AFC000545BE4EEF0E00E946F590E94CF592F913C
:10AFD0003F914F915F910E94885ADD2351F0905824
:10AFE000A2EA2AED3FE049EC5FE3D0785D270E94BA
:10AFF0003557DF910C94CF590E94165A90F09F3725
:10B0000048F4911116F40C942F5A60E070E080E837
:10B010009FE3089526F01B16611D711D811D0C9480
:10B0200043590C945E590E94195908F481E008951F
:10B030000E94A659E3950C94E0590E9431580C9453
:10B04000CF590E949D5958F00E94965940F029F41A
:10B050005F3F29F00C943D5951110C942F5A0C94D8
:10B060006C590E94F45968F39923B1F3552391F375
:10B07000951B550BBB27AA2762177307840738F067
:10B080009F5F5F4F220F331F441FAA1FA9F335D0C4
:10B090000E2E3AF0E0E832D091505040E695001C78
:10B0A000CAF72BD0FE2F29D0660F771F881FBB1F32
:10B0B000261737074807AB07B0E809F0BB0B802D10
:10B0C000BF01FF2793585F4F3AF09E3F510578F03C
:10B0D0000C943D590C942F5A5F3FE4F3983ED4F3FF
:10B0E000869577956795B795F7959F5FC9F7880F10
:10B0F000911D9695879597F90895E1E0660F771F62
:10B10000881FBB1F621773078407BA0720F0621BF2
:10B11000730B840BBA0BEE1F88F7E09508950E941D
:10B1200096586894B1110C942F5A08950E94FC59B6
:10B1300088F09F5798F0B92F9927B751B0F0E1F0F8
:10B14000660F771F881F991F1AF0BA95C9F714C0A8
:10B15000B13091F00E942E5AB1E008950C942E5A0D
:10B16000672F782F8827B85F39F0B93FCCF38695E1
:10B1700077956795B395D9F73EF49095809570953E
:10B1800061957F4F8F4F9F4F0895E89409C097FBBB
:10B190003EF490958095709561957F4F8F4F9F4FAE
:10B1A0009923A9F0F92F96E9BB279395F6958795F2
:10B1B00077956795B795F111F8CFFAF4BB0F11F4B5
:10B1C00060FF1BC06F5F7F4F8F4F9F4F16C088235C
:10B1D00011F096E911C0772321F09EE8872F762F92
:10B1E00005C0662371F096E8862F70E060E02AF0D3
:10B1F0009A95660F771F881FDAF7880F96958795BF
:10B2000097F908950E94165A90F09F3748F49111CB
:10B2100016F00C942F5A60E070E080E89FEB0895E0
:10B2200026F41B16611D711D811D0C9443590C944D
:10B230005E59990F0008550FAA0BE0E8FEEF1616AD
:10B240001706E807F907C0F012161306E407F5071A
:10B2500098F0621B730B840B950B39F40A2661F08E
:10B26000232B242B252B21F408950A2609F4A14031
:10B27000A6958FEF811D811D089597F99F6780E83E
:10B2800070E060E00895882371F4772321F09850EE
:10B29000872B762F07C0662311F499270DC0905194
:10B2A000862B70E060E02AF09A95660F771F881F62
:10B2B000DAF7880F9695879597F908959F3F31F0B3
:10B2C000915020F4879577956795B795880F911DD4
:10B2D0009695879597F908959FEF80EC0895DF93F1
:10B2E000CF931F930F93FF92EF92DF927B018C011C
:10B2F000689406C0DA2EEF010E94885AFE01E89495
:10B30000A5912591359145915591A6F3EF010E94A4
:10B310003557FE019701A801DA9469F7DF90EF90A5
:10B32000FF900F911F91CF91DF91089500240A940F
:10B330001616170618060906089500240A94121610
:10B3400013061406050608950C946C590E94FC59C6
:10B35000D8F3E894E0E0BB279F57F0F02AED3FE0F8
:10B3600049EC06C0EE0FBB0F661F771F881F28F041
:10B37000B23A62077307840728F0B25A620B730B64
:10B38000840BE3959A9572F7803830F49A95BB0F49
:10B39000661F771F881FD2F790480C946059092EBA
:10B3A0000394000C11F4882352F0BB0F40F4BF2B20
:10B3B00011F460FF04C06F5F7F4F8F4F9F4F089560
:10B3C000EF93E0FF07C0A2EA2AED3FE049EC5FEB14
:10B3D0000E9435570E94CF590F90039401FC90585A
:10B3E000E1E1F1E00C946A5B57FD9058440F551F62
:10B3F00059F05F3F71F04795880F97FB991F61F0F7
:10B400009F3F79F087950895121613061406551F6D
:10B41000F2CF4695F1DF08C0161617061806991FD9
:10B42000F1CF869571056105089408950E94FC5935
:10B43000A0F0BEE7B91788F4BB279F3860F4161652
:10B44000B11D672F782F8827985FF7CF869577955E
:10B450006795B11D93959639C8F30895E894BB2775
:10B4600066277727CB0197F908950E94195908F4A8
:10B470008FEF08959B01AC0160E070E080E89FE3EE
:10B480000C941D580E94FC5958F19E5760F1985138
:10B49000A0F0E9F0983020F5092E9927660F771F64
:10B4A000881F991F0A94D1F712C0062E672F782F94
:10B4B0008827985F11F4000C07C0993FB4F3869574
:10B4C000779567959395D9F7611D711D811D3EF4A0
:10B4D00090958095709561957F4F8F4F9F4F089500
:10B4E00068940C942F5A0C942E5A0E94885A0C94EB
:10B4F000CF590E94965938F00E949D5920F095230B
:10B5000011F00C943D590C946C5911240C942F5A41
:10B510000E94F45970F3959FC1F3950F50E0551FA9
:10B52000629FF001729FBB27F00DB11D639FAA2798
:10B53000F00DB11DAA1F649F6627B00DA11D661FE7
:10B54000829F2227B00DA11D621F739FB00DA11D08
:10B55000621F839FA00D611D221F749F3327A00DC2
:10B56000611D231F849F600D211D822F762F6A2F5E
:10B5700011249F5750409AF0F1F088234AF0EE0FC3
:10B58000FF1FBB1F661F771F881F91505040A9F7F0
:10B590009E3F510580F00C943D590C942F5A5F3F0B
:10B5A000E4F3983ED4F3869577956795B795F7952C
:10B5B000E7959F5FC1F7FE2B880F911D96958795A4
:10B5C00097F908950E94FC59E8F09E37E8F0963903
:10B5D000B8F49E3848F4672F782F8827985FF9CF02
:10B5E00086957795679593959539D0F3B62FB17079
:10B5F0006B0F711D811D20F4879577956795939545
:10B600000C9443590C945E590C942F5A9F930E94AA
:10B61000A6590F9007FCEE5F0C94E05919F416F44C
:10B620000C946C590C945E590E94FC59B8F3992300
:10B63000C9F3B6F39F57550B87FF0E94635B002445
:10B64000A0E640EA900180585695979528F4805CD2
:10B65000660F771F881F20F026173707480730F43A
:10B66000621B730B840B202931294A2BA695179452
:10B670000794202531254A2758F7660F771F881F22
:10B6800020F026173707480730F4620B730B840B42
:10B69000200D311D411DA09581F7B901842F9158CE
:10B6A000880F9695879508959B01AC010C94755A67
:10B6B0000E94165A30F09F3710F40C942F5A0C94B5
:10B6C00043590C945E5991505040660F771F881F64
:10B6D000D2F708959F938F937F936F93FF93EF9388
:10B6E0009B01AC010E94755AEF91FF910E946F5926
:10B6F0002F913F914F915F910C94755A991B79E06E
:10B7000004C0991F961708F0961B881F7A95C9F7F1
:10B710008095089587FB082E062687FD819567FD95
:10B7200061950E947E5B0EF4919507FC81950895CA
:10B73000AA1BBB1B51E107C0AA1FBB1FA617B70757
:10B7400010F0A61BB70B881F991F5A95A9F7809573
:10B750009095BC01CD010895A1E21A2EAA1BBB1B36
:10B76000FD010DC0AA1FBB1FEE1FFF1FA217B307CD
:10B77000E407F50720F0A21BB30BE40BF50B661FE3
:10B78000771F881F991F1A9469F7609570958095A7
:10B7900090959B01AC01BD01CF010895052E97FB4B
:10B7A0001EF400940E94E55B57FD07D00E94AC5B3D
:10B7B00007FC03D04EF40C94E55B50954095309512
:10B7C00021953F4F4F4F5F4F08959095809570950D
:10B7D00061957F4F8F4F9F4F0895EE0FFF1F881F7A
:10B7E0008BBF0790F691E02D19940E94005CA59FF5
:10B7F000900DB49F900DA49F800D911D112408956C
:10B80000A29FB001B39FC001A39F700D811D1124A1
:10B81000911DB29F700D811D1124911D0895FB0192
:10B82000DC0104C08D910190801921F441505040F9
:10B83000C8F7881B990B08950F931F93CF93DF933D
:10B84000CDB7DEB72E970FB6F894DEBF0FBECDBFD3
:10B850000E891F8986E08C831A8309838FEF9FE707
:10B860009E838D83AE01465E5F4F688D798DCE01DC
:10B8700001960E944C5C2F813885020F131FF8013E
:10B8800010822E960FB6F894DEBF0FBECDBFDF91AB
:10B89000CF911F910F9108952F923F924F925F92F7
:10B8A0006F927F928F929F92AF92BF92CF92DF92D0
:10B8B000EF92FF920F931F93CF93DF9300D000D0AE
:10B8C00000D01F921F92CDB7DEB77C013B018A01E9
:10B8D000FC0117821682838181FFDDC1CE010196B2
:10B8E0005C01F7019381F30193FD859193FF8191B1
:10B8F0003F01882309F453C1853239F493FD8591C2
:10B9000093FF81913F01853229F4B70190E00E94B5
:10B91000645EE7CF912C212C312CFFE1F31538F038
:10B920008B3211F190F4803209F1833229F137FC26
:10B930003CC020ED280F2A3050F536FE20C08AE0AA
:10B94000989E200D1124922E06C08D3291F08033E6
:10B9500071F7689430F8F30193FD859193FF81911D
:10B960003F018111DACF21C0689431F8689432F830
:10B97000F2CF689433F8EFCF689434F8ECCFEAE074
:10B980002E9E200D1124222E689435F8E4CF8E329D
:10B9900029F436FC04C1689436F8DDCF8C3619F4EE
:10B9A000689437F8D8CF8836B1F2982F9F7D955498
:10B9B0009330E0F08336A1F18337C1F1833509F08C
:10B9C00063C02801F2E04F0E511CF801C080D18005
:10B9D000692D70E036FC02C06FEF7FEFC6010E9458
:10B9E0004E5E4C01689437F882010AC00C5F1F4F0D
:10B9F000FFE3F98388248394912C6501E89437F858
:10BA000033FE2DC0522C8114910471F5552009F498
:10BA100068CFB70180E290E00E94645E5A94F6CF4E
:10BA2000F801808189830E5F1F4FE4CF2801F2E087
:10BA30004F0E511CF801C080D180692D70E036FC9A
:10BA400002C06FEF7FEFC6010E94595E4C01820178
:10BA5000D5CFB70180E290E00E94645E2A9428145A
:10BA6000190409F0B0F7CECFF60137FC859137FE07
:10BA700081916F01B70190E00E94645E51105A9469
:10BA8000F1E08F1A9108BFCF843619F0893609F09A
:10BA900077C0F80137FE6BC060817181828193812C
:10BAA0000C5F1F4FF32DFF763F2E97FF09C0909537
:10BAB0008095709561957F4F8F4F9F4F689437F8B1
:10BAC0002AE030E0A5010E94945EC82ECA188C2C92
:10BAD000432C36FE0CC0E89440F8C91440F434FE00
:10BAE00005C032FC03C0F32DFE7E4F2E892C44FE90
:10BAF000AAC0FE01EC0DF11D8081803309F09CC0CD
:10BB0000242D297E422E842D8870582E43FCAAC0F5
:10BB100040FEA4C09C2C821418F42C0C922C981873
:10BB200044FEA6C0B70180E390E00E94645E42FE3E
:10BB300009C088E790E041FE02C088E590E0B701C7
:10BB40000E94645EC91408F49FC0CA94D12C9FEF70
:10BB5000C91AD90ACA0CDB1CF60182916F01B70120
:10BB600090E00E94645EAC14BD04B1F74FCF6081D9
:10BB70007181072E000C880B990B0E5F1F4F92CF1F
:10BB8000D32CE894D4F82AE030E08537E1F1232D76
:10BB9000297FD22E8F36A9F1F0F4883551F1F701C3
:10BBA000868197812B960FB6F894DEBF0FBECDBF6E
:10BBB000DF91CF911F910F91FF90EF90DF90CF9089
:10BBC000BF90AF909F908F907F906F905F904F90BD
:10BBD0003F902F900895803749F0883701F7D4FEC1
:10BBE00002C06894D2F820E130E00DC06894D4F827
:10BBF000F6CF34FE03C0822F8660D82E20E132E0DB
:10BC000002C028E030E0F801D7FE0FC060817181EA
:10BC1000828193810C5F1F4FA5010E94945EC82E04
:10BC2000CA183D2CE89437F852CF6081718190E0BA
:10BC300080E00E5F1F4FF0CF42FC02C0839463CFC1
:10BC40008394839460CF842D867809F45CCFF6CFFB
:10BC5000B70180E290E00E94645E83948214C0F396
:10BC6000512C5ECF522C5818821408F459CFF8CFBB
:10BC7000842D867809F466CF8BE241FE80E247FC92
:10BC80008DE2B70190E05CCFB70180E390E00E94C5
:10BC9000645E9A9457CF8FEF9FEF84CFFC0105909D
:10BCA000615070400110D8F7809590958E0F9F1FBE
:10BCB0000895FC016150704001900110D8F7809503
:10BCC00090958E0F9F1F08950F931F93CF93DF932F
:10BCD000182F092FEB018B8181FD09C01FEF0FEF9A
:10BCE000812F902FDF91CF911F910F91089582FFA7
:10BCF00014C02E813F818C819D81281739073CF427
:10BD0000E881F981CF0101969983888310838E8120
:10BD10009F8101969F838E83E3CFE885F985812FEC
:10BD20001995892BA1F3DACFFA01AA27283051F10E
:10BD3000203181F1E8946F936E7F6E5F7F4F8F4F5C
:10BD40009F4FAF4FB1E03ED0B4E03CD0670F781FBB
:10BD5000891F9A1FA11D680F791F8A1F911DA11DA0
:10BD60006A0F711D811D911DA11D20D009F46894D9
:10BD70003F912AE0269F11243019305D3193DEF681
:10BD8000CF010895462F4770405D4193B3E00FD037
:10BD9000C9F7F6CF462F4F70405D4A3318F0495D22
:10BDA00031FD4052419302D0A9F7EACFB4E0A69505
:10BDB0009795879577956795BA95C9F70097610527
:10BDC000710508959B01AC010A2E0694579547957D
:10BDD00037952795BA95C9F7620F731F841F951F72
:08BDE000A01D0895F894FFCFA7
:10BDE8000101010201010101010106200000060113
:10BDF8000620000002010620000001AA1B25000001
:10BE080000000101094000AA09200000000001010A
:10BE18000155FEFE120104000000000000000000B1
:10BE2800000000000000FAFEFE0501010800FAFE0D
:10BE3800FE05010109F6FAFEFE030102FA47393050
:10BE480047353347305A2D35004739304735334762
:10BE580030582573592573004739304735334730F3
:10BE68005A2573004732314739314733382E325A11
:10BE78002D3330463230300047305A31004733389E
:10BE88002E325A2D32463330004D3453323330304F
:10BE9800004739304735334730315A2573463135F5
:10BEA8003030004D35004739304735334730592554
:10BEB80073004739304735334730582D35592D35BC
:10BEC800004739304735334730582D35592D3230F2
:10BED80030004D3353333030300047393047353335
:10BEE8004730315A257346313830300047393147A9
:10BEF8003143322E35463130303000473931473101
:10BF080043314631303030000D0A0066696E69737E
:10BF180068004739304735334730582D3530592D6B
:10BF2800323030004739304735334730582D3530B7
:10BF3800592D35004739304735334730582D313082
:10BF480030592D35004739304735334730582D3172
:10BF58003030592D3230300047393047353347308B
:10BF6800582D313530592D3230300047393047356A
:10BF7800334730582D313530592D35004739304742
:10BF880035334730582D323030592D350047393048
:10BF98004735334730582D323030592D3230300044
:10BFA8004739304735334730582D3130592D3130E6
:10BFB8000047393047353347305A2D333000473939
:10BFC800304735334730582573592D3138300047BD
:10BFD800393047353347305825735930002400002D
:00000001FF
