:100000000C94D9020C94FA020C94FA020C94FA02A1
:100010000C94FA020C94FA020C94FA020C94FA0270
:100020000C94FA020C942C5A0C94FA020C945B5324
:100030000C94B5590C94FA020C94FA020C94FA023E
:100040000C94FA020C94B7530C94FA020C94FA0232
:100050000C94FA020C94FA020C94FA020C94A15338
:100060000C94FA020C9488580C948A590C94FA0255
:100070000C94FA020C94FA020C94FA020C94FA0210
:100080000C94FA020C94FA020C94FA020C947E5727
:100090000C9460580C9435580C94FA020C94FA02A3
:1000A0000C94FA020C94FA020C94FA020C94FA02E0
:1000B0000C94FA020C94FA020C94FA020C94415A31
:1000C0000C94FA020C94FA020C94FA020C940D5857
:1000D0000C94E2570C94FA020C94BA570C948F5774
:1000E0000C94FA02084AD73B3BCE016E84BCBFFD9C
:1000F000C12F3D6C74319ABD56833DDA3D00C77FF8
:1001000011BED9E4BB4C3E916BAAAABE0000008090
:100110003F05A84CCDB2D44EB93836A9020C50B91F
:10012000918688083CA6AAAA2ABE000000803F004B
:100130000C94A14D0C941A590C9414330C946D59D1
:100140000C9434590C944A590C9432590C94145907
:100150000C94A6300C9438590C94C6520C94F2327C
:100160000C9439530C9487520C9492520C9488330B
:100170000C94F3580C94E8520C9442590C94D252BB
:100180000C94BD520C943A590C94C04D0C944253AB
:100190000C9430530C940A590C948A520C94B45217
:1001A0000C9444590C9465590C9481520C94AB4DA9
:1001B0000C9428530C94DC520C9426330C94225942
:1001C0000C948F520C9430590C9477330C94A432C5
:1001D0000C941C590C941F530C94FC520C946159B0
:1001E0000C94B64D0C943D330C946B590C949D4D6E
:1001F0000C94D7320C942C590C9454530C945059A1
:100200000C9420590C9440590C944B530C94033388
:100210000C9448590C943E590C94C6320C94B53247
:100220000C94DD4D0C9472590C94DF4D0C94705964
:100230000C9418590C9428590C9430330C9416597A
:100240000C94F0520C94F3520C94C84D0C94E1327F
:100250000C9410590C94C2510C9459590C94934D10
:100260000C9451330C9426590C94CE4D0C940B5392
:100270000C94D44D0C94A4520C9453590C94B15238
:100280000C942E590C9418330C9447330C944E59FB
:100290000C9469590C9461320C9476590C94055362
:1002A0000C949B4D0C944C590C942A590C941E5947
:1002B0000C9466330C94A74D0C949C520C945D598D
:1002C0000C9414530C94DB4D0C9478590C94974D6A
:1002D0000D0A007C57506F733A004D506F733A000F
:1002E0000D0A00416C61726D3A005BE68EA2E992E4
:1002F000883A00636F6E74726F6C2D312E302E3021
:100300002D616C70686137005B76657273696F6E22
:100310003A007C46533A007C4C6E3A007C42663A86
:10032000007C473A007C4D3A007C533A007C4642C0
:100330003A007C53463A007C483A007C41463A00F9
:100340007C4C3A007C433A007C48573A007C44524B
:100350003A007C443A007C54443A007C523A007C97
:1003600052573A007C4C573A007C5246543A007C33
:100370004C46543A007C53543A007C463A007C5434
:100380003A007C4C443A007C57506F733A007C4DE5
:10039000506F733A00536C65657000446F6F723A2A
:1003A00000436865636B00416C61726D00486F6D5E
:1003B000696E67004D6F76696E6700506175736591
:1003C000004D6F76696E67005265616479006572F1
:1003D000726F723A005D002C002C002C002C002C57
:1003E000002C002C006E756C6C5D00276368616DDD
:1003F000666572272C0027746872656164272C007B
:10040000276472696C6C272C0027636F6E65272C3C
:10041000002762616C6C272C0027656E646D696C27
:100420006C272C005B007D0D0A00273A007B2774A7
:100430006F6F6C007D0D0A00273A007B27746F6F89
:100440006C007D0D0A00273A007B27746F6F6C00EB
:100450000D0A005D005B746F6F6C5374617475738B
:100460003A20005D0D0A005B726669645F706F7709
:1004700065723A000D0A00537461727420746F6FD4
:100480006C2073657474696E6700204700204D000E
:1004900020530020460020540033382E005B474391
:1004A0003A47005B5A706F733A005B544C4F3A0006
:1004B0005B4739323A003330003238005B47005B2B
:1004C0004F50543A005B5645523A312E31652E3228
:1004D000303137303131343A00536C656570696EB4
:1004E0006700526573746F72696E67207370696E0E
:1004F000646C6500526573746F72696E6720646521
:100500006661756C74730050726F6772616D2065FF
:100510006E64656400436865636B206C696D697423
:100520007300436865636B20646F6F720044697386
:1005300061626C656400456E61626C656400436174
:100540007574696F6E3A20556E6C6F636B656400ED
:10055000506C6561736520756E6C6F636B005B4DED
:1005600053473A006F6B0D0A00244E005D7D0D0A63
:10057000002C007B27746F6F6C44617461273A5BB9
:10058000000D0A006265666F7265546F6F6C3A0009
:100590000D0A006E6F77546F6F6C3A000D0A0053AE
:1005A0007461727420746F6F6C2073657474696EFB
:1005B000670011241FBECFEFD1E2DEBFCDBF00E048
:1005C0000CBF2EE1A6E2B4E001C01D92A331B20738
:1005D000E1F714E0A0E0B2E0E6EEFEEC00E00BBFD5
:1005E00002C007900D92A632B107D9F70E94CF5BE7
:1005F0000C9471670C9400002F923F924F925F927F
:100600006F927F928F929F92AF92BF92CF92DF9222
:10061000EF92FF920F931F93CF93DF93CDB7DEB787
:100620002E970FB6F894DEBF0FBECDBF4B015C0115
:100630007A0120E030E0A9010E94926010E087FF7B
:1006400005C0B7FAB094B7F8B09411E0C501B40191
:100650000E9415616B877C878D879E87112331F0FF
:100660008DE2F7018083C70101967C016B857C8553
:100670008D859E858E010F5F1F4F68013AE0232E06
:10068000312C412C512C3801EFEF6E1A7E0AA20159
:1006900091010E942B64605DF8016083B901CA0179
:1006A0008301611571058105910569F7D701F30192
:1006B000CE16DF06E1F583010C191D090F5F1F4FF0
:1006C0000E0D1F1D6B857C858D859E850E94446166
:1006D0009B01AC01C501B4010E949C5F93012C19E0
:1006E0003D09E20EF31E2EE2F7012083680124E0AB
:1006F000F22EFA94F1101EC0F80113822E960FB656
:10070000F894DEBF0FBECDBFDF91CF911F910F9147
:10071000FF90EF90DF90CF90BF90AF909F908F9021
:100720007F906F905F904F903F902F9008958291AF
:100730008D93BECF20E030E040E251E40E94F462AD
:100740004B015C010E940E6120E3260FF60121930C
:100750006F01072E000C880B990B0E9446619B01CC
:10076000AC01C501B4010E949C5FC3CF2FB7F894C0
:100770009091701B892B8093701B2FBF08952FB70A
:10078000F89490916F1B892B80936F1B2FBF089556
:100790009FB7F89480936E1B9FBF08959FB7F894FE
:1007A00020916D1B8095822380936D1B9FBF0895C0
:1007B0002FB7F89490916D1B892B80936D1B2FBFE1
:1007C00008952F923F924F925F926F927F928F92F5
:1007D0009F92AF92BF92CF92DF92EF92FF920F93D0
:1007E0001F93CF93DF9300D01F92CDB7DEB7209138
:1007F000261D222E312C4090311D5090321D6090CC
:10080000331D7090341D24EF3CE13A8329838C0121
:100810001C821B82E981FA81C190D190E190F19014
:10082000FA83E98320E030E0A901C701B6010E9404
:1008300092608823B9F1F80180809180A280B38012
:100840002DEC3CEC4CEC5DE3C301B2010E949C5FDB
:100850009B01AC01C1010B8002C0959587950A945C
:10086000E2F780FF11C0C501B4010E94926087FDCC
:1008700009C0C701B6019058A50194010E94926079
:1008800087FF10C081E01BC0C501B4010E94B462A3
:100890001816C4F3A5019401C701B6010E94B46201
:1008A000181684F32B813C812F5F3F4F3C832B83B1
:1008B0000C5F1F4F2730310509F0ACCF80E00F905F
:1008C0000F900F900F90DF91CF911F910F91FF909C
:1008D000EF90DF90CF90BF90AF909F908F907F90E0
:1008E0006F905F904F903F902F9008958F929F92BE
:1008F000AF92BF92CF92DF92EF92FF920F931F932E
:10090000CF93DF93EB0120EAE22E2CE1F22E8C0153
:100910006B018CE1C80ED11C6991799189919991F3
:10092000F70181909190A190B1907F010E94466162
:10093000A50194010E949C60F801619371938193D9
:1009400091938F01CC15DD0539F7DF91CF911F9180
:100950000F91FF90EF90DF90CF90BF90AF909F905E
:100960008F9008955F9A0895E2E0F1E080818860B9
:1009700080830895882341F0739A91E0811101C02A
:1009800090E09093001E08957398F7CF882341F06C
:100990008F9A91E0811101C090E09093021E08951A
:1009A0008F98F7CF813019F4899A8A9804C0899872
:1009B0008230D9F78A9A8093031E0895882341F0E4
:1009C000A29A91E0811101C090E09093011E0895D8
:1009D000A298F7CFCF93DF93C091661AD091671A90
:1009E0002097C9F08091361A81608093361A609101
:1009F0004C1A70914D1A80914E1A90914F1A9B018A
:100A0000AC010E94F4626EA37FA388A799A71092FD
:100A1000671A1092661ADF91CF910895E0E9FEE01F
:100A200080918D0E868F8091101D8250990B880FBA
:100A30008195858FEFE6F0E0808182608083089564
:100A40002091251D21FF0BC09093AB008093AA003D
:100A5000892B31F48091A0008F7D8093A0000895B0
:100A60008091A0008062F9CF882361F0813061F02D
:100A7000823061F0833061F0843061F0853061F064
:100A800082E0089580E8089580E4089580E2089562
:100A900080E1089588E0089584E00895882361F056
:100AA000813061F0823061F0833061F0843061F038
:100AB000853061F082E0089584E0089588E008952B
:100AC00080E1089580E2089580E4089580E8089523
:100AD000AF92BF92CF92DF92EF92FF920F931F934C
:100AE000CF93DF93E090111DF12CC090121DD12CFB
:100AF000D0E0C0E010E000E0BC2EAC2EC7010C2E10
:100B000002C0959587950A94E2F780FF04C08C2F68
:100B10000E944E05082BC60102C095958795AA94A0
:100B2000E2F780FF04C08B2D0E943405182B21961C
:100B3000C730D10509F700938D0E10938E0EDF910B
:100B4000CF911F910F91FF90EF90DF90CF90BF90CA
:100B5000AF9008959091711B8091721B891749F095
:100B6000E92FF0E0EE59F64F80819F5F9093711B63
:100B700008958FEF08952091690EDC0180E08613BF
:100B800001C008959091680E2917D9F3E92FF0E07C
:100B9000E859F24F30813D938F5F9F5F9093680ECD
:100BA000EECF9091680E8091690E891749F0E92F78
:100BB000F0E0E859F24F80819F5F9093680E0895AE
:100BC0008FEF0895E091660C91E09E0F2091670DE4
:100BD000291761F0F0E0E959F34F80839093660C98
:100BE0008091310180628093310104C020916D1B9E
:100BF00024FFECCF0895E091620A91E09E0F2091CE
:100C0000630B291761F0F0E0ED59F54F8083909365
:100C1000620A8091D10080628093D10004C020914B
:100C20006D1B24FFECCF0895E091600891E09E0FCA
:100C300020916109291761F0F0E0EF59F74F8083A7
:100C4000909360088091C90080628093C90004C0BD
:100C500020916D1B24FFECCF0895E0916C1B91E077
:100C60009E0F20916B1B291761F0F0E0E559F54EBE
:100C7000808390936C1B8091C10080628093C1003F
:100C800004C020916D1B24FFECCF089510926F0ECD
:100C90009091251D97FD03C09CE090936F0E8823D3
:100CA00031F080916F0E9CE0892780936F0E08953C
:100CB0008F929F92AF92BF92CF92DF92EF92FF926C
:100CC0000F931F93CF93DF93CDB7DEB72D970FB65A
:100CD000F894DEBF0FBECDBF6B017C01042F20E076
:100CE00030E0A9010E94926087FF07C08DE20E9458
:100CF000E205F7FAF094F7F8F09420E030E048ECE1
:100D000052E4C701B6010E94F46220E030E048ECF2
:100D100052E4043031F0033031F420E030E040E2BE
:100D200051E40E94F46220E030E040E05FE30E9482
:100D30009D5F0E940E6110E03AE0832E912CA12C61
:100D4000B12CE12FF0E0611571058105910581F568
:100D500081E090E08C0F9D1FE80FF91F80E31017D2
:100D6000C8F1101309C0E1E0F0E0EC0FFD1FE10F46
:100D7000F11D80E380831F5FEE24E394F12CEC0EE1
:100D8000FD1EE10EF11C111128C02D960FB6F8942E
:100D9000DEBF0FBECDBFDF91CF911F910F91FF90AE
:100DA000EF90DF90CF90BF90AF909F908F9008957D
:100DB000EE24E394F12CEC0EFD1EEE0EFF1EA501B9
:100DC00094010E942B64605DF7016083B901CA0140
:100DD0001F5FB7CF1F5F8193C2CF101303C08EE296
:100DE0000E94E205F70182917F010E94E205115005
:100DF000CACF0F931F93CF938C01C0E0F80161918C
:100E00007191819191918F012091251D43E020FFE7
:100E100007C02BE832E441E25DE30E94F46244E063
:100E20000E945806C33019F08CE20E94E205CF5FA1
:100E3000C43021F7CF911F910F9108958F929F9207
:100E4000AF92BF92CF92DF92EF92FF920F931F93D8
:100E5000CF93DF93CDB7DEB72D970FB6F894DEBFF3
:100E60000FBECDBF6B017C01042F20E030E0A90153
:100E70000E94926087FF07C08DE20E942D06F7FA5C
:100E8000F094F7F8F094102F123008F054C000FFDF
:100E90000AC020E030E040E251E4C701B6010E9400
:100EA000F4626B017C0120E030E040E05FE3C701C9
:100EB000B6010E949D5F0E940E6110E03AE0832E11
:100EC000912CA12CB12CE12FF0E061157105810569
:100ED0009105E9F581E090E08C0F9D1FE80FF91F67
:100EE00080E3101708F445C0101309C0E1E0F0E0FA
:100EF000EC0FFD1FE10FF11D80E380831F5FEE24E7
:100F0000E394F12CEC0EFD1EE10EF11C111134C026
:100F10002D960FB6F894DEBF0FBECDBFDF91CF91F7
:100F20001F910F91FF90EF90DF90CF90BF90AF9007
:100F30009F908F90089520E030E048EC52E4C70184
:100F4000B6010E94F4626B017C0112509DCFEE2429
:100F5000E394F12CEC0EFD1EEE0EFF1EA501940194
:100F60000E942B64605DF7016083B901CA011F5FB5
:100F7000AACF1F5F8193B5CF101303C08EE20E94EA
:100F80002D06F70182917F010E942D061150BECFE0
:100F90002091251D40E020FF07C02BE832E441E20C
:100FA0005DE30E94F46241E00C941E072091251D30
:100FB00043E020FF07C02BE832E441E25DE30E94FA
:100FC000F46244E00C941E070F931F93CF938C019F
:100FD000C0E0F80161917191819191918F010E941E
:100FE000D607C33019F08CE20E942D06CF5FC430C3
:100FF00081F7CF911F910F9108958F929F92AF9299
:10100000BF92CF92DF92EF92FF920F931F93CF93F5
:10101000DF9300D000D000D01F92CDB7DEB76115AE
:10102000710581059105A9F480E32A960FB6F8941D
:10103000DEBF0FBECDBFDF91CF911F910F91FF900B
:10104000EF90DF90CF90BF90AF909F908F900C94D7
:101050002D0600E09E012F5F3F4F79012AE0822E8E
:10106000912CA12CB12C6701C00ED11CA5019401BB
:101070000E942B64F6016083B901CA010F5F6115FC
:1010800071058105910579F70E0D1F2D111DE016D3
:10109000F10699F42A960FB6F894DEBF0FBECDBFC5
:1010A000DF91CF911F910F91FF90EF90DF90CF9044
:1010B000BF90AF909F908F900895F80182918F011B
:1010C000805D0E942D06E3CFCF92DF92EF92FF92D8
:1010D00097FF0CC06B017C018DE20E942D066627F4
:1010E0007727CB016C197D098E099F09FF90EF903E
:1010F000DF90CF900C94FD07CF93DF93843658F0A8
:101100006AE00E94FD63C0E3C90F6AE00E94FD63CC
:10111000D0E3D90F04C0C0E0D0E08A30B0F7805DE2
:101120000E942D06DD2319F08D2F0E942D06CC2361
:1011300029F08C2FDF91CF910C942D06DF91CF9168
:101140000895CF93DF93EC01FE01849121968111E4
:1011500003C0DF91CF9108950E94E205F5CFCF93B0
:10116000DF93EC01FE0184912196811103C0DF9190
:10117000CF9108950E942D06F5CF2F923F924F9266
:101180005F926F927F928F929F92AF92BF92CF9217
:10119000DF92EF92FF920F931F93CF93DF9300D0D4
:1011A00000D01F921F92CDB7DEB7FC0110812180C5
:1011B0003284C384D4840585E684F784FE24EF2436
:1011C000FE24428053806480758049825A826B82FB
:1011D0007C8286809780A084B1848D829E82AF823B
:1011E000B88684E294E00E94AF08133009F46FC01F
:1011F00050F4113009F468C081E194E0123061F0DC
:1012000085EE93E047C0153009F467C008F462C06A
:101210008BEE93E01630A1F70E94AF08822D0E945A
:101220007C0883EE93E00E94AF0843E0C301B20163
:101230000E941E0781EE93E00E94AF0843E0C501C3
:10124000B4010E941E078FED93E00E94AF08832D2A
:101250000E947C088DED93E00E94AF088C2D0E94C7
:101260007C088BED93E00E94AF088D2D0E947C08D6
:1012700089ED93E00E94AF08802F0E947C0887EDE3
:1012800093E00E94AF08B70190E080E00E94FD0764
:1012900085ED93E028960FB6F894DEBF0FBECDBF64
:1012A000DF91CF911F910F91FF90EF90DF90CF9042
:1012B000BF90AF909F908F907F906F905F904F9076
:1012C0003F902F900C94AF0889E194E0A5CF89E07E
:1012D00094E0A2CF80E094E09FCF86EF93E09CCF94
:1012E00080EE92E00C94AF08CF93C82F8EEC93E081
:1012F0000E94AF088C2F0E947C08CF910C9470093B
:10130000882321F0823031F00C94740984E695E052
:101310000C94AF080895CF92DF92EF92FF92CF9393
:10132000DF93D82F6A017B01C22F84E20E942D0631
:101330008D2F0E947C088DE30E942D064C2FC70143
:10134000B6010E941E07DF91CF91FF90EF90DF90D2
:10135000CF900C947009EF92FF920F931F93CF934D
:10136000DF930AE41DE1C2EDD0E0EE24E394EC0E3D
:1013700082E0F82EFC0EF801D130C9F0D230F1F045
:10138000408151816281738123E08C2F0E948B09FF
:10139000DF5FD33081F7CD5F0C5F1F4FC43E21F775
:1013A000DF91CF911F910F91FF90EF900895408DA5
:1013B000518D628D738D23E08E2DE8CF40A951A908
:1013C00062A973A923E08F2DE1CFCF93DF93D82FAC
:1013D000C62F84E20E942D068D2F0E947C088DE38B
:1013E0000E942D068C2F0E947C08DF91CF910C94D7
:1013F0007009EF92FF920F931F93CF93DF93609149
:10140000101D70E080E00E94E5096091131D70E0FE
:1014100081E00E94E5096091111D70E082E00E9468
:10142000E5096091121D70E083E00E94E50960917A
:10143000251D62FB662760F970E084E00E94E509E3
:101440006091251D66FB662760F970E085E00E94CB
:10145000E5098091251D082E000C990B692F661F48
:101460006627661F70E086E00E94E5096091141D02
:1014700070E08AE00E94E5094091151D5091161D0B
:101480006091171D7091181D23E08BE00E948B095D
:101490004091191D50911A1D60911B1D70911C1DCA
:1014A00023E08CE00E948B096091251D617070E043
:1014B0008DE00E94E5096091251D65FB662760F9B6
:1014C00070E084E10E94E5096091251D63FB6627B9
:1014D00060F970E085E10E94E5096091251D629543
:1014E000617070E086E10E94E5096091261D70E060
:1014F00087E10E94E5094091271D5091281D6091C8
:10150000291D70912A1D23E088E10E948B094091DA
:101510002B1D50912C1D60912D1D70912E1D23E0CF
:1015200089E10E948B0960912F1D7091301D8AE125
:101530000E94E5094091311D5091321D6091331D8B
:101540007091341D23E08BE10E948B0940911D1D99
:1015500050911E1D60911F1D7091201D20E08EE195
:101560000E948B094091211D5091221D6091231DE5
:101570007091241D20E08FE10E948B096091251D50
:101580006695617070E080E20E94E50940913E1D21
:1015900050913F1D6091401D7091411D23E081E2FB
:1015A0000E948B094091421D5091431D6091441D42
:1015B0007091451D23E082E20E948B094091461DF7
:1015C0005091471D6091481D7091491D23E083E2B1
:1015D0000E948B094091E21D5091E31D6091E41D32
:1015E0007091E51D23E084E20E948B096091E61D65
:1015F00070E085E20E94E50994E6F92E10E0C0EA69
:10160000DCE100E0E02EEF0C123009F461C0133091
:1016100009F46BC0113009F456C0488159816A81C0
:101620007B8123E08E2D0E948B090F5F249607306B
:1016300049F78AE0F80E1F5FECE8FE12E0CF6091F8
:10164000351D70E088EC0E94E5094091361D5091EF
:10165000371D6091381D7091391D23E089EC0E947F
:101660008B0940913A1D50913B1D60913C1D70913A
:101670003D1D23E08AEC0E948B090AE41DE1C2EDC6
:10168000D0E0EE24E394EC0E82E0F82EFC0EF8019C
:10169000D130A1F1D230C9F1408151816281738191
:1016A00023E08C2F0E948B09DF5FD33081F7CD5F61
:1016B0000C5F1F4FC43E21F7DF91CF911F910F9117
:1016C000FF90EF9008954C8D5D8D6E8D7F8DA9CF2D
:1016D00020E030E041E655E468AD79AD8AAD9BADE0
:1016E0000E949C60AB01BC019CCFFE01EC5AFF4FF5
:1016F0004081518162817381705893CF408D518DAB
:10170000628D738D23E08E2DCDCF40A951A962A9A2
:1017100073A923E08F2DC6CF8DE50E942D060C9472
:10172000700988E093E00E94AF0883EF92E00E9486
:10173000AF080C948C0BCF93DF93CDB7DEB76C97CB
:101740000FB6F894DEBF0FBECDBF8AEE92E00E94C6
:10175000AF0860E77EE0CE0101960E947604CE01DC
:1017600001960E94E4078AE30E942D068091EC1DF9
:101770000E947C088CE20E942D0660913A1D7091B7
:101780003B1D80913C1D90913D1D0E94D6070E94FB
:101790008C0B6C960FB6F894DEBF0FBECDBFDF91F9
:1017A000CF910895CF93DF93EC018991811103C00C
:1017B000DF91CF9108950E942D06F7CFE8EFFBE16E
:1017C000AEEAB6E041915191619171914D935D9373
:1017D0006D937D938CE1E431F807A1F70895BF92F2
:1017E000CF92DF92EF92FF920F931F93CF93DF93ED
:1017F0007C01FC01FE9600811181D281C381FC0134
:1018000081A180FF33C06091EF1D70E090E080E027
:101810000E9446612AE037ED43E25CE30E94F462F5
:101820009B01AC01B8018D2F9C2F0E94F4628B01AB
:10183000D82FC92F20E030E040E85FE3B8018D2FBA
:101840009C2F0E94B462181624F000E010E0D0E84B
:10185000CFE3B8018D2F9C2FDF91CF911F910F9176
:10186000FF90EF90DF90CF90BF90089582FD17C05A
:101870006091EE1D70E090E080E00E9446612AE0F9
:1018800037ED43E25CE30E94F4629B01AC01B801D6
:101890008D2F9C2F0E94F4628B01D82FC92FF70146
:1018A000B2ACC3ACD4ACF5AC98014D2F5C2F6B2D12
:1018B0007C2D8D2D9F2D0E94926087FFBBCF0B2D1D
:1018C0001C2DDD2DCF2DB6CF8091D40E9091AD186B
:1018D000981739F026E4829FC00111248B52914F52
:1018E000089590E080E008954F925F926F927F920A
:1018F0008F929F92AF92BF92CF92DF92EF92FF9220
:101900000F931F93CF93DF93CDB7DEB7C057D109A5
:101910000FB6F894DEBF0FBECDBF8CE1E8EFFBE160
:10192000DE01119601900D928A95E1F7BE016F5F7D
:101930007F4FCE014D960E947604BE016F5F7F4FB0
:10194000CE01C9960E9476048CE30E942D068091F8
:10195000E71D883009F44BC108F02FC1813009F42C
:101960004FC108F43FC1823009F44DC1843009F4FD
:1019700044C18091141D282F2170E22E80FF5CC18C
:101980008091F31D882309F457C18EE893E00E94EB
:10199000AF08CE014D960E94E40787E893E00E94CD
:1019A000AF08CE01C9960E94E40782E893E00E9446
:1019B000AF086091091E70910A1E80910B1E9091D4
:1019C0000C1E42E00E941E078EE793E00E94AF08C3
:1019D0008091351D0E947C088AE793E00E94AF0841
:1019E0006091861B7091871B8091881B9091891B49
:1019F0000E94C80785E793E00E94AF0860E070E0AE
:101A0000CB010E94C8078FE693E00E94AF0860E018
:101A100070E0CB010E94C80789E693E00E94AF08FE
:101A200060E070E0CB010E94C80784E693E00E946A
:101A3000AF086091041E70E090E080E00E94446175
:101A40000E94C8078FE593E00E94AF086091051ED1
:101A500070E090E080E00E9444610E94C8078BE53E
:101A600093E00E94AF086091FC1D70E090E080E080
:101A70000E9444610E94C80786E593E00E94AF0877
:101A80006091FD1D70E090E080E00E9444610E9442
:101A9000C80782E593E00E94AF086091FE1D70E0E8
:101AA00090E080E00E9444610E94C8078DE493E0CA
:101AB0000E94AF086091061E70E090E080E00E94F6
:101AC00044610E94C80788E493E00E94AF086091D7
:101AD0000F1E70E090E080E00E9444610E94C80701
:101AE00084E493E00E94AF086091FF1D70E090E0F5
:101AF00080E00E9444610E94C80780E493E00E9455
:101B0000AF086091001E70E090E080E00E944461A8
:101B10000E94C8078BE393E00E94AF086091011E0A
:101B200070E090E080E00E9444610E94C80787E373
:101B300093E00E94AF086091081E70E090E080E0A2
:101B40000E9444610E94C80782E393E00E94AF08AC
:101B50006091031E70E090E080E00E9444610E946A
:101B6000C8078DE293E00E94AF086091021E70E00A
:101B700090E080E00E9444610E94C80789E293E0FF
:101B80000E94AF086091821B7091831B8091841B1F
:101B90009091851B40E00E941E0785E293E00E9421
:101BA000AF088091811B803109F498C0803209F41C
:101BB00025C1811196C085E392C08032D9F050F4DE
:101BC000803109F0D6CE8091E91D87FD13C08BEBE3
:101BD00093E00AC08034D1F0803809F0CACE85E99C
:101BE00093E002C088EC93E00E94AF08C2CE81EC83
:101BF00093E0FACF84EB93E0F7CF8DEA93E0F4CF54
:101C000087EA93E0F1CF81EA93E0EECF8BE993E0AE
:101C10000E94AF088091E91D83FF04C083E30E9406
:101C20002D06A7CE82FF06C085FF02C081E3F7CF55
:101C300080E3F5CF82E3F3CF4090E31B5090E41BA9
:101C40006090E51B7090E61B8BEAA82E8BE1B82E06
:101C50006E0185E5C80ED11C8E01075C1F4FF12C6B
:101C60004601F50161917191819191915F01208D02
:101C7000318D428D538D0E949D5FF601619371936A
:101C8000819391936F01F2E0FF1225C0A3019201AD
:101C90000E949D5FF4016087718782879387E110BE
:101CA00016C0F60134972081318142815381F801B9
:101CB00060817181828193810E949C5FF8016083C1
:101CC000718382839383F6E0FF1609F45ECEF3946A
:101CD0000C5F1F4FC6CFEE2021F3F5CF83E30E94A8
:101CE0002D0681E293E00E94AF0880917D1B8A5C03
:101CF0000E947C088091141D81FF1EC08CE193E03E
:101D00000E94AF089091AD188091D40E981708F4F6
:101D100077C08D5D891B0E947C088CE20E942D0695
:101D200080915E0890915F08981708F46BC0981B2B
:101D3000892F80950E947C080E94640C009791F086
:101D4000FC01C2A0D3A0E4A0F5A0C114D104E10419
:101D5000F10441F087E193E00E94AF08C701B601AA
:101D60000E94640882E193E00E94AF088091E71D21
:101D70008C7709F44AC060914C1A70914D1A809189
:101D80004E1A90914F1A0E94C8078CE20E942D06AD
:101D90006091F41D7091F51D8091F61D9091F71DD5
:101DA00040E00E941E078091F31D882391F181502D
:101DB0008093F31D8091F21D8823E1F1815080937F
:101DC000F21D8EE30E942D060E947009C059DF4F5C
:101DD0000FB6F894DEBF0FBECDBFDF91CF911F913C
:101DE0000F91FF90EF90DF90CF90BF90AF909F90BA
:101DF0008F907F906F905F904F90089584E36FCFA6
:101E0000815088CF8150891B95CF60E070E0CB0175
:101E1000BACF8091E71D8C7759F08DE18093F31D47
:101E20008091F21D8111C6CF81E08093F21DC2CF57
:101E300089E0F4CF8091E71D8C7711F083E1BFCF6B
:101E400089E0BDCF0E94640C892B19F082E00C94CC
:101E5000D80308952F923F924F925F926F927F9294
:101E60008F929F92AF92BF92CF92DF92EF92FF92AA
:101E70000F931F93CF93DF9300D01F92CDB7DEB7A0
:101E80000091AD18002309F486C0098339813150CF
:101E900039831091D30E131709F466C0C32ED12CC9
:101EA000E6E43E9FC00111249C012B52314F790181
:101EB000F90172A483A494A4A5A466A577A580A91A
:101EC00091A99B01AC010E949D5FF70122A933A952
:101ED00044A955A90E94F462B62EE72EF82E9B83E2
:101EE000262F372F482F592F672D782D892D9A2D82
:101EF0000E94926087FF03C0B72C7401AB8286E416
:101F00008C9DF0018D9DF00D1124EB52F14F8B2D26
:101F10009E2DAF2DBB8186A397A3A0A7B1A7F98162
:101F20008F2FF11101C084E2FF24FA94F80E309053
:101F3000D40E1F1133C0131102C00E94EA04E6E45C
:101F40001E9FC00111248B52914F9A8389833324A1
:101F50003394310EF4E23F1201C0312C86E4282E76
:101F6000031185C01093D30E0F900F900F900F9018
:101F7000DF91CF911F910F91FF90EF90DF90CF9065
:101F8000BF90AF909F908F907F906F905F904F9099
:101F90003F902F90089524E2298378CF298186E409
:101FA000289F900111242B52314F3C832B8326E430
:101FB000E22E8F2C912CFE9CC0011124FC01EB52CF
:101FC000F14FFA83E983F11002C094E2F92EFA94FA
:101FD000F31002C00E94EA04E89CC001E99C900D45
:101FE00011249C012B52314F6901F90142A453A4E1
:101FF00064A475A4A301920166A177A180A591A50F
:102000000E949260882339F1F60166A577A580A920
:1020100091A99B01AC010E949D5FF60122A933A901
:1020200044A955A90E94F462EB81FC8126A137A145
:1020300040A551A50E949D5F4B015C01AC019B0135
:10204000C301B2010E94B462F60118165CF486A2C4
:1020500097A2A0A6B1A629813A813C832B831F11A8
:10206000A8CF6DCF46A257A260A671A6F4CFC32C0D
:10207000D12C329CC00111249C012B52314F79018B
:10208000E981FA8146A057A060A471A4F90186A055
:1020900097A0A0A4B1A4A5019401C301B2010E941C
:1020A000926087FF26C0E981FA8166A577A580A99D
:1020B00091A99B01AC010E949D5FE981FA8122A94F
:1020C00033A944A955A90E94F462A30192010E9478
:1020D0009D5F2B013C01AC019B01C501B4010E9435
:1020E000B462181634F4F70146A257A260A671A68E
:1020F000132D2C9CF0012D9CF00D1124EB52F14F6F
:1021000022A533A544A555A566A177A180A591A5D3
:102110000E949260811101C0132D3394F4E23F12AA
:1021200001C0312CFA82E9821BCF6F927F928F928D
:102130009F92AF92BF92CF92DF92EF92FF920F9356
:102140001F93CF93DF93EB018C015B018CE1A80E11
:10215000B11C89E9682E96E7792E26E9822E3EE7A2
:10216000932EC990D990E990F99020E030E0A90130
:10217000C701B6010E9492608823B9F0A7019601B9
:10218000F80160817181828193810E949C606B0162
:102190007C01E894F7F89301A401C701B6010E94FD
:1021A000B462181614F0360147010C5F1F4FCA15B0
:1021B000DB05B9F6B301C401DF91CF911F910F91F7
:1021C000FF90EF90DF90CF90BF90AF909F908F9057
:1021D0007F906F9008954F925F926F927F92AF922F
:1021E000BF92CF92DF92EF92FF920F931F93CF9304
:1021F000DF936C01FB015A01A081A80FB92FB11D1B
:102200008C91ED018D3249F5229611968C9101E069
:10221000512C612C10E020E030E0A9017E0190ED0E
:10222000792E780E89E0871528F16394A8E0A61529
:10223000E8F051101150A5E0B0E00E9474649B01D9
:10224000AC01220F331F441F551F270D311D411DA7
:10225000511D2196D7018C91E1CF8B3219F0219637
:1022600000E0D6CF229611968C91FACF5110F1CF83
:102270001F5FEFCFBEEF7B1205C0511003C0552486
:102280005394E7CF662009F17F01CA01B9010E948A
:1022900044612B013C0120E030E0A9010E949260E2
:1022A00081112EC0002309F448C077FA709477F8A2
:1022B0007094F5014082518262827382CC19DD09EB
:1022C000C150F701C08366246394862DDF91CF91BE
:1022D0001F910F91FF90EF90DF90CF90BF90AF9044
:1022E0007F906F905F904F9008952AE037ED43E222
:1022F0005CE3C301B2010E94F4622B013C011E5F4A
:102300001F3F9CF31F3F59F42DEC3CEC4CEC5DE37C
:10231000C301B2010E94F4622B013C01C3CF11231F
:1023200009F220E030E040E251E4C301B2010E9432
:10233000F4622B013C011150F2CFD5014D925D9218
:102340006D927C921397BACF93B18091251D86FF31
:1023500017C09E77B9F094FB882780F995FD8260BD
:10236000292F207409F08460292F247092FD886041
:1023700091FD80612111806293FF05C08064089502
:102380009095E7CF80E00895EBE6F0E080818178DA
:102390008083E8E6F0E080818E7F8083089584B1B9
:1023A000817884B9809107018B7F809307018091A8
:1023B000080184608093080185B18E6785B980919A
:1023C000251D83FF16C080916B008E6780936B0084
:1023D0008091680081608093680084B7877F84BFA4
:1023E0008091600088618093600081E0809360004C
:1023F00008950E94C411F1CF27E030E090E0AC01D5
:10240000022E02C0559547950A94E2F7A09A40FF24
:1024100011C00000000000000000000000000000EB
:10242000000000000000A0980000000021503109C9
:1024300030F7089500000000A098000000000000A0
:102440000000000000000000000000000000EECFCF
:102450008091AC048823F1F180917A0080648093AC
:102460007A0080917A0086FDFCCF9091780080916F
:102470007900892798278927009721F0893E23E052
:1024800092075CF0109298041092990410929A04AA
:1024900010929B041092A2040895092E000CAA0B1E
:1024A000BB0B4091A7045091A8046091A9047091BE
:1024B000AA04840F951FA61FB71F8093A7049093AB
:1024C000A804A093A904B093AA048091AB048F5FE1
:1024D0008093AB04089568EF7BE18FE89BE10C9457
:1024E0007604F894F999FECF92BD81BD81E08FBB4F
:1024F00020B5862F8227082E000C990B50E08623EA
:102500009523892B49F084E16F3F11F060BD84E091
:102510008FBBF99A789408952617E1F360BD84E2A1
:10252000F7CF9F92AF92BF92CF92DF92EF92FF923E
:102530000F931F93CF93DF935C018A017B01E40E1D
:10254000F51EEB01912C6C01C61AD70ACE018C0D39
:102550009D1D21E0911007C0292D990C330B232FCD
:10256000221F2227221F6991962E920E0E9471121D
:10257000CE15DF0559F7692DC501800F911FDF9139
:10258000CF911F910F91FF90EF90DF90CF90BF9070
:10259000AF909F900C9471126AE090E080E00E94EE
:1025A000711247E451E060EA7CE181E090E00C9434
:1025B0009112F999FECF92BD81BD81E08FBB80B5AC
:1025C00008959F92AF92BF92CF92DF92EF92FF92C7
:1025D0000F931F93CF93DF935B018A017C01E40E7D
:1025E000F51EEC01912C6B01C81AD90AC6018C0F9B
:1025F0009D1F0E94D91221E0911007C0292D990C2E
:10260000330B232F221F2227221F982E920E8993ED
:10261000CE15DF0559F7C501800F911F0E94D91211
:1026200021E030E0891511F030E020E0C901DF91B0
:10263000CF911F910F91FF90EF90DF90CF90BF90BF
:10264000AF909F900895E9ECF0E080818F7E8083C9
:102650008081806180838091690E8093680EE8E6B6
:10266000FDE080E091E0DF019C011D9221503040AF
:10267000E1F70895EEEAF6E08CE3DF011D928A951A
:10268000E9F71092D40E1092AD1881E08093AD0658
:102690001092D30E0895CF93C82F80910201C130BC
:1026A00071F4806280930201809102018F7B80939C
:1026B00002010E94B404C093FF1DCF910895C2305F
:1026C00039F4806480930201809102018F7DEFCF05
:1026D0008F7B80930201809102018F7D80930201A4
:1026E00080910201877F80930201E5CF80E00E9404
:1026F000DE0480E00E94D20480E00E94C604A59817
:1027000080E00E94BA04E2E0F1E080818F7D808366
:1027100080818F7B808310988B985F988081877FE2
:10272000808308954F925F926F927F92AF92BF9293
:10273000CF92DF92EF92FF920F931F93CF93DF938D
:10274000EC015C012CE1A20EB11C8C01C12CD12C3E
:102750007601F80141905190619071908F0120E0D5
:1027600030E0A901C301B2010E949260882371F098
:10277000A3019201C301B2010E94F4629B01AC016A
:10278000C701B6010E949D5F6B017C010A151B0504
:1027900001F7C701B6010E9493636B017C01AC0194
:1027A0009B0160E070E080E89FE30E949C602B0149
:1027B0003C0169917991899199915E01F4E0AF1A98
:1027C000B108A30192010E94F462F5016083718354
:1027D00082839383C017D10761F7C701B601DF91E8
:1027E000CF911F910F91FF90EF90DF90CF90BF900E
:1027F000AF907F906F905F904F9008954F925F924F
:102800006F927F928F929F92AF92BF92CF92DF9200
:10281000EF92FF926B017C018090211D9090221D10
:10282000A090231DB090241D40901D1D50901E1D92
:1028300060901F1D7090201DA3019201C501B4017D
:102840000E94B46287FF1BC06091F01D70E090E0B1
:1028500080E00E9446612AE037ED43E25CE30E949B
:10286000F462A70196010E94F4626B017C01AC0145
:102870009B01C301B2010E9492601816BCF0409205
:10288000F41D5092F51D6092F61D7092F71D80E0C8
:1028900094E0FF90EF90DF90CF90BF90AF909F902B
:1028A0008F907F906F905F904F900895A701960151
:1028B000C501B4010E94B46287FD1FC020E030E072
:1028C000A901C701B6010E94926081110BC010924C
:1028D000F41D1092F51D1092F61D1092F71D90E058
:1028E00080E0D7CF8092F41D9092F51DA092F61D46
:1028F000B092F71D81E090E0CCCFC092F41DD09251
:10290000F51DE092F61DF092F71DA5019401C70197
:10291000B6010E949C5F20916B0E30916C0E40912D
:102920006D0E50916E0E0E94F4620E94816120E053
:1029300030E040E85FE30E949D5F0E941561CB019B
:10294000A8CF2F923F924F925F926F927F928F9279
:102950009F92AF92BF92CF92DF92EF92FF920F932E
:102960001F93CF93DF93CDB7DEB7C054D1090FB615
:10297000F894DEBF0FBECDBF8091EB1D80FD75C208
:102980009091AE188091AF18981709F46EC280919B
:10299000661A9091671A892B09F07EC01091EB1D81
:1029A00012FF7DC28091AD1826E4829FC0011124E0
:1029B0008B52914F9093671A8093661A4091661AD2
:1029C0005091671A5E834D83452B09F44EC20091E6
:1029D000361A00FF67C21092361A1092481A1092E7
:1029E000491A10924A1A10924B1AAD81BE819E96D6
:1029F0002D913D914D915C91D19729833A834B83E1
:102A00005C8360E070E080E09FE30E949C606987E7
:102A10007A878B879C87ED81FE8142A853A864A8A2
:102A200075A886A097A0A0A4B1A411FF29C3F2E0C5
:102A3000F093471AA50194010E94F4629B01AC0136
:102A4000C301B2010E949C5F6B017C0120E030E079
:102A5000A9010E94926087FF02C329813A814B81BC
:102A60005C81CA01B9010E949D5FA30192010E948D
:102A7000F4629B01AC01C501B4010E949C5F0E94FD
:102A800093636093541A7093551A8093561A9093D7
:102A9000571A18601093EB1DE0910019F8E0EF9FB2
:102AA000D0011124BA87A987FD01E055F74E809126
:102AB000351A84834090661A5090671AD201D296D4
:102AC000BC91BEA3F201F3A9FFA3D201D496BC919D
:102AD000B8A7F201F5A9F9A72091431A3091441A39
:102AE0004091451A5091461A6EA17FA18B2F9F2FBE
:102AF0000E949C5F6AAB7BAB8CAB9DAB20E030E06F
:102B0000A9010E94926087FF04C01AAA1BAA1CAAEE
:102B10001DAA2091581A2E8B3091591A3F8B409143
:102B20005A1A488F50915B1A598F8091501A8E8F84
:102B30009091511A9F8FA091521AA8A3B091531A45
:102B4000B9A3E0915C1AEAA7F0915D1AFBA7209166
:102B50005E1A2CA730915F1A3DA740914C1A4FAFD7
:102B600050914D1A21965FAF219760904E1A709048
:102B70004F1A8091471A89839091481A9EA7A09175
:102B8000491AAFA7B0914A1AB8ABE0914B1AE9AB1A
:102B9000F091541AFBAF2091551A2CAF3091561A70
:102BA0003DAF4091571A4EAF2AA53BA54CA55DA558
:102BB0006E897F89888D998D0E9492608111EFC303
:102BC00052E05EAB9EA19D83AFA1AD87B8A5B98B46
:102BD000E9A5ED8B8EE3C82E83ECD82E8EE2E82E8D
:102BE00089E3F82E1A8E1B8E1C8E1D8EA70196016E
:102BF0002AA33BA34CA35DA33981313009F449C416
:102C0000D201313008F4D3C3333009F075C49E9635
:102C10002D913D914D915C91D197C701B6010E94D4
:102C2000F4624B015C0120E030E040E05FE30E9491
:102C3000F4629B01AC016FAD21967FAD2197C3017A
:102C40000E949C5FA70196010E94F4626FAB78AF6F
:102C500089AF9AAF9B01AC016D817D8589899D8982
:102C60000E949C5F1B018C012E893F89488D598DE4
:102C70000E94926087FD0CC020E030E0A9016FA99E
:102C800078AD89AD9AAD0E94926018160CF472C4AA
:102C90002E893F89488D598D6EA17FA188A599A560
:102CA0000E949C5F9B01AC010E949D5F6B017C01B7
:102CB0002E8D3F8D48A159A16FAD21967FAD2197F3
:102CC000C3010E949D5F9B01AC01C701B6010E9438
:102CD0009C606B017C01BE8DBFAFEF8D2196EFAF85
:102CE000219768A079A02E883F88088D198DF1E082
:102CF000F983A70196016A8D7B8D8C8D9D8D0E9435
:102D00009D5F6A8F7B8F8C8F9D8F2AA13BA14CA1E9
:102D10005DA10E94926087FF67C42A8D3B8D4C8D18
:102D20005D8D6AA17BA18CA19DA10E949C5F6B011E
:102D30007C019101A8016EA57FA588A999A90E948F
:102D4000926087FD2FC38FAD21969FAD2197D30150
:102D500080934C1A90934D1AA0934E1AB0934F1A29
:102D6000F981F093471AE0910119F091021981A1BC
:102D7000811104C09091EB1D93FF33C0D201919655
:102D80009C91907309F45EC4F201EE5BFF4FC0802A
:102D9000D180E280F3808823B9F02091601A3091CD
:102DA000611A4091621A5091631A6FAD21967FADFE
:102DB0002197C3010E94F4629B01AC01C701B601D7
:102DC0000E94F4626B017C01C701B6010E94FE13F0
:102DD0009093651A8093641A8091EB1D877F80938E
:102DE000EB1D8091641A9091651AE985FA85E0558A
:102DF000F74EFE83ED839783868320913F1A3091AF
:102E0000401A4091411A5091421AB101C8010E94E2
:102E1000F4622B013C010E947B606B017C0160919C
:102E20003B1A70913C1A80913D1A90913E1A0E9473
:102E30007B604B015C01A70196010E949C5F0E9490
:102E4000156169837A838B839C83E981FA81AD81E3
:102E5000BE81ED93FC93EF2B09F001C48091EB1D33
:102E600081FFFDC381608093EB1DC05CDF4F0FB617
:102E7000F894DEBF0FBECDBFDF91CF911F910F91B0
:102E8000FF90EF90DF90CF90BF90AF909F908F908A
:102E90007F906F905F904F903F902F9008950E9489
:102EA000640C88CD8091351A8F5F893009F480E0F9
:102EB0008093351A282F30E052E2859FC0011124FB
:102EC000DC01AD5FB64E7D01B0930219A0930119EC
:102ED000ED81FE8180A190968C9390E080E04191FD
:102EE000519161917191D701A80FB91F689412F89F
:102EF000440F551F661F771F1694D1F74D935D93AE
:102F00006D937C93139704968C31910541F7AD81B5
:102F1000BE815C966D917D918D919C915F97B2E29F
:102F2000B29FA001B39F500D1124FA01ED5FF64E40
:102F30004B015C0123E0880C991CAA1CBB1C2A9540
:102F4000D1F7848E958EA68EB78E0E9444616093D1
:102F50003B1A70933C1A80933D1A90933E1AED8170
:102F6000FE8122A933A944A955A90E949C609B0116
:102F7000AC0120933F1A3093401A4093411A50936A
:102F8000421A60E070E080EA9FE30E949C606093D8
:102F9000431A7093441A8093451A9093461A1092DC
:102FA000371A1092381A1092391A10923A1A11FDE3
:102FB00002C003FF43C06091541A7091551A80916A
:102FC000561A9091571A60934C1A70934D1A809329
:102FD0004E1A90934F1A9B01AC010E94F462AD818E
:102FE000BE8196966D937D938D939C939997077F61
:102FF0000093361AD70191961C928091251D81FF6E
:10300000ECCCED81FE8181A185FFE7CCFE9620818D
:1030100031814281538160E070E080E89FE30E944B
:103020009C606093601A7093611A8093621A909307
:10303000631AE1E0D7019196EC93CFCCED81FE814C
:1030400066A177A180A591A50E94936360934C1A15
:1030500070934D1A80934E1A90934F1ACBCFC09213
:10306000481AD092491AE0924A1AF0924B1A1092DA
:10307000541A1092551A1092561A1092571A09CDD6
:103080001092471A4092581A5092591A60925A1A3E
:1030900070925B1A12FF6AC01092541A1092551A5D
:1030A0001092561A1092571AC12CD12C76018D818C
:1030B0009E810E94EF0B698B7A8B8B8B9C8B9B0183
:1030C000AC010E94F4626D837E838F839887A50193
:1030D00094010E94926087FF93C02D813E814F81B1
:1030E0005885C501B4010E949C5F29853A854B85AE
:1030F0005C850E94F4629B01AC01C301B2010E9495
:103100009C5F6093581A7093591A80935A1A90933F
:103110005B1A20E030E0A9010E94926018160CF4BE
:1031200049C032E03093471A29813A814B815C8152
:10313000CA01B9010E949D5FA30192010E94F4623D
:103140009B01AC01C501B4010E949C5F0E94936386
:103150006093541A7093551A8093561A9093571A85
:103160008091361A88608093361A93CCE091D40E01
:10317000EF5FE43209F4E0E08091AD18C12CD12C6E
:1031800076018E1751F026E42E9FF0011124EB52A8
:10319000F14FC6A0D7A0E0A4F1A4C701B6010E94D8
:1031A00093636093541A7093551A8093561A9093B0
:1031B000571A7DCFA70196016D817E818F819885F9
:1031C0000E949C5F29853A854B855C850E94F4624C
:1031D00060935C1A70935D1A80935E1A90935F1AE5
:1031E00089899A89AB89BC898093501A9093511A26
:1031F000A093521AB093531A93E09093471A49CC74
:10320000A7019601C501B4010E949C5F29853A85FA
:103210004B855C850E94F462A30192010E949D5F30
:1032200020E030E040E05FE30E94F4626D877E873B
:103230008F87988B20E030E0A9010E94B4621816B5
:103240000CF094C0A30192016D857E858F859889CD
:103250000E94926087FF88C0A70196016D817E81E0
:103260008F8198850E949C5F29853A854B855C8576
:103270000E94F4629B01AC0120935C1A30935D1AAA
:1032800040935E1A50935F1A6D857E858F8598896D
:103290000E94B4621816BCF529893A894B895C8969
:1032A0002093501A3093511A4093521A5093531A44
:1032B000A50194016D817E818F8198850E94926025
:1032C000811104C031E03093471AE3CBA50194018A
:1032D0006D817E818F8198850E949C5F29853A85CA
:1032E0004B855C850E94F4629B01AC01C301B20175
:1032F0000E949C5F6093581A7093591A80935A1ACF
:1033000090935B1AC6CB8D859E85AF85B8898093D7
:10331000581A9093591AA0935A1AB0935B1A809333
:103320005C1A90935D1AA0935E1AB0935F1A29817C
:103330003A814B815C81CA01B9010E949D5F2D8554
:103340003E854F8558890E94F462A70196010E942C
:103350009D5F0E9493636093501A7093511A8093FB
:10336000521A9093531A95CB92E047CF8091541AFA
:103370009091551AA091561AB091571A1092581A56
:103380001092591A10925A1A10925B1A8093501A7E
:103390009093511AA093521AB093531A7ACB81E0AA
:1033A0008EAB10CC2D823D86098B1D8B25CC9E9635
:1033B0002D913D914D915C91D197C701B6010E942D
:1033C000F4624B015C0120E030E040E05FE30E94EA
:1033D000F4622FAD21963FAD2197A3010E949D5F1E
:1033E000A70196010E94F4629B01AC016D817D856D
:1033F00089899D890E949C5F1B018C019B01AC0106
:103400006E897F89888D998D0E94B462181694F513
:103410002E893F89488D598D6EA17FA188A599A5D8
:103420000E949C5F9B01AC010E949D5F6B017C012F
:103430002E8D3F8D48A159A16FAD21967FAD21976B
:10344000C3010E949D5F9B01AC01C701B6010E94B0
:103450009C606B017C01BEA9B983EE8DEFAFFF8D3F
:103460002196FFAF219768A079A02E883F88088D0C
:10347000198D3FCCA50194016FAD21967FAD2197A9
:10348000C3010E949D5F6FAF21967FAF21973C01E2
:1034900030CC2E8D3F8D48A159A1C701B6010E94A5
:1034A000F4629B01AC016D817D8589899D890E94B3
:1034B0009C5F1B018C012AA53BA54CA55DA50E9424
:1034C000926087FF16CC2AA53BA54CA55DA56D8112
:1034D0007D8589899D890E949C5F2E8D3F8D48A1A5
:1034E00059A10E949C606B017C012AA43BA40CA5FD
:1034F0001DA522E02983FDCB9E962D913D914D91F6
:103500005C91D197C701B6010E94F4624B015C0146
:10351000AC019B016FAD21967FAD2197C3010E9445
:10352000B46218168CF520E030E040E05FE3C5019E
:10353000B4010E94F4629B01AC016FAD21967FAD96
:103540002197C3010E949C5FA70196010E94F4622B
:103550009B01AC016D817D8589899D890E949C5F5D
:103560001B018C012EA53FA548A959A90E94B46250
:10357000181654F4A50194016FAD21967FAD2197E3
:10358000C3010E949C5F7FCF2EA53FA548A959A9E2
:103590006D817D8589899D890E949C5F9B01AC011D
:1035A0000E949D5F6B017C012BAD3CAD4DAD5EADCE
:1035B0006FAD21967FAD2197C3010E949D5F9B0156
:1035C000AC01C701B6010E949C606B017C01BBADE0
:1035D000BFAFECAD2196EFAF21976DAC7EAC2EA4C2
:1035E0003FA408A919A985CB2AA93BA94CA95DA983
:1035F000B101C8010E94B46218169CF42EE333ECAA
:103600004EE259E36AA17BA18CA19DA10E949D5F1E
:103610006AA37BA38CA39DA32A8D3B8D4C8D5D8DCE
:1036200084CB8FAD21969FAD2197D30180934C1A07
:1036300090934D1AA0934E1AB0934F1A298120935C
:10364000471A91CB1092F41D1092F51D1092F61DA1
:103650001092F71D1092651A1092641ABDCB20913A
:10366000371A3091381A4091391A50913A1A6A8DA6
:103670007B8D8C8D9D8D0E949D5F6D837E838F835E
:103680009887A3019201C501B4010E949C5F9B0130
:10369000AC016D817E818F8198850E949C604B0179
:1036A0005C0120EC31EE44E65EE40E94F4620E948C
:1036B0007B600E941561E985FA85E055F74E603D13
:1036C00037E073078105910508F054C01582E9853C
:1036D000FA85E055F74E738362838091AF1880932B
:1036E00000198F5F8A3009F47BC08093AF18E09196
:1036F000661AF091671AC101D80182AB93ABA4ABF3
:10370000B5ABC0923B1AD0923C1AE0923D1AF092AF
:103710003E1AA3019201C701B6010E949C5FA50158
:1037200094010E94F4626093371A7093381A809360
:10373000391A90933A1A2091481A3091491A4091B7
:103740004A1A50914B1AB101C8010E94926081112E
:1037500017C99091EB1D998320E030E0A901B101D8
:10376000C8010E94B4621816F4F5A981A160A09363
:10377000EB1D7BCB603A4FE074078105910520F586
:1037800051E05583E985FA85E055F74E2581022EF3
:1037900004C096958795779567950A94D2F74981E5
:1037A0005A8102C0440F551F2A95E2F75183408386
:1037B0006115710551E08507910508F488CF8FEFF9
:1037C0009FEF9383828389CF6034AFE17A078105CD
:1037D000910518F4B2E0B583D5CF23E02583D2CF8D
:1037E0001092AF1884CFB981B2FF04C0B160B0931A
:1037F000EB1D3BCB1092671A1092661A9091D40E73
:103800008091AD18891709F4BBC881E0890F843213
:1038100009F480E02091D30E921302C08093D30E5E
:103820008093D40EADC8019708F40895EFE9FFE046
:103830003197F1F700C00000F6CF80916F008D7FC7
:1038400080936F0080918100887F816080938100E8
:1038500010928F0E8091131D9091E71D8F3F49F4B8
:1038600020916E1B211105C0903829F490E00C9432
:10387000131C9430D9F70895CF93DF930E941D1C39
:10388000E5E3FAE181E3DF011D928A95E9F7C0E9FA
:10389000DEE083E4FE0111928A95E9F71092671A3F
:1038A0001092661A1092AE181092001981E080935F
:1038B000AF1810928F0E0E94680580918E0E8F8F28
:1038C00082B1817090918D0E892B82B988B18170FF
:1038D00090918E0E892B88B9DF91CF910895AF9288
:1038E000BF92DF92EF92FF920F931F93CF93DF93DC
:1038F000EC01FC0127E08FEF9FEF215019F5E82E36
:10390000D92E85E0F82E5E0186E0A80EB11C8E014E
:10391000F80181918F010E94FB05A016B106C1F745
:103920008E2D0E94FB058D2D0E94FB0584E690E004
:103930000E94131C0E94AA058F3FB9F4FA94F1105B
:10394000E6CF37C03191832748E050E0BC01617079
:10395000772796958795672B21F031E0832730EA0A
:1039600093274150510991F7C8CF98819813E2CF1E
:103970000E94AA0599818913DDCF0E94AA059A8128
:103980008913D8CF0E94AA059B818913D3CF0E94A7
:10399000AA059C818913CECF0E94AA059D81891317
:1039A000C9CF0E94AA05E812C5CF0E94AA058D11B1
:1039B000C1CFDF91CF911F910F91FF90EF90DF90DA
:1039C000BF90AF900895CF93DF9300D000D0CDB7D4
:1039D000DEB78091251D81FF0EC08091A0008F7DF4
:1039E0008093A00026960FB6F894DEBF0FBECDBF21
:1039F000DF91CF91089586E0E9E0F2E0DE011196D3
:103A000001900D928A95E1F7CE0101960E946F1CFC
:103A1000E9CFCF92DF92EF92FF92CF93DF9300D066
:103A200000D0CDB7DEB79091E81D911110C06A01AA
:103A30007B01811119C01092F41D1092F51D109296
:103A4000F61D1092F71D0E94E31C1092F21D26969F
:103A50000FB6F894DEBF0FBECDBFDF91CF91FF90C0
:103A6000EF90DF90CF9008959091251D9270803156
:103A700081F486E0EFE0F2E0992381F08091251D4A
:103A800081FF17C0C701B6010E94FE130E942005E6
:103A9000DCCF9111F3CF86E0E5E1F2E0DE01119693
:103AA00001900D928A95E1F7CE0101960E946F1C5C
:103AB000E5CF20E030E040EC50E4C701B6010E94C1
:103AC0009C600E94156181E0898386E08A8380EF93
:103AD0008B8388E08C837D836E83CE0101960E9468
:103AE0006F1CB3CFE1E0F1E080818061808383E0EF
:103AF0008093A0008AE18093A10080E094E09093FD
:103B0000A9008093A8002091211D3091221D409191
:103B1000231D5091241D60911D1D70911E1D8091CB
:103B20001F1D9091201D0E949C5F9B01AC0160E0D5
:103B300070EC8FE794E40E949C6060936B0E70932E
:103B40006C0E80936D0E90936E0E0C94E31C2F926E
:103B50003F924F925F926F927F928F929F92AF921D
:103B6000BF92CF92DF92EF92FF920F931F93CF936A
:103B7000DF93CDB7DEB766970FB6F894DEBF0FBE02
:103B8000CDBF4C018DB79EB79E8B8D8B662359F0B0
:103B900010925D07EAEEF6E083E7DF011D928A9559
:103BA000E9F70E94231380911B0290911C02A091BF
:103BB0001D02B0911E02898B9A8BAB8BBC8B8E0140
:103BC0000F5E1F4F7E01B5E1EB0EF11CF8018191F4
:103BD0008F010E9414060E151F05C1F784E190E0C5
:103BE0000E94131CF12CE12CADB6BEB685E090E02E
:103BF0000E94131C0E94D1058A3A09F454C08F3FD9
:103C000019F0F1E0EF1AF1080FB6F894BEBE0FBE3E
:103C1000ADBE9FEFE91AF90AA4E6EA16F10421F70E
:103C200080911F0290912002A0912102B091220266
:103C300089839A83AB83BC838E010F5F1F4F7E0104
:103C4000B5E0EB0EF11CF80181918F010E94140682
:103C50000E151F05C1F790915D07EAEEF6E081E0D1
:103C60008F019111ADC0ED89FE890FB6F894FEBFAA
:103C70000FBEEDBF66960FB6F894DEBF0FBECDBF88
:103C8000DF91CF911F910F91FF90EF90DF90CF9038
:103C9000BF90AF909F908F907F906F905F904F906C
:103CA0003F902F9008950E94D105782E082F10E0A4
:103CB0008DB79EB7801B910B0FB6F8949EBF0FBEB9
:103CC0008DBFADB7BEB711966D01672DCD010E94B6
:103CD000BB050C0D1D1DF80131978081853509F05C
:103CE00093CFB5E17B1290CFF601048180E1349649
:103CF000DE01119601900D928A95E1F7D601169694
:103D00002D903D904D905C90199710915D078AEE33
:103D1000682E86E0782ED12CC12CC11600F115300A
:103D200009F472CF87E1819FD0011124FD01E65192
:103D3000F94F2082318242825382048381E090E0F5
:103D4000968B858BA151B94F80E1FE013196019090
:103D50000D928A95E1F71F5F10935D0755CFF30130
:103D60002081318142815381C201B1010E94926060
:103D7000811113C0D30114968C9108130EC0B7E1C2
:103D8000BC9DF001BD9DF00D1124E651F94F8589D0
:103D900096890196968B858B37CFEFEFCE1ADE0A88
:103DA000F7E16F0E711CB9CF44A555A5D801559602
:103DB0002D913C9177962417350708F48F018F5F7A
:103DC0009813F2CF0115110509F44DCFF80185893B
:103DD0009689409738F080E13596D40101900D9294
:103DE0008A95E1F7D80114968C910E947C088EE4A4
:103DF00093E00E94D20BF8016081718182819381EE
:103E000043E00E941E078EE493E00E94D20BD8018B
:103E100055966D917C9190E080E00E94FD078EE4C4
:103E200093E00E94D20B1FCF2F923F924F925F924E
:103E30006F927F928F929F92AF92BF92CF92DF92BA
:103E4000EF92FF920F931F93CF93DF93CDB7DEB71F
:103E50002F970FB6F894DEBF0FBECDBF082F4B01D2
:103E60006DB67EB68CE0E3E2F2E0DE0111960190E1
:103E70000D928A95E1F70E94231310E0180184E067
:103E8000220C331C8A95E1F723E02D872E013DE0BB
:103E9000430E511CF101E057F24EFF87EE8781017E
:103EA0000F56124E9E012F5F3F4F7901F70181910E
:103EB0007F010E941406E414F504C1F7F12CE12CF3
:103EC000F101EE0DFF1DEE57F24E80810E941406A7
:103ED000FFEFEF1AFF0A2EE0E216F10489F7EE85F4
:103EE000FF85E080F8018081FE2CE82EE80CF91CAB
:103EF0008F2D0E941406FE2DFF70EF2E8F2F0E9433
:103F0000140685E50E941406EE85FF85F082F8010F
:103F1000E08284E690E00E94131C0E94D1058A3A58
:103F200019F50E94D105CDB6DEB6A82EB12C2DB75D
:103F30003EB72A193B090FB6F8943EBF0FBE2DBFFE
:103F4000EDB7FEB731967F01682FCF010E94BB0508
:103F5000EA0CFB1CF70131978081853559F00FB6CB
:103F6000F894DEBE0FBECDBEFD85F150FD87F11188
:103F700099CF05C00FB6F894DEBE0FBECDBE0FB60A
:103F8000F8947EBE0FBE6DBE2F960FB6F894DEBFBE
:103F90000FBECDBFDF91CF911F910F91FF90EF909A
:103FA000DF90CF90BF90AF909F908F907F906F9059
:103FB0005F904F903F902F900895CF93C82F83EE3E
:103FC00092E00E94AF088C2F0E947C080E9470092A
:103FD00084EF91E0CF910C94131C4F925F926F92FB
:103FE0007F928F929F92AF92BF92CF92DF92EF9289
:103FF000FF920F931F93CF93DF9380916E1B8823C3
:1040000051F091E09093E71D0E94DD1F8FB7F89467
:1040100010926E1B8FBFC0916D1BCC2309F4DBC0C7
:10402000C4FF14C081E08093E81DDF91CF911F9100
:104030000F91FF90EF90DF90CF90BF90AF909F9047
:104040008F907F906F905F904F900895C0FF05C054
:104050000E94740C81E00E94CE038C2F887E09F4AC
:104060006AC08091E71D982F937009F053C0887241
:10407000A9F08091E91D807C89F40E94EA0482E025
:104080008093EB1D8091E71D803241F480E2C7FDF3
:104090000CC08091E91D80688093E91D8091E71D27
:1040A000811103C091E09093E91DC6FF07C085FD13
:1040B00005C09091E91D90649093E91DC3FF05C070
:1040C000807E19F480E18093E71DC5FF23C08EE553
:1040D00095E00E94AF0882E295E00E94AF080E943E
:1040E0008C0B8091E91D87FD10C09091E71D9034E5
:1040F00051F483FF04C0837E82608093E91D80E4D5
:104100008093E71D02C09038D1F78091E91D80624D
:104110008093E91DC7FF0CC08091E71D813029F411
:104120008091E91D85608093E91D80E88093E71DFB
:1041300088EE0E94CE03C1FF28C08C2F887611F52F
:104140008091E71D803441F48091E91D85FD04C014
:1041500084FFF4C01092E71D8091E71D882309F4C5
:10416000F3C084FF0FC09091E91D90FF0BC0803118
:1041700009F0EAC08091F11D882309F4E5C0886048
:104180008093F11D82E00E94CE03C2FF24C0909173
:10419000E91D8091E71D807D09F4EFC08091EA1D43
:1041A0008111EBC097FDEBC00E94EA048091D40E10
:1041B0008093D30E0E942A0F8091EB1D81FF05C0D2
:1041C0009091E91D91609093E91D897F8093EB1D8B
:1041D00084E00E94CE0390916F1B992309F44DC097
:1041E0008FB7F89410926F1B8FBF4091EE1D842FF4
:1041F00090FD84E691FD865F92FD8A5093FD8F5F6E
:1042000094FD8150893C08F088EC8A3008F48AE0FB
:104210003091EF1D232F95FD24E696FD22E397FDB7
:1042200029E1481302C0231741F18093EE1D20932A
:10423000EF1D1092F21D8090D40E4090AD18C82D45
:1042400089E9B82E96E7E92E26E9F22EDEE736E474
:10425000532EC411AFC08B2D9E2DAF2DBD2F80933B
:10426000E6069093E706A093E806B093E9060E945D
:10427000EA048092D30E0E942A0F9091701B99231A
:1042800009F445C08FB7F8941092701B8FBF20912E
:10429000F01D822F90FD84E691FD865F92FD8A508D
:1042A00093FD8F5F94FD8150893C08F088EC8A3043
:1042B00008F48AE0281749F02091EB1D286020932C
:1042C000EB1D8093F01D1092F21D8091E71D95FF6C
:1042D00009C0803139F42091F11D2111C0C022E0C4
:1042E0002093F11D292F207C91F0882311F08871F3
:1042F00071F08091801B97FF03C087FFB4C08F7758
:1043000096FF03C086FFB1C08F7B8093801B809196
:10431000E71D8C7F09F489CEDF91CF911F910F911A
:10432000FF90EF90DF90CF90BF90AF909F908F90D5
:104330007F906F905F904F900C94A11482FF0CCFF0
:1043400088608093E91D08CF1092EB1D0E94640CD9
:10435000892B71F08091E91D86FD0AC01092E91D3C
:1043600088E08093E71D0E94A1140E940E050ACFE9
:104370001092E91D1092E71D05CF97FF0AC0109219
:10438000EB1D0E943A130E943C1C0E946B120E947B
:10439000DE0B8091E91D85FF08C08F7781608093D7
:1043A000E91D80E48093E71D13CF1092E91D109260
:1043B000E71D0ECFCC2ED12CC59DC00111248B52F0
:1043C000914F0E94EF0B3B01982EA92E2B2D3E2DD5
:1043D0004F2D5D2F0E94B4625C9C80015D9C100D8E
:1043E00011240B52114F18169CF52B2D3E2D4F2DDD
:1043F0005D2F6B2D7E2D8F2D9D2F0E94F462F80175
:1044000062A773A784A795A75C9C80015D9C100D93
:1044100011240B52114FF801C6A8D7A8E0ACF1AC9B
:10442000A701960162A573A584A595A50E94B46213
:1044300018162CF4F801C2A6D3A6E4A6F5A6CF5F01
:10444000C43209F4C0E0B62CE72CF92CDA2D01CFE8
:104450009301492D5A2DB301892D9A2DCECF20FFDE
:1044600041CF24603DCF80684BCF80644ECFCF9248
:10447000DF92EF92FF920F931F93CF93DF930E94EF
:10448000ED1F8091E91D882309F460C00E94640C2F
:104490000097D1F5C091811B8091801BC82BC090E3
:1044A000821BD090831BE090841BF090851B809131
:1044B000251D81FF03C080E20E94B603C073D1E0D6
:1044C0008091E91D882309F441C09091E81D911164
:1044D0003DC080FF16C09091E71D292F207C09F474
:1044E00084C082FD1BC01092F11D40E050E0BA0173
:1044F00080E00E94091D8091E91D8D7F846080937A
:10450000E91D0E94ED1FDCCFFC01C1A18E5B9F4F16
:10451000FC01C080D180E280F380C9CF903811F5D2
:104520008EE595E00E94AF0889ED94E00E94AF0807
:104530000E948C0B40E050E0BA0180E00E94091D0F
:104540000E941D1C8091E81D882349F0DF91CF91C6
:104550001F910F91FF90EF90DF90CF9008950E94F0
:10456000ED1FF0CF903429F4909106018F7D809358
:10457000E91D8091E91D83FFC4CF9091811B992390
:1045800059F081FDBECF8091251D81FF10C0809123
:10459000EB1D88608093EB1D8091E91D81FDB1CFFB
:1045A00080618093E91D82E00E94D803AACFB70101
:1045B000A6018C2F0E94091D01E510E00150110990
:1045C00059F38091E81D8111E7CF0E94ED1F809182
:1045D000E91D81FD96CFFFEF20E782E0F1502040FA
:1045E0008040E1F700C00000E9CF8091F11D8823F1
:1045F000C9F181FF0DC08091811B882351F140E0FA
:1046000050E0BA0180E00E94091DD093F11D79CFDE
:104610008C7009F476CF8091811B882399F08EE508
:1046200095E00E94AF0882EE94E00E94AF080E94DD
:104630008C0B8091251D81FF0FC08091EB1D886040
:104640008093EB1D8091F11D83FF03C082E00E94E7
:10465000D8031092F11D55CFB701A6018C2F0E94EF
:10466000091DF0CF8091EB1D83FF4BCFB701A60151
:104670008C2F0E94091D8091EB1D877F8093EB1D7D
:1046800040CF0E94220F0E9437228091E81D8111A5
:1046900008C00E94640C892BB1F78091E71D883017
:1046A00091F308950E9441231092F31D0895CF9233
:1046B000DF92EF92FF92CF939091E71D923079F0C5
:1046C0006A017B01C82F0E944123B701A6018C2FEC
:1046D000CF91FF90EF90DF90CF900C94091DCF9178
:1046E000FF90EF90DF90CF9008950F931F93CF939B
:1046F000DF938B0121E031E0829FE001839FD00DA9
:104700001124DD5F40E051E0BE01C8010E94E112CA
:10471000892B81F4F80110820E94412340E051E08E
:10472000B801CE010E94911280E0DF91CF911F91DC
:104730000F91089581E0F9CF0F931F93CF93C82F66
:104740008B010E9441232DE1C29FC00111244CE145
:1047500050E0B8019E5FCF911F910F910C94911280
:104760001F93CF93DF93182FEB018DE1189FB001BA
:1047700011247E5F4CE150E0CE010E94E112892BB2
:1047800071F48CE1FE0111928A95E9F7BE01812F47
:104790000E949C2380E0DF91CF911F91089581E0DA
:1047A000FACF4F925F926F927F928F929F92AF92C9
:1047B000BF92CF92DF92EF92FF920F931F93CF930E
:1047C000DF93CDB7DEB76C970FB6F894DEBF0FBEA0
:1047D000CDBF182F80FF31C28AE08093101D89E180
:1047E0008093131D1092111D82E08093121D8093FF
:1047F000141D8AE097EDA3E2BCE38093151D90930E
:10480000161DA093171DB093181D8FE692E1A3E02B
:10481000BBE38093191D90931A1DA0931B1DB093A9
:104820001C1D80E090E0AFE7B3E480931D1D9093E2
:104830001E1DA0931F1DB093201D1092211D1092CC
:10484000221D1092231D1092241D1092261D80E01F
:1048500090E0A8ECB1E48093271D9093281DA093CD
:10486000291DB0932A1D80E090E0A6E1B4E4809376
:104870002B1D90932C1DA0932D1DB0932E1D8AEF00
:1048800090E09093301D80932F1D80E090E0A0E099
:10489000B0E48093311D9093321DA093331DB093EB
:1048A000341D88E18093251D80E090E0A8ECB3E4FE
:1048B0008093A01C9093A11CA093A21CB093A31C56
:1048C0008093A41C9093A51CA093A61CB093A71C36
:1048D0008093A81C9093A91CA093AA1CB093AB1C16
:1048E00080E090ECAAE5B5E48093BC1C9093BD1CDD
:1048F000A093BE1CB093BF1C8093C01C9093C11C9E
:10490000A093C21CB093C31C8093C41C9093C51C7D
:10491000A093C61CB093C71C80E098ECAFEAB9E442
:104920008093D81C9093D91CA093DA1CB093DB1C05
:104930008093DC1C9093DD1CA093DE1CB093DF1CE5
:104940008093E01C9093E11CA093E21CB093E31CC5
:1049500080E090E0A8ECB3EC8093F41C9093F51CFD
:10496000A093F61CB093F71C8093F81C9093F91C4D
:10497000A093FA1CB093FB1C8093FC1C9093FD1C2D
:10498000A093FE1CB093FF1C80E090E0ACE5B2EC7D
:1049900080933E1D90933F1DA093401DB093411DF9
:1049A0001092421D1092431D1092441D1092451DFD
:1049B00080E090E0A8E5B2EC8093461D9093471DFF
:1049C000A093481DB093491D8DEC9CECACE8BFEB67
:1049D0008093E21D9093E31DA093E41DB093E51D29
:1049E00086E28093E61D1092351D1092361D1092BE
:1049F000371D1092381D1092391D10923A1D1092D9
:104A00003B1D10923C1D10923D1D4AE4C42E4DE109
:104A1000D42E5EEDE52EFF24FA946DEC462E6CEC60
:104A2000562E6CE4662E6EEB762E812C912C76EF52
:104A3000A72E72ECB72EF6014192519261927192BB
:104A40006F01B7010F2C000C880B990B0E94466177
:104A5000F601648B758B868B978B84A695A6A6A68C
:104A6000B7A6F3E2EF1AF1088CE0E8168FEFF8062C
:104A700011F7E2E9FDE181E070EC60E453E04AE027
:104A800036E022E392E280831182128213827483E1
:104A90006583168217821086118652874387348772
:104AA0002587868797877096ADE1E23DFA0759F72B
:104AB0001092D21D1092D31D1092D41D1092D51DAC
:104AC0001092D61D1092D71D1092D81D1092D91D8C
:104AD0001092DA1D1092DB1D1092DC1D1092DD1D6C
:104AE0001092DE1D1092DF1D87E08093E01D84E0B0
:104AF0008093E11D80E090E0A4EBB3E48093AC1CD4
:104B00009093AD1CA093AE1CB093AF1C80E090E0DE
:104B1000AAEFB4E48093C81C9093C91CA093CA1C4C
:104B2000B093CB1C80E098ECAFEAB8E48093E41C2F
:104B30009093E51CA093E61CB093E71C80E090E006
:104B4000A8E4B3EC8093001D9093011DA093021D77
:104B5000B093031D812C912C20EAA22E23E4B22EC7
:104B60008092B01C9092B11CA092B21CB092B31C67
:104B700040E050E06AE775E44093CC1C5093CD1CB4
:104B80006093CE1C7093CF1CC12C38ECD32E3FEA1F
:104B9000E32E39E4F32EC092E81CD092E91CE09297
:104BA000EA1CF092EB1C8093041D9093051DA093CA
:104BB000061DB093071D8092B41C9092B51CA09264
:104BC000B61CB092B71CC092EC1CD092ED1CE092C7
:104BD000EE1CF092EF1C4093D01C5093D11C6093BC
:104BE000D21C7093D31C8093081D9093091DA09331
:104BF0000A1DB0930B1D8092B81C9092B91CA09214
:104C0000BA1CB092BB1CC092F01CD092F11CE09276
:104C1000F21CF092F31C4093D41C5093D51C60936B
:104C2000D61C7093D71C80930C1D90930D1DA093E0
:104C30000E1DB0930F1D0E94CC1211FF0FC0FE017C
:104C400031967F018CE111928A95E9F700E0B70176
:104C5000802F0E949C230F5F0830C9F712FF14C0F9
:104C600060E080E093E00E94711260E081E093E0F8
:104C70000E94711260E081E094E00E94711260E095
:104C800082E094E00E94711213FF0AC060E08EEA95
:104C900093E00E94711260E08FEA93E00E9471122B
:104CA0006C960FB6F894DEBF0FBECDBFDF91CF91EB
:104CB0001F910F91FF90EF90DF90CF90BF90AF903A
:104CC0009F908F907F906F905F904F900895EF929C
:104CD000FF920F931F93CF93DF93CDB7DEB7659706
:104CE0000FB6F894DEBF0FBECDBFE5E1FE2EEFE2BA
:104CF000F2E0DE01119601900D92FA94E1F7823014
:104D0000910549F1E0F4019709F162307105B1F1C3
:104D100040F56130710571F14230510509F441C02F
:104D200098F541305105C9F12230310509F457C0D9
:104D3000F0F52130310509F445C01F8657C0833096
:104D4000910561F0049709F78FEF03C08FEF8E8311
:104D50008F838887DACF8FEF8F83D7CF8FEF8E83C4
:104D6000D4CF6330710569F08FEF64307105A1F61F
:104D70008B87D2CF8FEF89878A87FACF8FEF8A8789
:104D8000CBCF8FEF8987C8CF4330510569F08FEFC4
:104D90004430510549F68E87C7CF8FEF8C878D87BA
:104DA000FACF8FEF8D87C0CF8FEF8C87BDCF2330A9
:104DB0003105D1F02430310509F0BFCF1F86188AA4
:104DC0008FEF03C08FEF8F87888B898B023011059F
:104DD000E1F170F401301105A9F01A8A3DC01F8677
:104DE0008FEF888B198AF2CF8FEF8F87188AFACFCF
:104DF0000330110579F10430110579F71A8A1B8AFD
:104E00008FEF03C08FEF8A8B8B8B8C8B8E010F5FA4
:104E10001F4F7E0186E1E80EF11CF80181918F01A0
:104E20000E94FB050E151F05C1F784E690E065960C
:104E30000FB6F894DEBF0FBECDBFDF91CF911F91AB
:104E40000F91FF90EF900C94131C1A8A8FEF8B8BAD
:104E50001C8ADCCF8FEF8A8B1B8AFACFCF93DF932C
:104E6000D82FA198A19AF894C0EAD13019F580E022
:104E70000E94FC118FEF0E94FC1180E00E94FC1147
:104E8000C15099F778948CE390E0A0E0B0E08A30CC
:104E90009105A105B105E8F425E02A95F1F7000098
:104EA0000197A109B1090097A105B10581F7DF912B
:104EB000CF910895D23029F48FEF0E94FC1180E049
:104EC000DACF80E00E94FC1180E00E94FC118FEF9D
:104ED000D5CF25E32A95F1F700000A97A109B1097A
:104EE000E2CF80916D1B84FD20C080E10E94D80339
:104EF0000E94E31C0E9476139091E71D892F8C720B
:104F000021F48091EB1D867059F0943079F48091F2
:104F10006E1B811103C086E00E94C8030E941D1C05
:104F200081E00E942E271092081E089583E0F4CF9E
:104F30003F924F925F926F927F928F929F92AF9229
:104F4000BF92CF92DF92EF92FF920F931F93CF9376
:104F5000DF93CDB7DEB766970FB6F894DEBF0FBE0E
:104F6000CDBF9091E71D913009F43FC198E0E4E492
:104F7000F2E0DE01119601900D929A95E1F798E02A
:104F8000ECE4F2E0DE01199601900D929A95E1F7BA
:104F900096E0E4E5F2E0DE01519601900D929A95DB
:104FA000E1F79091721B9093711B8E01075F1F4F69
:104FB000882309F4A0C0CE0101966C01F60181910D
:104FC0006F010E94FB050C151D05C1F784E690E0FA
:104FD0000E94131C0E94AA058F3FE1F722E3D22E04
:104FE0005E01F7E1AF0EB11C812C38E0932E8E01EB
:104FF0000F5E1F4FF80181918F010E94FB050A157A
:105000001B05C1F784E690E00E94131C0E94AA05CC
:105010008F3F61F5C4018E199F09F1E0EF16F8E0AA
:10502000FF0610F0C70198508436910508F03FC084
:1050300081E08093FD1D88EC90E066960FB6F894B1
:10504000DEBF0FBECDBFDF91CF911F910F91FF90BB
:10505000EF90DF90CF90BF90AF909F908F907F9018
:105060006F905F904F903F900C94131C8E3F71F6A1
:105070000E94AA058E3F51F60E94AA05853031F69E
:105080000E94AA05813011F60E94AA05823009F01B
:10509000BDCF0E94AA05082F0E94AA05182F0E94C2
:1050A000AA058A3F09F0B2CFF02EE12EAFCFDA94F5
:1050B000D1109DCF81E08093E71D8AE00E94DD1F23
:1050C0000E94712766960FB6F894DEBF0FBECDBF63
:1050D000DF91CF911F910F91FF90EF90DF90CF90D4
:1050E000BF90AF909F908F907F906F905F904F9008
:1050F0003F900C9437224E0181E1880E911C68018B
:10510000F60181916F010E94FB05C814D904C1F713
:1051100084E690E00E94131C0E94AA058F3FE1F7ED
:1051200082E3382E2E01F7E14F0E511C96EF692EC7
:1051300099E0792E5401F50181915F010E94FB05F0
:10514000A414B504C1F784E690E00E94131C0E94E9
:10515000AA058F3FB1F4F7EFEF16F9E0FF0680F1F3
:10516000C701865F994084369105D8F51092FD1DE0
:10517000F80181918F010E94FB05C016D106C1F78D
:105180005ACF8E3F21F70E94AA058E3F01F70E9459
:10519000AA058530E1F60E94AA058130C1F60E9479
:1051A000AA058230A1F60E94AA05A82E0E94AA058F
:1051B000B82E0E94AA058A3F51F6FA2CEB2CC7CFD5
:1051C000C3018E199F098436910558F41092FD1D74
:1051D000F80181918F010E94FB05C016D106C1F72D
:1051E0002ACF3A943110A6CF65CF66960FB6F894C1
:1051F000DEBF0FBECDBFDF91CF911F910F91FF900A
:10520000EF90DF90CF90BF90AF909F908F907F9066
:105210006F905F904F903F900895CF93C82F81E09B
:105220009C2F9870C3FF80E08093FE1D911103C0F6
:1052300081E00E94BA04C1FB882780F98093061E92
:1052400080916E1B811108C0C7FD06C00E947127A6
:1052500081E0CF910C94C803CF9108952F923F9293
:105260004F925F926F927F928F929F92AF92BF9276
:10527000CF92DF92EF92FF920F931F93CF93DF9322
:10528000CDB7DEB7C658D1090FB6F894DEBF0FBE52
:10529000CDBFE9967FAF6EAFE997B090AD182B2DDB
:1052A00030E0E3963FAF2EAFE39726E4B29EA00135
:1052B0001124BA016B52714FEB967FAF6EAFEB9733
:1052C000DB011D922A95E9F7E996EEADFFADE9976E
:1052D0002485DB0191962C93FB01EE5BFF4FE99651
:1052E000AEADBFADE99714964D915D916D917C91F6
:1052F0001797408351836283738318964D915D9114
:105300006D917C911B97EB96EEADFFADEB9742A3B1
:1053100053A364A375A321FFE9C12CE1E8EFFBE1EE
:10532000DE01D99601900D922A95E1F7E4968FAFB0
:10533000E497E5969FAFE59720EA3CE1CD57DF4F34
:1053400039832883C358D040BE01635E7F4FCF5757
:10535000DF4F79836883C158D040CE01C996C158C8
:10536000DF4F99838883CF57D040EB96AEADBFAD6A
:10537000EB97EF96BFAFAEAFEF974E01B5E58B0E53
:10538000911CED969FAE8EAEED9710E086E4E3960D
:10539000EEADFFADE3978E9F10018F9F300C11246F
:1053A00091012B52314F1901B901645E7F4FCB57E8
:1053B000DF4F79836883C558D04070E2270E311CD7
:1053C000E596AEADBFADE5976D917D918D919D91C7
:1053D000E596BFAFAEAFE597CD57DF4FE881F981D6
:1053E000C358D0404190519061907190CD57DF4F9C
:1053F000F983E883C358D040A30192010E94F4626C
:105400000E94C162CF57DF4FA881B981C158D040F7
:105410006D937D938D939D93CF57DF4FB983A88371
:10542000C158D040C158DF4FE881F981CF57D040F3
:10543000C190D190E190F190C158DF4FF983E8839A
:10544000CF57D0406C197D098E099F099B01AC0193
:1054500097FF07C022273327A901261B370B480BCC
:10546000590BEF96AEADBFADEF972D933D934D9396
:105470005D93EF96BFAFAEAFEF97CB57DF4FE881AD
:10548000F981C558D040C080D180E280F380C21637
:10549000D306E406F50610F469017A01CB57DF4F15
:1054A000A881B981C558D040CD92DD92ED92FC9291
:1054B00013970E944661A30192010E949C60ED96A1
:1054C000EEADFFADED976193719381939193ED965E
:1054D000FFAFEEAFED9720E030E0A9010E949260AF
:1054E00087FF07C0812F0E943405D1019C91892B31
:1054F0008C931F5F173009F063CF80E0CD28CE2852
:10550000CF2809F4D9C0CE018B5A9F4F0E94921325
:105510006B017C0186E4E396EEADFFADE3978E9FD1
:1055200080018F9F100D11240B52114FD801D2967C
:10553000CD92DD92ED92FC92D597BE016B5A7F4FD2
:1055400088ED9CE10E949510F80166A777A780ABD3
:1055500091ABBE016B5A7F4F8CEB9CE10E94951082
:10556000D801DA966D937D938D939C93DD979196F8
:10557000AC90025C1F4FA0FEBDC0F8016083718338
:10558000828393838091D40EB81611F0A1FECDC012
:1055900086E4E3962EAD3FADE397829FF001839FB3
:1055A000F00D1124EB52F14F16A217A210A611A66E
:1055B00016AA17AA10AE11AE86E4E396EEADFFADC3
:1055C000E3978E9F80018F9F100D11240B52114F76
:1055D000D80191968C9181FD6EC0EB968EAD9FADFA
:1055E000EB970E94EF0B6B017C018090E606909098
:1055F000E706A090E806B090E906AC019B01C50162
:10560000B4010E94926087FF6DC1A5019401C5019C
:10561000B4010E94F462F80162A773A784A795A75A
:1056200086E4E396EEADFFADE3978E9F80018F9FFA
:10563000100D11240B52114FD801D6968D909D90CC
:10564000AD90BC90D997A50194019A966D917D91EA
:105650008D919C919D970E94B46218162CF4F801CC
:1056600082A693A6A4A6B5A6C092E606D092E706A7
:10567000E092E806F092E9068CE1FE01EB5AFF4F5A
:10568000AAECB6E001900D928A95E1F78CE1FE015B
:105690007D96AEEAB6E001900D928A95E1F7809191
:1056A000AD068093AD188F5F843209F480E080935B
:1056B000AD060E942A0F81E0CA57DF4F0FB6F8945B
:1056C000DEBF0FBECDBFDF91CF911F910F91FF9035
:1056D000EF90DF90CF90BF90AF909F908F907F9092
:1056E0006F905F904F903F902F9008952CE1EEEADD
:1056F000F6E016CEE996AEADBFADE9972D913D919E
:105700004D915C91A3FC06C0F80120833183428354
:10571000538338CFC701B6010E94F462D8016D935C
:105720007D938D939C9313972DCF6AEC76E0E99649
:105730007FAF6EAFE9978E010F5F1F4F14017CE1C1
:10574000270E311CC12CD12C76015801E996EEAD03
:10575000FFADE99781919191A191B191E996FFAF48
:10576000EEAFE997E7968CAF9DAFAEAFBFAFE797CF
:10577000D4014D905D906D907D904D01A3019201FB
:10578000E7966CAD7DAD8EAD9FADE7970E94F4625C
:105790009B01AC01C701B6010E949C5F6B017C01BB
:1057A000E7962CAD3DAD4EAD5FADE797C301B201BD
:1057B0000E949C5FF80161937193819391938F0193
:1057C0002814390419F62FEE3FEF4FE75FE3C701C6
:1057D000B6010E94B46218166CF486E4E3962EAD0E
:1057E0003FADE397829FF001839FF00D1124EB52B0
:1057F000F14FDECE2FEE3FEF4FE75FEBC701B60173
:105800000E94926087FF15C086E4E3966EAD7FAD7F
:10581000E397869FF001879FF00D1124EB52F14F23
:1058200089E996E7A6E9BEE786AB97ABA0AFB1AF33
:10583000C3CEC5010E949213B50188ED9CE10E9480
:1058400095104B015C01A701960160E070E080E8D3
:105850009FE30E949C5F20E030E040E05FE30E9415
:10586000F4620E9493636B017C012091151D3091BD
:10587000161D4091171D5091181DC501B4010E94BD
:10588000F462A70196010E94F4624B015C01A7013A
:10589000960160E070E080E89FE30E949C5F9B01BE
:1058A000AC01C501B4010E949C606B017C0120E049
:1058B00030E0A9010E94926087FF03C0C12CD12C67
:1058C000760186E4E396AEADBFADE3978A9FF00123
:1058D0008B9FF00D1124EB52F14FC6AAD7AAE0AE70
:1058E000F1AE6ACEA7019601C701B6010E94F4622B
:1058F000D8019A966D937D938D939C939D9790CEAE
:10590000AF92BF92CF92DF92EF92FF920F931F93CD
:10591000CF93DF93CDB7DEB7A9970FB6F894DEBF6C
:105920000FBECDBF9091E71D913009F47EC0182FB6
:105930000E9441230E94B2040E94C4118091E81D7C
:10594000811173C05E018DE1A80EB11C8DE0F501DF
:1059500011928A95E9F786E089A720E030E040E4DB
:1059600050EC6091041D7091051D8091061D909171
:10597000071D0E94F4626B017C0120E030E0A90168
:105980000E94926087FF03C0C12CD12C760168EF82
:105990007BE1CE0101960E9476041092081C1092C1
:1059A000091C10920A1C10920B1C112309F44EC002
:1059B000C98ADA8AEB8AFC8A80E48093ED1D80E054
:1059C00090E0A8E4B2E48D8F9E8FAF8FB8A3B501AD
:1059D000CE0101960E942E2984E08093EB1D0E9447
:1059E000A1140E940E0500E4112311F07D9B00E03C
:1059F0000093ED1D0E94A11480916D1B847309F426
:105A000057C010916D1B14FF03C086E00E94C803AD
:105A100015FF03C087E00E94C80380916E1B882396
:105A200011F10E9471270E943722A9960FB6F894AF
:105A3000DEBF0FBECDBFDF91CF911F910F91FF90C1
:105A4000EF90DF90CF90BF90AF9008958091E21DCE
:105A50009091E31DA091E41DB091E51D898B9A8B77
:105A6000AB8BBC8BA9CF84E00E94CE030E943C1C70
:105A700080912F1D9091301D0E94131C1092081CC4
:105A80001092091C10920A1C10920B1C1092EB1D14
:105A90000E9437228091E81D8111C7CF0E946B12AE
:105AA0000E94DE0B0E94CF110E9441235F98BDCF60
:105AB00001119ACFDBCFEF92FF921F93CF93DF9329
:105AC000EC017B018091251D85FF26C01091E71D0B
:105AD000103231F18091771B8C38F0F4CE010E94A6
:105AE000E1038823C9F081E08093EA1D183069F44E
:105AF00088E00E94D8030E9437228091E81D81111E
:105B00000BC08091E71D8111F6CF0E94712782E0C2
:105B10000E94C8030E9437228091E71D8230C1F0A5
:105B20000E9437228091E81D811112C09091D40EFD
:105B30008091AD06981303C00E94220FF1CFB701E8
:105B4000CE01DF91CF911F91FF90EF900C942E2901
:105B5000DF91CF911F91FF90EF9008952F923F9288
:105B60004F925F926F927F928F929F92AF92BF926D
:105B7000CF92DF92EF92FF920F931F93CF93DF9319
:105B8000CDB7DEB7E7970FB6F894DEBF0FBECDBF37
:105B90009091E81D911114C18DAB9E01235E3F4F82
:105BA0003AAB29AB8DE0D9011D928A95E9F786E0E1
:105BB00089A720EAA22E2CE1B22EFE01BA964F014F
:105BC00010E000E0C12CD12C7601FDA92F2E312C44
:105BD000802F0E944E05D4018D934D01C101002EEE
:105BE00002C0959587950A94E2F780FF1BC020E0DC
:105BF00030E040EC5FEBF501EC5AFF4F60817181C2
:105C0000828193810E94F462762E472E582E692E4F
:105C1000A70196010E94926087FD04C0C72CD42C76
:105C2000E52CF62C0F5F1F4FB4E0AB0EB11C073014
:105C3000110571F680902B1D90902C1DA0902D1DAC
:105C4000B0902E1D94E0692E01E068EF7BE1CE015B
:105C500001960E9476048091261DE82FF0E0FCABAF
:105C6000EBABFE01319688EF482E8BE1582E5FAAF0
:105C70004EAA712C10E030E020E0B701A601705868
:105C8000C101022E02C0959587950A94E2F780FF24
:105C900028C07394AEA9BFA91D921D921D921C929B
:105CA00013978BA99CA9022E02C0959587950A94FB
:105CB000E2F780FF07C0002339F0408351836283FD
:105CC000738306C00023C9F3C082D182E282F382CB
:105CD0008AE290E08C0F9D1F820F931FDC018C9154
:105CE000182B2F5F3F4F34968EA99FA904969FAB28
:105CF0008EAB2730310521F6672D70E090E080E013
:105D00000E9444610E9493631093ED1DA5019401CC
:105D10000E94F4626D8F7E8F8F8F98A3BE01635EA9
:105D20007F4FCE0101960E942E2994E09093EB1DA7
:105D30000E94A1140E940E050023E9F00E94A41104
:105D4000FE01BA9630E020E090E06191462F4123B9
:105D500059F0AC01022E02C0559547950A94E2F71E
:105D600040FF02C0609516232F5F3F4F273031055B
:105D700061F71093ED1D0E94A11480916D1B847337
:105D800009F47AC010916D1B14FF03C086E00E94D5
:105D9000C80315FF03C087E00E94C803011182C039
:105DA0000E94A411ADA98A2319F088E00E94C803BB
:105DB00080916E1B8823E9F00E9471270E94372290
:105DC000E7960FB6F894DEBF0FBECDBFDF91CF913F
:105DD0001F910F91FF90EF90DF90CF90BF90AF9009
:105DE0009F908F907F906F905F904F903F902F90FB
:105DF000089584E00E94CE030E943C1C80912F1DD8
:105E00009091301D0E94131CB1E00B27D1F120E0CE
:105E100030E040EA50E46091311D7091321D809174
:105E2000331D9091341D0E94F4626B017C018090BF
:105E3000271D9090281DA090291DB0902A1D6A94BE
:105E4000611003CF90E080E09101082E02C03595EB
:105E500027950A94E2F720FF05C0F2011082118213
:105E6000128213820196F4E04F0E511C8730910587
:105E700059F71092EB1DA4CF812F8E7F09F05CCFD4
:105E8000BBCFC090311DD090321DE090331DF090FB
:105E9000341D80902B1D90902C1DA0902D1DB09036
:105EA0002E1DCDCF12FF84CF89E080CFCF93C82F96
:105EB0000E94C4118C2FC11104C084E00E94AE2D39
:105EC00083E00E94AE2D0E9437228091E81D81114F
:105ED00007C00E946B120E94DE0BCF910C94CF1171
:105EE000CF910895CF93DF93C8E9D4E06F85788987
:105EF00089899A892AE030E040E050E00E944D64B0
:105F0000B901330F880B990B0E94466120E030E005
:105F10004FE253E40E94F46220E030EC4FE754E497
:105F20000E949C6020E030E048EC51E40E949D5FBC
:105F300020E030E040E251E40E94F4620E9461639C
:105F400020E030E040E251E40E949C606883798365
:105F50008A839B8321E02A871F86188A198A1A8AD6
:105F60001B8A2C8B20E030E049E353E40E949C5FC5
:105F70006093091E70930A1E80930B1E90930C1E53
:105F8000DF91CF9108952F923F924F925F926F923F
:105F90007F928F929F92AF92BF92CF92DF92EF92B9
:105FA000FF920F931F93CF93DF93CDB7DEB7CC57FC
:105FB000D1090FB6F894DEBF0FBECDBF6C01EDE284
:105FC000F4E08EE5DF011D928A95E9F78BE0E7E7C3
:105FD000FBE1AEE2B4E001900D928A95E1F7F601A3
:105FE0008081843219F12B961FAE2B9762961FAEDB
:105FF0006297A0961FAEA097312C212CA5961FAEBC
:106000001EAEA5976A961FAE6A972C961FAE2C9768
:1060100066961FAE669766246394712CAAE0EA2EFA
:10602000F12CB1E64B2EB3E05B2E8CC181E0809366
:106030002E0410922F0483E02B968FAF2B97F1E064
:106040006296FFAF6297D5CF60962FAD60972154CF
:106050006E962FAF6E972A3110F00C9453428F5FDB
:106060002B968FAF2B97AE014A5B5F4FBE01665BED
:106070007F4FC6010E94EB10882311F40C94564206
:106080002A968CAC9DACAEACBFAC2A97C501B401CE
:106090000E94D7630E941561162F70E090E080E0A7
:1060A0000E9446619B01AC01C501B4010E949C5F46
:1060B00020E030E048EC52E40E94F4620E94616308
:1060C0000E941561CB0160963FAD6097373409F4AB
:1060D00029C03D3409F49EC16E962FAD6E97E22F14
:1060E000220FFF0B8827E858FF4C8F4F0C946C64ED
:1060F0006132A432B532C632A630D732A630A630CD
:10610000E132F23203331433A6301833A63026338B
:1061100030333D3347335133A630A630A630663393
:1061200077338833113379F108F041C0163180F4A8
:10613000143108F0E7C0143009F447C008F4C3C0B4
:106140001A3071F018F0113108F0C8C084E1A1C014
:10615000163209F4B8C088F41C3111F01E31B1F7C1
:10616000009799F566964FAD669741110C94594288
:10617000A1E06696AFAF669728C007E0183209F431
:1061800084C01B3219F76696FFAD6697F1110C9427
:106190005942113309F4C6C00A97C1F621E0209391
:1061A000330408E033E066963FAF669721C01435AC
:1061B00008F050C0113508F086C01C3358F516336E
:1061C00008F0A6C0153309F0C1CF10932D04212F7C
:1061D0002D7F2C3121F000E01C3509F056C00097CE
:1061E00019F00A9709F0B2CF610F60932D0400E017
:1061F000C301002E02C0880F991F0A94E2F7A596EA
:106200002EAD3FADA59728233923232B09F490C049
:1062100085E13FC01D3309F480C0103509F096CFE9
:1062200010932E0401E0163281F58431910551F06E
:106230008E31910539F08832910521F08233910534
:1062400009F084CFB7010E941764665760932E044B
:1062500001E0CECF1F3580F41D3508F04DC01A3552
:1062600008F474CF1C3508F07BCF892BE1F51A5563
:106270001093310403E0BCCF2EE9210F223008F047
:1062800065CF109335041093E71B892B09F4B0CF29
:1062900087E1C458DF4F0FB6F894DEBF0FBECDBF05
:1062A000DF91CF911F910F91FF90EF90DF90CF90F2
:1062B000BF90AF909F908F907F906F905F904F9026
:1062C0003F902F9008956696BFAD6697B1110C94DC
:1062D0005942E2E06696EFAF6697A2CF1151109354
:1062E000320402E0D2CF6A30710509F02FCF1A359F
:1062F00009F42CCF04E07CCF2EE5211B20932F0442
:1063000005E0C3CF25E1211B2093300406E0BDCF7B
:1063100016531093340409E0B8CF892B09F016CF37
:106320000AE066CF08E043E066964FAF669760CF1D
:10633000A596AEADBFADA597A82BB92BA596BFAFBF
:10634000AEAFA5972B968FAD2B97F601E80FF11DF9
:10635000208160962FAF6097211176CE2C963FADAD
:106360002C97332349F066964FAD6697411104C0D0
:1063700082E066968FAF669725FE0FC080915A0423
:1063800090915B04A0915C04B0915D0481389649C2
:10639000A849B10514F00C9465426296FFAD62976E
:1063A000FF2309F4CEC120FEE0C18091300481308A
:1063B000B1F423E333E34BEC51E460913904709181
:1063C0003A0480913B0490913C040E94F4626093F3
:1063D000390470933A0480933B0490933C0430FC5E
:1063E00010C08091821B9091831BA091841BB0915F
:1063F000851B80936A0490936B04A0936C04B09304
:106400006D0480912D04843009F0CAC126FCC6C1F8
:106410008CE13FCF892B09F03BCF163050F413307D
:1064200080F01430C1F080E11530B1F410923804DE
:1064300015C01A3078F11E3109F088CE1093360459
:1064400004C0112321F01130C9F70BE008C0B3E0FC
:10645000B0933604FACF80E2809338040CE0C30195
:10646000002E02C0880F991F0A94E2F7A5962EAD60
:106470003FADA59728233923232B09F0C9CEA59634
:10648000EEADFFADA597E82BF92BA596FFAFEEAFCC
:10649000A59758CF183061F0193079F0173031F4E2
:1064A00080E88093370481E00E944B130DE0D7CF42
:1064B00080E48093370482E0F7CF1092370480E0C5
:1064C000F3CF80927B0490927C04A0927D04B092E2
:1064D0007E042C963FAD2C9738602C963FAF2C97BE
:1064E0000DE0802F5301002E02C0AA0CBB1C0A94A1
:1064F000E2F7950122213321232B39F0A096AFAD8D
:10650000A097AA2311F40C945F42F20102C0F59502
:10651000E7958A95E2F7E0FD05C0A096FFADA0974C
:10652000FF2379F020E030E0A9012A966CAD7DAD23
:106530008EAD9FAD2A970E94926087FF02C00C9497
:1065400062422A283B28FECE80927F0490928004EB
:10655000A0928104B09282042C964FAD2C9740619A
:106560002C964FAF2C970EE0BCCF80928304909274
:106570008404A0928504B09286042C968FAD2C974B
:1065800080622C968FAF2C970FE0ABCF8092870460
:1065900090928804A0928904B0928A042C969FADB0
:1065A0002C9790642C969FAF2C9700E19ACF809205
:1065B000390490923A04A0923B04B0923C0400E06B
:1065C00090CF80923D0490923E04A0923F04B092FE
:1065D00040046A96AFAD6A97A1606A96AFAF6A97BA
:1065E00001E07FCF8092410490924204A092430444
:1065F000B09244046A96BFAD6A97B2606A96BFAF24
:106600006A9702E06ECF8092450490924604A09271
:106610004704B09248046A96EFAD6A97E4606A96C0
:10662000EFAF6A9703E05DCF1093590404E059CFB0
:10663000C501B4010E940E6160935A0470935B041B
:1066400080935C0490935D0405E04BCF80925E04E0
:1066500090925F04A0926004B092610406E041CF82
:106660008092620490926304A0926404B0926504E4
:10667000F1E0A096FFAFA09734CF8092660490928D
:106680006704A0926804B092690407E02ACF809260
:106690006A0490926B04A0926C04B0926D0408E0BE
:1066A00020CF20E030E040E051E4C501B4010E9479
:1066B000B462181614F40C945C428091351D811755
:1066C00019F0812F0E94F94409E00BCF80926F04EA
:1066D00090927004A0927104B09272042C962FAD27
:1066E0002C9721602C962FAF2C970AE0FACE80923F
:1066F000730490927404A0927504B09276042C9660
:106700003FAD2C9732602C963FAF2C970BE0E9CE33
:106710008092770490927804A0927904B0927A04DF
:106720002C964FAD2C9744602C964FAF2C978092AF
:10673000F01B9092F11BA092F21BB092F31B0CE0A5
:10674000D0CE80912F04813091F466962FAD66975C
:10675000223009F044CE80912E04803509F43FCEDA
:10676000882309F43CCE20FC3ACE86E192CD80917C
:10677000781B811134CE20FC18CE8091861B90911D
:10678000871BA091881BB091891B8093390490933B
:106790003A04A0933B04B0933C0421CEE89426F83D
:1067A00080913204882379F0813009F4C9C0E296DF
:1067B0001FAEE29782E0AE968FAFAE9791E0AC96B7
:1067C0009FAFAC970BC032E0E2963FAFE29741E05B
:1067D000AE964FAFAE97AC961FAEAC97809130049B
:1067E000813061F5EFE6EE2EE4E0FE2E10E000E0F1
:1067F0002C96EFAD2C97CE2ED12CC601002E02C0C8
:10680000959587950A94E2F780FF10C023E333E360
:106810004BEC51E4D7016D917D918D919C910E943B
:10682000F462F70160837183828393830F5F1F4F4C
:10683000F4E0EF0EF11C07301105F9F68CE1EBEAFC
:10684000FBE1DE015D9601900D928A95E1F7A59638
:106850002EAD3FADA59731FD7FC030912D046096E0
:106860003FAF60973A3009F48BC03C3509F458C10A
:1068700066964FAD6697433009F443C02C968FADB2
:106880002C978823F1F1909131046E969FAF6E970B
:106890004090E31B5090E41B6090E51B7090E61B5A
:1068A00027E7C22E2BE1D22E3FE6E32E34E0F32E73
:1068B00010E000E0A82FB0E0A996BFAFAEAFA99757
:1068C000A9968EAD9FADA997002E02C0959587958C
:1068D0000A94E2F780FD90C1F601808D918DA28D22
:1068E000B38DF70180839183A283B3830F5F1F4F22
:1068F000B4E0CB0ED11CE4E0EE0EF11C0730110524
:10690000F9F66096FFAD6097FE3109F4C7C1F53323
:1069100009F4EDC16DE374E086E0FC3109F05BC180
:106920000E94B023882351F12C962FAD2C97211172
:10693000B9C16E961FAE6E9766961FAE6697B8C0C9
:10694000A1E0E296AFAFE297AE961FAEAE97B2E08F
:10695000AC96BFAFAC9742CF80913404873010F033
:106960008DE197CC90917D1B891709F476CFBE01FC
:10697000635E7F4F0E94B02381116FCF87E089CC87
:106980002C964FAD2C97411102C08AE182CCC101F7
:1069900080759927892B09F43BCD60915E04709135
:1069A0005F0480916004909161040E94D7630E940B
:1069B00015616730A8F680915904843129F082303E
:1069C00009F0C4CB27FCC2CB662309F49BC06150FD
:1069D0006E966FAF6E976DE374E06E968FAD6E97A7
:1069E0000E94B023882351F29091590460969FAF82
:1069F00060974090E31B5090E41B6090E51B709003
:106A0000E61B7DE2E72E74E0F72E10E000E02C9606
:106A1000AFAD2C97CA2ED12CC601002E02C0959581
:106A200087950A94E2F780FF38C0F701EE5BFF4FCD
:106A300080809180A280B3806096BFAD6097B431B2
:106A400009F066C0F801EE0FFF1FEE0FFF1FE958B7
:106A5000F44EDF01A05BBF4F2D913D914D915C91B4
:106A6000608D718D828D938D0E949C5FA501940134
:106A70000E949C5FF701608B718B828B938B02303D
:106A800061F4A30192010E949C5F6093450470939E
:106A9000460480934704909348040F5F1F4FB4E06F
:106AA000EB0EF11C0730110509F0B6CFEFEA2E22EC
:106AB00080912E0460968FAF6097803509F01EC1DB
:106AC0001092E71B1092E81B1092E91B1092EA1B30
:106AD0001092EB1B1092EC1B1092ED1B1092EE1B10
:106AE0001092EF1B1092F41B1092F51B1092F61BE4
:106AF0001092F71B2C969FAD2C97992309F40EC189
:106B00008FE1C7CB809134046E968FAF6E9763CFC1
:106B1000D70150968D929D92AD92BC925397BDCF66
:106B20002C96FFAD2C97FF2309F42FCF4090E31B49
:106B30005090E41B6090E51B7090E61B47E7C42E65
:106B40004BE1D42E5E012DE1A20EB11C5FE6E52ED5
:106B500054E0F52E10E000E08F2E912CC401002EA1
:106B600002C0959587950A94E2F780FF38C0D50159
:106B70002D913D914D915C91F601608D718D828DCD
:106B8000938D0E949C5FD7012D913D914D915C9119
:106B90000E949C5FF701608371838283938302303C
:106BA00061F4A30192010E949C5F6093770470934B
:106BB00078048093790490937A040F5F1F4FF4E078
:106BC000CF0ED11C24E0A20EB11C34E0E30EF11C68
:106BD0000730110519F66E961FAE6E9769CFF60154
:106BE000E05BFF4F80819181A281B381F7018083B7
:106BF0009183A283B383E1CF6096FFAD6097F533B5
:106C000009F474CED7018D909D90AD90BC906E9696
:106C1000BFAD6E97B11132C0F801EE0FFF1FEE0F3E
:106C2000FF1F2DE130E02C0F3D1FE20FF31FD601B7
:106C3000A05BBF4F2D913D914D915C916081718121
:106C4000828193810E949D5FA50194010E949D5FB6
:106C5000D7016D937D938D939C931397023009F028
:106C600045CEA30192010E949D5F609377047093CB
:106C700078048093790490937A0438CEA501940126
:106C8000F601608D718D828D938D0E949D5FD7017D
:106C90006D937D938D939C93139728CE6DE374E051
:106CA00087E03ECEA7E7BBE1EDE2F4E090E080E0D4
:106CB0002C964FAD2C97242F30E0A901082E02C04E
:106CC000559547950A94E2F740FD0AC058964D91B4
:106CD0005D916D917C915B97408B518B628B738B37
:106CE0000196149634968730910539F774CF8091C8
:106CF0002E04823008F46FCF8EE1CBCA6696AFAD1A
:106D00006697A23059F46096BFAD6097B11191C0FB
:106D10002C96EFAD2C97EE2309F4AFC062962FAD01
:106D2000629721706296FFAD6297C101F0FFF6C3D2
:106D30008E7D66963FAD669731119370892B11F069
:106D40000C946B427E0149E3E40EF11C8DE0D70107
:106D50001D928A95E9F7222309F4E3C3A5968EAD27
:106D60009FADA597867B892B11F00C946E42809184
:106D70002D04853319F081110C946E428091821B91
:106D80009091831BA091841BB091851B21968CAFA1
:106D90009DAFAEAFBFAF21978091811B9091801BBB
:106DA000892B4091390450913A0460913B047091D1
:106DB0003C0449AF5AAF6BAF7CAF846026968FAF6F
:106DC000269780915A0490915B04A0915C04B09145
:106DD0005D0425968CAF9DAFAEAFBFAF2597809178
:106DE000251D85FF07C08FE694E00E94E103811115
:106DF0000C947142B7018FE694E00E945B2D809164
:106E0000E71D81110BC00E94640C892B39F080E2D0
:106E10008093E71D0E94A1140E940E058CE1EFE60D
:106E2000F4E0AFE8BBE101900D928A95E1F780E0D4
:106E300030CA20E030E0A9016091390470913A0431
:106E400080913B0490913C040E949260882309F455
:106E50008CCC6096FFAD6097F23509F4D4C208F08F
:106E60003DC0F23009F475C060F4F13009F056CF3E
:106E70002C968FAD2C97811151CF66961FAE6697D9
:106E80004DCF60962FAD6097233009F469C021354E
:106E900009F044CF27FE12C0E89427F880916604D9
:106EA00090916704A0916804B09169048093E81BF5
:106EB0009093E91BA093EA1BB093EB1B20E030E01A
:106EC000A9016091E81B7091E91B8091EA1B9091E8
:106ED000EB1B0E949260811121CF9ACA60963FAD50
:106EE00060973D3871F128F5333509F4D1C23C384B
:106EF00009F014CF60968FAD60978E58823038F4C9
:106F00006296BFAD6297B8606296BFAF62972C96EB
:106F1000EFAD2C97EE2309F438CD4CE150E06FE64D
:106F200074E08FE89BE10E948E64892B09F0F6CE15
:106F300096C060964FAD60974E38E1F24F3809F039
:106F4000EDCE6296AFAD6297A0616296AFAF6297E9
:106F5000D1CF62969FAD6297946062969FAF629721
:106F60002C96AFAD2C97AA2309F40FCDAC96FFADAC
:106F7000AC97EF2FF0E0A196FFAFEEAFA197AE96E2
:106F80003FADAE97232F30E0A9963FAF2EAFA99724
:106F900081E090E08C01AC960FACAC9702C0000F82
:106FA000111F0A94E2F7AE960FACAE9702C0880F9D
:106FB000991F0A94E2F7082B192B8A2F90E080235F
:106FC0009123892B11F40C946842EE0FFF1FEE0FF2
:106FD000FF1FE159FB4FA196AEADBFADA197AA0F20
:106FE000BB1FAA0FBB1FA157B44E2D913D914D91D0
:106FF0005C9160817181828193810E949C5F2B01F1
:107000003C01A996EEADFFADA997EE0FFF1FEE0F65
:10701000FF1FE159FB4FA996AEADBFADA997AA0FCF
:10702000BB1FAA0FBB1FA157B44E2D913D914D918F
:107030005C9160817181828193810E949C5F4B0190
:107040005C0127FE09C1E89427F84CE150E06FE6A7
:1070500074E08FE89BE10E948E64892B11F481E239
:1070600018C96091660470916704809168049091DA
:10707000690420913004213071F423E333E34BECB5
:1070800051E40E94F46260936604709367048093F5
:107090006804909369048091660490916704A091BC
:1070A0006804B09169046D968CAF9DAFAEAFBFAF71
:1070B0006D97A3019201C301B2010E94F462E996A7
:1070C0006CAF7DAF8EAF9FAFE997A5019401C5016D
:1070D000B4010E94F462ED966CAF7DAF8EAF9FAFAE
:1070E000ED9720E030E040E850E46D966CAD7DAD6A
:1070F0008EAD9FAD6D970E94F4626D962CAD3DAD47
:107100004EAD5FAD6D970E94F462E9962CAD3DAD3A
:107110004EAD5FADE9970E949C5FED962CAD3DAD05
:107120004EAD5FADED970E949C5F6B017C0120E04E
:1071300030E0A9010E94926087FF04C0F7FAF09442
:10714000F7F8F094C701B6010E9493636B017C01CC
:10715000ED962CAD3DAD4EAD5FADED97E9966CADC6
:107160007DAD8EAD9FADE9970E949D5F0E949363B8
:107170009B01AC01C701B60190580E949C606B0155
:107180007C0160969FAD6097933021F4F7FAF094FC
:10719000F7F8F09420E030E0A9016D966CAD7DAD7C
:1071A0008EAD9FAD6D970E94926087FF13C0F7FA76
:1071B000F094F7F8F0946D968CAD9DADAEADBFAD8B
:1071C0006D97B0588093660490936704A093680409
:1071D000B0936904A1960EAD1FADA197000F111FCA
:1071E000000F111F035C1B4FA5019401C701B601DD
:1071F0000E94F4629B01AC01C301B2010E949C5F3A
:1072000020E030E040E05FE30E94F462D8016D933B
:107210007D938D939C931397A9960EAD1FADA9975F
:10722000000F111F000F111F035C1B4FA3019201E0
:10723000C701B6010E94F462A50194010E949D5FFE
:1072400020E030E040E05FE30E94F462F8016083F8
:1072500071838283938362CD6A96FFAD6A97CF2E46
:10726000D12C0F231D2183E2012B09F412C821EF39
:10727000222280913004813049F53DE2E32E34E052
:10728000F32E10E000E0C601002E02C09595879510
:107290000A94E2F780FF12C023E333E34BEC51E49E
:1072A000D70150966D917D918D919C9153970E943D
:1072B000F462F701608B718B828B938B0F5F1F4F92
:1072C000F4E0EF0EF11C07301105E9F6A196EEADE2
:1072D000FFADA197EE0FFF1FEE0FFF1FE35CFB4F0B
:1072E000C080D180E280F380A7019601C301B20182
:1072F0000E949C5F2B013C01A996EEADFFADA997C2
:10730000EE0FFF1FEE0FFF1FE35CFB4F80819181AB
:10731000A281B3816D968CAF9DAFAEAFBFAF6D97BD
:107320009C01AD01C501B4010E949C5F4B015C0151
:10733000A3019201C301B2010E94F4622B013C013E
:10734000A5019401C501B4010E94F4629B01AC0146
:10735000C301B2010E949D5F0E9493634B015C01D7
:10736000A7019601C701B6010E94F4626B017C017E
:107370006D962CAD3DAD4EAD5FAD6D97CA01B901B7
:107380000E94F4629B01AC01C701B6010E949D5F9F
:107390000E9493636B017C01C0926604D0926704E3
:1073A000E0926804F0926904AC019B01C501B4014C
:1073B0000E949C5F4B015C01E894B7F82AE037ED2E
:1073C00043EA5BE3C501B4010E94B46218160CF0F5
:1073D000A5CC20E030E040E05FE3C501B4010E94AD
:1073E000B46218160CF43BCE2FE632E143E85AE3C0
:1073F000C701B6010E94F462A50194010E94926047
:1074000087FF8CCC2CCE27FE12C0E89427F8809101
:10741000660490916704A0916804B0916904809318
:10742000E81B9093E91BA093EA1BB093EB1B26FE8D
:1074300012C0E89426F880915E0490915F04A091B8
:107440006004B09161048093F41B9093F51BA093AA
:10745000F61BB093F71B20E030E0A9016091E81B18
:107460007091E91B8091EA1B9091EB1B0E94926046
:10747000882311F40C94083220E030E0A9016091D7
:10748000F41B7091F51B8091F61B9091F71B21CD99
:1074900027FE12C0E89427F8809166049091670453
:1074A000A0916804B09169048093E81B9093E91B54
:1074B000A093EA1BB093EB1BA0969FADA0979923D6
:1074C00081F08091620490916304A0916404B09172
:1074D00065048093EC1B9093ED1BA093EE1BB0937F
:1074E000EF1B20E030E0A9016091E81B7091E91BDF
:1074F0008091EA1B9091EB1B0E949260882311F40B
:107500000C94083220E030E0A9016091EC1B7091EE
:10751000ED1B8091EE1B9091EF1BDBCC8E7D9C7F51
:1075200008CC8091251D1091811B81FF20C06096A1
:107530008FAD60978150833038F06296BFAD62970F
:10754000B0646296BFAF62972C96EFAD2C97EE2396
:1075500009F40EC16696FFAD6697F23009F008C1D6
:1075600062962FAD6297206862962FAF62978091E6
:107570005A0490915B04A0915C04B0915D048093E7
:107580008B1B90938C1BA0938D1BB0938E1B259609
:107590008CAF9DAFAEAFBFAF259780912F04809386
:1075A000781B882321F088E026968FAF269780915C
:1075B000390490913A04A0913B04B0913C0480932B
:1075C000861B9093871BA093881BB093891B89AF60
:1075D0009AAFABAFBCAF80906A0490906B04A09060
:1075E0006C04B0906D04A50194016091821B7091B0
:1075F000831B8091841B9091851B0E9492606296F0
:107600000FAD62970074811105C062968FAD6297CD
:1076100085FF21C0112379F062969FAD629797FD97
:107620000AC040E050E0BA01011102C0B501A40156
:10763000812F0E94572380916A0490916B04A0913E
:107640006C04B0916D048093821B9093831BA09374
:10765000841BB093851B01110EC08091821B9091F9
:10766000831BA091841BB091851B21968CAF9DAF8D
:10767000AEAFBFAF21978091351D80938A1B80915B
:1076800038049091811B981761F021964CAD5DAD47
:107690006EAD7FAD21970E9457238091380480936F
:1076A000811B26968FAD26979091811B892B26965C
:1076B0008FAF269780912D04843051F460915E0441
:1076C00070915F0480916004909161040E94945BCA
:1076D0008091320480937B1B809130048093791BCE
:1076E0008091340490917D1B981769F080937D1BE5
:1076F0008CE1FE017D96ABEABBE101900D928A958B
:10770000E1F70E9452238091310480937A1B80918B
:107710002D04863209F494C008F04BC08C3109F472
:107720006FC08E3109F46CC08A3009F44FC080916B
:107730002E048093771B803509F425C66696BFAD6D
:107740006697B23009F01FC6813009F08DC0BE01C6
:10775000675C7F4F8FE694E00E945B2D8CE1EFE643
:10776000F4E0AFE8BBE101900D928A95E1F70BC61A
:10777000103109F0FCCE62969FAD629790748091B3
:10778000771B8150833058F4992309F4F0CE629628
:107790003FAD6297306262963FAF6297E8CE91113B
:1077A000E6CE62964FAD6297406262964FAF6297A7
:1077B000DECE8C3509F44AC0863609F44DC08832D5
:1077C00009F0B5CF6FE87BE187E03DC06DE374E081
:1077D0006E968FAD6E970E949C2380917D1B6E9656
:1077E000AFAD6E978A13A3CF8CE1EDE3F4E0ABEA83
:1077F000BBE101900D928A95E1F70E94522397CF49
:1078000026968FAD2697816026968FAF269766962F
:10781000BFAD6697BB2329F0B7018FE694E00E94C5
:107820005B2DB7018DE394E00E945B2D8CE1EDE3CD
:10783000F4E0AFE8BBE101900D928A95E1F777CFD4
:107840006FE87BE186E00E949C2371CF8CE1EFE63C
:10785000F4E0A7ECBBE1CDCFE7ECFBE18CE1DF018D
:107860001D928A95E9F7C9CF811109C026968FAD7F
:107870002697816026968FAF2697B7016BCF9EEF34
:10788000980F923008F0FDC28091660490916704D1
:10789000A0916804B091690469968CAF9DAFAEAFBA
:1078A000BFAF6997AC96AFADAC9794E0A99F70015C
:1078B0001124F701E157F44E6196FFAFEEAF6197E7
:1078C0009701235C3B4F6F963FAF2EAF6F97D90167
:1078D0004D905D906D907C902081318142815381EB
:1078E000C301B2010E949D5FA7966CAF7DAF8EAFC2
:1078F0009FAFA797AE96EFADAE97B4E0EB9F800138
:10790000112498012157344E6B963FAF2EAF6B97E1
:10791000C801835C9B4FAD969FAF8EAFAD97DC01E6
:107920008D909D90AD90BC90F90120813181428174
:107930005381C501B4010E949D5FE1966CAF7DAF9C
:107940008EAF9FAFE19777FA709477F87094D50176
:10795000C401B0582F968CAF9DAFAEAFBFAF2F977D
:10796000F701E159FB4FA7962CAD3DAD4EAD5FAD94
:10797000A79760817181828193810E949C5F6B01D6
:107980007C01F801E159FB4FE1962CAD3DAD4EADC8
:107990005FADE19760817181828193810E949C5FDC
:1079A0004B015C01A7019601C301B2010E94F46280
:1079B000A3966CAF7DAF8EAF9FAFA397A501940147
:1079C0002F966CAD7DAD8EAD9FAD2F970E94F4626A
:1079D0009B01AC01A3966CAD7DAD8EAD9FADA39721
:1079E0000E949D5FA3966CAF7DAF8EAF9FAFA397B4
:1079F000A5019401C301B2010E94F4624B015C0134
:107A0000A70196012F966CAD7DAD8EAD9FAD2F97E2
:107A10000E94F4629B01AC01C501B4010E949C5F0D
:107A2000A3962CAD3DAD4EAD5FADA3970E941C60FB
:107A30006B017C0162969FAD629792FF92C12CEA26
:107A400035EC47EA56EBC701B6010E94B46287FDE8
:107A50000AC02BED3FE049EC50E4C701B6010E949B
:107A60009C5F6B017C018090191D90901A1DA09065
:107A70001B1DB0901C1D69962CAD3DAD4EAD5FAD8C
:107A80006997CA01B9010E949D5FA50194010E94F6
:107A90009C5FA50194010E94F4620E9493634B01D4
:107AA0005C0120E030E040E05FE3C701B6010E94E6
:107AB000F46269962CAD3DAD4EAD5FAD69970E9405
:107AC000F4629F77A50194010E949C600E948161ED
:107AD0000E941561A1967FAF6EAFA197DB01AB2B22
:107AE00009F435CE26961FAD269790E080E00E94DF
:107AF00044614B015C0113FF10C0AC019B0169ADF7
:107B00007AAD8BAD9CAD0E94F46269AF7AAF8BAF5A
:107B10009CAF177F26961FAF2697A5019401C7013A
:107B2000B6010E949C6065966CAF7DAF8EAF9FAF33
:107B30006597E296EFADE297B4E0EB9FC0011124A8
:107B40008C010157144E81599B4FD8012D913D91C5
:107B50004D915C91FC0160817181828193810E94D1
:107B60009C5FA50194010E949C60E9966CAF7DAF7B
:107B70008EAF9FAFE99765962CAD3DAD4EAD5FAD35
:107B80006597CA01B9010E94F4629B01AC0160E0F3
:107B900070E080E090E40E949C5F6B017C012BEA26
:107BA0003AEA4AE25EE365966CAD7DAD8EAD9FAD7F
:107BB00065970E94F4624B015C0120E030E040E8F0
:107BC00050E4C701B6010E949D5F9B01AC01C50155
:107BD000B4010E94F462AB966CAF7DAF8EAF9FAFE5
:107BE000AB9720E030E040E05FE3C701B6010E94C0
:107BF000F462E5966CAF7DAF8EAF9FAFE59766966A
:107C00001FAE669722242394312CA196EEADFFADD2
:107C1000A197E215F30509F49ACD6696FFAD669734
:107C2000FC3008F0B2C0A3019201AB966CAD7DAD03
:107C30008EAD9FADAB970E94F4626B017C012F96D5
:107C40002CAD3DAD4EAD5FAD2F97E5966CAD7DADE6
:107C50008EAD9FADE5970E94F4629B01AC01C70118
:107C6000B6010E949D5F7B016C01A3019201E59624
:107C70006CAD7DAD8EAD9FADE5970E94F4624B017A
:107C80005C012F962CAD3DAD4EAD5FAD2F97AB9601
:107C90006CAD7DAD8EAD9FADAB970E94F4629B0144
:107CA000AC01C501B4010E949C5F2B013C016696AA
:107CB0002FAD66972F5F66962FAF669747015601E7
:107CC0002F968CAE9DAEAEAEBFAE2F97A3019201A4
:107CD000A7966CAD7DAD8EAD9FADA7970E949D5FC1
:107CE0006196EEADFFAD619760837183828393836C
:107CF0002F962CAD3DAD4EAD5FAD2F97E1966CAD9F
:107D00007DAD8EAD9FADE1970E949D5F6B96AEAD50
:107D1000BFAD6B976D937D938D939C931397E9966D
:107D20002CAD3DAD4EAD5FADE997F801608171813D
:107D3000828193810E949D5FD8016D937D938D9385
:107D40009C931397BE01675C7F4F8FE89BE10E9475
:107D50005B2D8091E81D811101CDBFEF2B1A3B0AED
:107D600054CF2CEA35EC47EA56E3C701B6010E942E
:107D7000926018160CF477CE2BED3FE049EC50E4FE
:107D8000C701B6010E949D5F6CCEB10190E080E01A
:107D90000E94446165962CAD3DAD4EAD5FAD6597DB
:107DA0000E94F4626B017C010E9497602F966CAF79
:107DB0007DAF8EAF9FAF2F97C701B6010E9485633D
:107DC0004B015C016F96AEADBFAD6F97CD90DD906E
:107DD000ED90FC90F7FAF094F7F8F094AD96AEAD14
:107DE000BFADAD978D919D910D90BC91A02D6996E1
:107DF0008CAF9DAFAEAFBFAF6997A70196012F962D
:107E00006CAD7DAD8EAD9FAD2F970E94F4622B01BE
:107E10003C0169962CAD3DAD4EAD5FAD6997C50196
:107E2000B4010E94F4629B01AC01C301B2010E9443
:107E30009D5F2B013C01A7019601C501B4010E9481
:107E4000F4626B017C0169962CAD3DAD4EAD5FAD2A
:107E500069972F966CAD7DAD8EAD9FAD2F970E942B
:107E6000F4629B01AC01C701B6010E949C5F2F9692
:107E70006CAF7DAF8EAF9FAF2F9766961FAE6697A4
:107E800025CF813509F08CC08090971B9090981B6E
:107E9000A090991BB0909A1B8CE1EFE6F4E0DE0114
:107EA000119601900D928A95E1F78091C41C9091F2
:107EB000C51CA091C61CB091C71C89AF9AAFABAFCF
:107EC000BCAF89869A86AB86BC86B701CE01019687
:107ED0000E945B2D2091E81B3091E91B4091EA1B29
:107EE0005091EB1B6091B31B7091B41B8091B51B3B
:107EF0009091B61B0E949D5F69877A878B879C87CC
:107F0000B701CE0101960E945B2D8091861B909156
:107F1000871BA091881BB091891B89AF9AAFABAF2B
:107F2000BCAF2091B31B3091B41B4091B51B509155
:107F3000B61B6091F01B7091F11B8091F21B909128
:107F4000F31B0E949D5F69877A878B879C87B701A7
:107F5000CE0101960E945B2D8091C41C9091C51C9E
:107F6000A091C61CB091C71C89AF9AAFABAFBCAF94
:107F70008091E71B823609F0BCC189869A86AB8660
:107F8000BC86B701CE0101960E945B2D8CE1FE01FB
:107F90003196AFE6B4E001900D928A95E1F7DECB21
:107FA000823509F073C08090971B9090981BA09029
:107FB000991BB0909A1B8CE1EFE6F4E0DE0111967C
:107FC00001900D928A95E1F78091C41C9091C51C97
:107FD000A091C61CB091C71C89AF9AAFABAFBCAF24
:107FE00089869A86AB86BC86B701CE0101960E942F
:107FF0005B2D2091E81B3091E91B4091EA1B5091C9
:10800000EB1B6091B31B7091B41B8091B51B9091D9
:10801000B61B0E949D5F69877A878B879C87B70113
:10802000CE0101960E945B2D8091861B9091871B4B
:10803000A091881BB091891B89AF9AAFABAFBCAF41
:108040002091B31B3091B41B4091B51B5091B61BCE
:108050006091F01B7091F11B8091F21B9091F31BCA
:108060000E949D5F69877A878B879C87B701CE01C5
:1080700001960E945B2D6091F41B7091F51B80911D
:10808000F61B9091F71B0E94945B66CF833509F035
:1080900047C18091971B9091981BA091991BB0911B
:1080A0009A1B65968CAF9DAFAEAFBFAF65978CE165
:1080B000EFE6F4E08E010F5F1F4FD80101900D92A3
:1080C0008A95E1F74090B31B5090B41B6090B51BAC
:1080D0007090B61B2091E81B3091E91B4091EA1B80
:1080E0005091EB1BC301B2010E949D5F5B016C01CB
:1080F0002091F01B3091F11B4091F21B5091F31B2A
:10810000C301B2010E949D5F1B012C018091EC1BF9
:108110009091ED1BA091EE1BB091EF1B69968CAF77
:108120009DAFAEAFBFAF69978091C41C9091C51C45
:10813000A091C61CB091C71C89AF9AAFABAFBCAFC2
:1081400065968CAD9DADAEADBFAD659789879A87BD
:10815000AB87BC87B701C8010E945B2DC501D60162
:1081600089879A87AB87BC87B701C8010E945B2DBE
:108170008091861B9091871BA091881BB091891BD1
:1081800089AF9AAFABAFBCAF91E02C969FAF2C9765
:108190009101A201B501C6010E94B46218160CF04B
:1081A0007BC069962CAD3DAD4EAD5FAD6997B50115
:1081B000C6010E949C5F3B014C019B01AC01B101D7
:1081C000C2010E94B462181614F4310142012C96C7
:1081D000AFAD2C97A11128C08091C41C9091C51CF3
:1081E000A091C61CB091C71C89AF9AAFABAFBCAF12
:1081F00020E030E040E85FE3B501C6010E949D5FEA
:1082000069877A878B879C87B701C8010E945B2D9D
:108210008091861B9091871BA091881BB091891B30
:1082200089AF9AAFABAFBCAFC301D40189879A873E
:10823000AB87BC87B701C8010E945B2D8091C41C2D
:108240009091C51CA091C61CB091C71C89AF9AAF74
:10825000ABAFBCAF2091E81B3091E91B4091EA1B0A
:108260005091EB1B6091B31B7091B41B8091B51BB7
:108270009091B61B0E949D5F69877A878B879C8748
:10828000B701C8010E945B2D9101A201B301C40195
:108290000E9492601816DCF08091C41C9091C51C5D
:1082A000A091C61CB091C71C89AF9AAFABAFBCAF51
:1082B0008091E71B8236E9F465968CAD9DADAEAD3D
:1082C000BFAD659789879A87AB87BC875ACE809167
:1082D000861B9091871BA091881BB091891B89AF49
:1082E0009AAFABAFBCAF2C961FAE2C975301640175
:1082F0004FCF2091E81B3091E91B4091EA1B509130
:10830000EB1B6091B31B7091B41B8091B51B9091D6
:10831000B61B0E949D5F69877A878B879C8731CEC9
:1083200026968FAD2697846026968FAF26978091EC
:10833000E71D823009F412CA0E9441238091E81D92
:10834000811121C062969FAD629793FB882780F9C7
:10835000192F107194FF33C01092101E1092EC1D53
:108360000E944606809109018C7090916F0E8917CA
:1083700051F184E00E94C8030E9471270E943722B5
:1083800080E00E9446068091360480937F1B8823FC
:1083900011F40C9449310E94412380917F1B9091EC
:1083A000E71D833009F04BC0923029F088E00E942D
:1083B000D8030E94372210927F1B0C94173791E04C
:1083C0009093101ECBCFB7018FE694E00E945B2DF7
:1083D00081E080938C0E82E00E94D8030E943722B5
:1083E0008091E81D8111CFCF8091E71D8111F6CFDB
:1083F00080918C0E8130F9F4111103C085E00E9448
:10840000C80310928C0E80E00E9446060E9437221C
:108410000E943C1C0E943A130E94DE0B111102C004
:108420000E949B0B8091EC1D81115EC011115CC0FC
:108430000E94712793C981E08093EC1DE2CF81E017
:108440008093771B10927B1B10927A1B1092781BE3
:1084500010927D1B1092811B1092801B84E68093EA
:10846000EE1D8093EF1D8093F01D923089F06BEA32
:108470007BE180E00E94B023882311F40C94BE3489
:108480000E94522340E050E0BA0180E00E94091DA2
:108490008EE595E00E94AF0887E095E00E94AF0866
:1084A0000E948C0B88CF81E00C94493182E00C94BF
:1084B000493188E10C94493186E20C94493189E1D3
:1084C0000C94493184E00C9449318BE10C9449318E
:1084D00080E20C94493184E20C94493180E10C949F
:1084E00049318FE00C9449310E946B124CCFCF92EE
:1084F000DF92EF92FF920F931F93CF93DF93CDB74D
:10850000DEB76C970FB6F894DEBF0FBECDBF80917B
:10851000E71D813009F4A7C08FE995E00E94AF08FC
:108520008CE995E00E94AF0884E692E00E94C32F98
:1085300060915E1D70915F1D8091601D9091611D25
:108540004CE85CE10E94FC026091761D7091771D01
:108550008091781D9091791D48E75CE10E94FC02B2
:1085600088E79CE19F938F938CE89CE19F938F9386
:1085700080E792E09F938F9308E21CE11F930F9393
:108580000E949B64C8010E94C32F60918E1D709150
:108590008F1D8091901D9091911D44E15CE10E949E
:1085A000FC0284E19CE19F938F938FE792E09F937D
:1085B0008F931F930F930E949B64C8010E94C32F47
:1085C0008BE892E00E94C32F8FE992E00E94C32FB4
:1085D00084EA92E00E94C32F0FB6F894DEBF0FBE6C
:1085E000CDBF8091E71D8130F1F168EF7BE1CE01D5
:1085F00001960E947604C984DA84EB84FC8420917D
:108600003A1D30913B1D40913C1D50913D1DC701CD
:10861000B6010E949C5F2091361D3091371D40911C
:10862000381D5091391D0E949D5F6093E31B70932C
:10863000E41B8093E51B9093E61B6093361D7093BB
:10864000371D8093381D9093391DC0923A1DD092EA
:108650003B1DE0923C1DF0923D1D84E692E00E949D
:10866000C32F0E9441236C960FB6F894DEBF0FBE55
:10867000CDBFDF91CF911F910F91FF90EF90DF90D1
:10868000CF9008958F929F92AF92BF92EF92FF92F8
:108690000F931F93CF93DF93CDB7DEB7C456D109A5
:1086A0000FB6F894DEBF0FBECDBF8091351D882375
:1086B00009F423C130E020E08150990B44E0821797
:1086C000930721F4FC01EC5FFD4F40832F5F3F4F88
:1086D00025303105A1F70091080210E02091070232
:1086E00030E04091060250E06091050270E0809118
:1086F000040290E00E94672684E895E00E94AF089B
:108700006091351D70E090E080E00E94640881E88F
:1087100095E00E94AF0884E692E00E94C32F80EBB0
:1087200092E00E94C32F0E944123E091351DE15049
:10873000FF0BEE0FFF1FEE0FFF1FE65BF24E608197
:108740007181828193814CE85CE10E94FC02E0919E
:10875000351DE150FF0BEE0FFF1FEE0FFF1FEE590F
:10876000F24E608171818281938148E75CE10E94D1
:10877000FC0288E79CE19F938F938CE89CE19F9398
:108780008F9380E792E09F938F9308E21CE11F9301
:108790000F930E949B64C8010E94C32FE091351D76
:1087A000E150FF0BEE0FFF1FEE0FFF1FE658F24EDA
:1087B000608171818281938144E15CE10E94FC02CD
:1087C00084E19CE19F938F9388EB92E09F938F933A
:1087D0001F930F930E949B64C8010E94C32F0E94A5
:1087E000412390E080E00E94131C84E692E00E9406
:1087F000C32F0E9441238AEC92E00E94C32F0FB640
:10880000F894DEBF0FBECDBF8091FC1D882309F414
:1088100068C06091731B7091741B8091751B90915F
:10882000761B0091F81D1091F91D2091FA1D3091D1
:10883000FB1D601B710B820B930B2CE330E040E0BF
:1088400050E00E942B64490184E692E00E94C32F0D
:1088500080E00E9498270E94412380E00E94802CA3
:108860007E0191E5E90EF11C0091351D0150110BBF
:10887000000F111F000F111F0E59124E6091E61DBF
:1088800070E090E080E00E9446619B01AC01F8013D
:1088900060817181828193810E949C5FA7010E9407
:1088A000FC02FF92EF928DEC92E09F938F938E01EA
:1088B0000F5F1F4F1F930F930E949B64C8010E947C
:1088C000C32F0E944123B4018091351D0E94141FC3
:1088D00081E00E94802C0F900F900F900F900F90CE
:1088E0000F9003E010E023E030E043E050E063E06D
:1088F00070E083E090E00E946726CC59DF4F0FB60E
:10890000F894DEBF0FBECDBFDF91CF911F910F91C5
:10891000FF90EF90BF90AF909F908F900895CF936E
:10892000DF9384E692E00E94C32F60915E1D7091F8
:108930005F1D8091601D9091611D4CE85CE10E947B
:10894000FC026091761D7091771D8091781D909149
:10895000791D48E75CE10E94FC0288E79CE19F9357
:108960008F938CE89CE19F938F9380E792E09F9395
:108970008F93C8E2DCE1DF93CF930E949B64CE012A
:108980000E94C32F60918E1D70918F1D8091901D4C
:108990009091911D44E15CE10E94FC0284E19CE124
:1089A0009F938F938FE792E09F938F93DF93CF9363
:1089B0000E949B64CE010E94C32F89ED92E00E9429
:1089C000C32F84E692E00E94C32F0E94412381E0DE
:1089D0002DB73EB7225F3F4F0FB6F8943EBF0FBE94
:1089E0002DBF9091EC1D911101C080E0DF91CF91DE
:1089F0000895FF920F931F93CF93DF93F82E84E691
:108A000092E00E94C32F0E94412381E00E94D20481
:108A10008DEE92E00E94C32F8CEF92E00E94C32F54
:108A20000E94412380E00E94D20481E00E949827A6
:108A3000F1101DC00E9442430E948F44882309F414
:108A4000D6C00E9442430E948F44882309F4CFC0BD
:108A500081E08093E71D8BE00E94DD1F0E9471275B
:108A6000DF91CF911F910F91FF900C9437220E94BC
:108A700042430E948F44882331F00E9442430E9467
:108A80008F448111E5CF81E00E94982790E080E03B
:108A90002F2D2150330BE90124E0C817D90721F409
:108AA000FE01EC5FFD4F2083019685309105A9F70B
:108AB0000091080210E02091070230E04091060288
:108AC00050E06091050270E08091040290E00E9405
:108AD000672684E692E00E94C32F0E9441238DE026
:108AE00093E00E94C32FCC0FDD1FCC0FDD1FC056BB
:108AF000D34EFE01E655FF4F6081718182819381E3
:108B00004CE85CE10E94FC02FE01EE53FF4F6081E5
:108B100071818281938148E75CE10E94FC0288E7D1
:108B20009CE19F938F938CE89CE19F938F9380E7C8
:108B300092E09F938F9308E21CE11F930F930E9492
:108B40009B64C8010E94C32FC652DF4F68817981A0
:108B50008A819B8144E15CE10E94FC0284E19CE10A
:108B60009F938F9385E193E09F938F931F930F9330
:108B70000E949B64C8010E94C32F0E94412384EF7E
:108B800091E00E94131C84E692E00E94C32F0E9491
:108B900041238AEC92E00E94C32F8DB79EB70E96B8
:108BA0000FB6F8949EBF0FBE8DBF8091FC1D882329
:108BB00081F08091731B9091741BA091751BB091F3
:108BC000761B8093F81D9093F91DA093FA1DB09326
:108BD000FB1D03E010E023E030E043E050E063E001
:108BE00070E083E090E00E9467260E9477420E9436
:108BF000412380E00E9498278091E71D8130B9F0E1
:108C0000F092351D0E94CC1283E995E00E94AF08D6
:108C10006F2D70E090E080E00E94640880E995E0AC
:108C2000DF91CF911F910F91FF900C94AF08DF91CE
:108C3000CF911F910F91FF9008950F931F93CF93A2
:108C4000DF93EC0110E0BE01812F0E94752381119A
:108C500016C018828EE30E942D06CE010E94D20B10
:108C60008AE30E942D0687E00E947409113029F4DE
:108C7000DF91CF911F910F91089511E0E4CF88818A
:108C80008823A1F3CE010E94C32F082F8EE30E94F8
:108C90002D06CE010E94D20B8AE30E942D06802F62
:108CA0000E948009E3CFBF92CF92DF92EF92FF92B2
:108CB0000F931F93CF93DF93CDB7DEB7A9970FB66E
:108CC000F894DEBF0FBECDBF9091E71D913009F43F
:108CD00082C0B82E0E9441230E94C4118091E81DD9
:108CE000811179C08E01035E1F4F8DE0F801119252
:108CF0008A95E9F786E089A720E030E040E450EC6F
:108D00006091081D7091091D80910A1D90910B1DA5
:108D10000E94F4626B017C0120E030E0A9010E9416
:108D2000926087FF03C0C12CD12C760168EF7BE1F4
:108D3000CE0101960E94760410920C1C10920D1C1C
:108D400010920E1C10920F1CBB2021F0F7FAF09429
:108D5000F7F8F094CD8ADE8AEF8AF88E80E8809367
:108D6000ED1D80E090E0AAEFB4E48D8F9E8FAF8F71
:108D7000B8A3B801CE0101960E942E2984E0809309
:108D8000EB1D0E94A1140E940E0510E890910901AC
:108D90009095BB2081F19270911110E01093ED1D20
:108DA0000E94A11480916D1B847309F456C0109128
:108DB0006D1B14FF03C086E00E94C80315FF03C0AB
:108DC00087E00E94C80380916E1B8823B1F00E9447
:108DD00071270E943722A9960FB6F894DEBF0FBE06
:108DE000CDBFDF91CF911F910F91FF90EF90DF905A
:108DF000CF90BF9008959170CFCF84E00E94CE03B2
:108E00000E943C1C80912F1D9091301D0E94131CCC
:108E100010920C1C10920D1C10920E1C10920F1C24
:108E20001092EB1D0E9437228091E81D8111D3CF53
:108E30000E946B120E94DE0B0E94CF11B110CBCFAB
:108E400087E293E00E94C32F84E690E00E94131C07
:108E500086E393E00E94C32FBECF111197CFD0CFEE
:108E60002F923F924F925F926F927F928F929F923A
:108E7000AF92BF92CF92DF92EF92FF920F931F9328
:108E8000CF93DF93CDB7DEB7C25AD1090FB6F894AE
:108E9000DEBF0FBECDBF7C012DB73EB7CF55DF4F34
:108EA00039832883C15AD04091E0C556DF4F98835B
:108EB000CB59D0406E0133E9C30ED11C88E0D601F6
:108EC0001D928A95E9F7F7018181873409F487C0FB
:108ED0000CF05BC0823409F45DC47CF5843209F483
:108EE0007EC0813409F48FC081112FC010E0812F22
:108EF000CF55DF4FE881F981C15AD0400FB6F894C1
:108F0000FEBF0FBEEDBFCE55DF4F0FB6F894DEBFEC
:108F10000FBECDBFDF91CF911F910F91FF90EF90CA
:108F2000DF90CF90BF90AF909F908F907F906F9089
:108F30005F904F903F902F900895853409F4A4C41A
:108F40000CF0CFC5833409F44AC09091E71D9230EC
:108F500008F043C7893411F40C9459500CF024C71D
:108F6000833209F43CC7883409F49AC710E0AE0193
:108F70004F5F5F4FBE0165567F4FC7010E94EB10E8
:108F800081110C94155112E0B2CF833509F45FC3FF
:108F9000B4F48C3409F41FC5803509F433C38A3422
:108FA000A1F68091E71D8F7D09F017C782818D336F
:108FB00009F064C0C7010E94C32F182F98CF8635CF
:108FC00009F41DC334F4843509F0BFCF0E94AB0906
:108FD0008DCF873509F461C4883509F0B6CFF70124
:108FE000928191114BC0833409F4BFC60CF0F9C5CE
:108FF000843209F07BCF8091E71D887109F0EDC6BE
:109000000E94F90973CF828181112DC083E795E019
:109010000E94AF0882E99DE10E94BD0881E795E0CA
:109020000E94AF0882EA9DE10E94BD0881E795E0B9
:109030000E94AF0882EB9DE10E94BD0881E795E0A8
:109040000E94AF0882EC9DE10E94BD0881E795E097
:109050000E94AF0882ED9DE10E94BD088CE695E07C
:109060000E94AF0843CF138111116CC2823541F0C9
:10907000843509F418C2813409F453C213E037CFA0
:1090800084E692E00E94C32F80E00E9498270E940D
:10909000412380E00E94802C10920402109205026D
:1090A00010920602109207021092080210E000E0EF
:1090B00030E020E050E040E070E060E090E080E0F0
:1090C0000E94672624E032E0C156DF4F39832883AF
:1090D000CF59D04032E9E32E3DE1F32E42E65DE187
:1090E000C356DF4F59834883CD59D040C456DF4F14
:1090F0001882CC59D0405E0153E8A50EB11C6E0118
:1091000081E5C80ED11C4DEC242E42E0342EDE0148
:1091100011964D018091E71D813009F4E7CEF501EC
:1091200020E111922A95E9F76091E61D70E090E048
:1091300080E00E9446619B01AC01C356DF4FA881CD
:10914000B981CD59D0406D917D918D919C910E94B6
:109150009C5F2B013C0120E030E042E553EC0E9493
:10916000926087FD76C120E030E0A901C301B20121
:109170000E94B46218160CF473C1A601C301B201B7
:109180000E94FC02DF92CF923F922F929F928F9289
:109190000E949B64C4010E94C32F0E94412361E08E
:1091A000C5010E94A71D80E1F501D70101900D9234
:1091B0008A95E1F7C456DF4FB881CC59D040BF5FE4
:1091C000C456DF4FB883CC59D0400F900F900F900A
:1091D0000F900F900F90F70180818823B1F089E400
:1091E00094E00E94AF08C456DF4F8881CC59D0402C
:1091F0000E947C0886E494E00E94AF08C7010E94A8
:10920000BD0882E494E00E94AF08D7018C918111DF
:109210006CC06091E61D70E090E080E00E944661C5
:109220009B01AC01C356DF4FE881F981CD59D04095
:1092300060817181828193810E949C5F20E030E097
:1092400040E85FE30E949D5F2B013C0120E030E09D
:1092500042E553EC0E94926087FD06C120E030E0B9
:10926000A901C301B2010E94B46218160CF403C133
:10927000A601C301B2010E94FC02DF92CF923F928D
:109280002F929F928F920E949B64C4010E94C32FD1
:109290000E94412360E0C5010E94A71D80E1F50105
:1092A000D70101900D928A95E1F70F900F900F90E2
:1092B0000F900F900F90D7018C918823D1F08BE302
:1092C00094E00E94AF08C456DF4F8881CC59D0404B
:1092D0000E947C0888E394E00E94AF08C7010E94C6
:1092E000BD0884E394E00E94AF08F70180818111FA
:1092F00068C06091E61D70E090E080E00E944661E9
:109300009B01AC01C356DF4FA881B981CD59D04034
:109310006D917D918D919C910E949C5F20E030E049
:1093200040E85FE30E949C5F2B013C0120E030E0BD
:1093300042E553EC0E94926087FDA1C020E030E03E
:10934000A901C301B2010E94B46218160CF49EC0B8
:10935000A601C301B2010E94FC02DF92CF923F92AC
:109360002F929F928F920E949B64C4010E94C32FF0
:109370000E94412360E0C5010E94A71D80E1F50124
:10938000D70101900D928A95E1F78DE294E00E9459
:10939000AF08C456DF4F8881CC59D0400E947C086A
:1093A0008AE294E00E94AF08C7010E94BD0886E2ED
:1093B00094E00E94AF080F900F900F900F900F90C5
:1093C0000F90F7018081811165C0C156DF4FA881E0
:1093D000B981CF59D0401C920091080210E0209131
:1093E000070230E04091060250E06091050270E013
:1093F0008091040290E00E946726C156DF4F4881A9
:109400005981CF59D0404F5F5F4FC156DF4F5983CD
:109410004883CF59D04050E1E50EF11CC356DF4FD1
:1094200088819981CD59D0400496C356DF4F9983E6
:109430008883CD59D040C456DF4F9881CC59D04055
:10944000953009F067CE81E00E94802C0E94CC12FA
:109450004DCD412C512C22E5622E23EC722E8DCE67
:10946000412C512C320189CE412C512C92E5692E90
:1094700093EC792EFDCE412C512C3201F9CE412CAA
:10948000512C82E5682E83EC782E62CF412C512C32
:1094900032015ECF23E0C156DF4FE881F981CF5919
:1094A000D040208399CFC090731BD090741BE09064
:1094B000751BF090761B8091F81D9091F91DA0917D
:1094C000FA1DB091FB1DA7019601281B390B4A0B11
:1094D0005B0BCA01B9012CE330E040E050E00E9490
:1094E0002B644901C092F81DD092F91DE092FA1D3B
:1094F000F092FB1DCA01B901882799270E94FD0738
:109500008EE493E00E94D20BC701B6010E94FD07D2
:109510008EE493E00E94D20BB40181E00E94141FFC
:10952000E5CC85E594E00E94AF088FB186FB8827E3
:1095300080F90E947C0883E594E00E94AF0880E5F2
:1095400094E08ECD948191115AC01053163008F0DA
:1095500095CD873471F1823509F090CD61E0C60177
:109560000E94A71DE12FE150FF0B7F0104E0EE0CEC
:10957000FF1C0A95E1F797012E56324E790180E1E2
:10958000F601D90101900D928A95E1F783E493E009
:109590000E94D20B812F0E947C088AE493E00E94F3
:1095A000D20BC7010E94BD088DE493E00E94D20B4C
:1095B0004DCFA0916C1B412F4150550BFA01B4E0E7
:1095C000EE0FFF1FBA95E1F7EE56F24E90E19A0FBB
:1095D00081E08A0F20916B1B821308C0A0936C1B43
:1095E0008091C10080628093C10080CC2191B0E065
:1095F000A559B54E2C93A82F8913EACFEFCF0E941F
:10960000910B74CC40913E1D50913F1D6091401DC7
:109610007091411D23E081E20E948B094091421D1F
:109620005091431D6091441D7091451D23E082E2DD
:109630000E948B094091461D5091471D6091481D25
:109640007091491D23E083E20E948B094FCC8381F6
:10965000811166C08281813409F048CC80915A0220
:1096600090915B02A0915C02B0915D0289839A8324
:10967000AB83BC830E9423137FE0972E5E01B5E08D
:10968000AB0EB11C8E010F5F1F4FF80181918F014E
:109690000E9414060A151B05C1F784E690E00E949B
:1096A000131C0E94D1058A3AB9F50E94D105CDB6A6
:1096B000DEB6082F10E02DB73EB7201B310B0FB6DA
:1096C000F8943EBF0FBE2DBF4DB75EB74F5F5F4FE3
:1096D0007A01682FCA010E94BB050E0D1F1DF801FB
:1096E00031978081853599F487E694E00E94AF0830
:1096F000D70112968C910E947C0883E694E00E9428
:10970000AF080FB6F894DEBE0FBECDBEEFCB0FB6DE
:10971000F894DEBE0FBECDBE9A949110B3CFE6CBC7
:109720009481911110C080539281923549F0943503
:1097300009F4B0C0903509F0D9CB0E945346D6CB7E
:109740000E94802CD3CB25812111D0CB22812134C2
:1097500009F0CCCB26E0EEE5F2E0DE0111960190B7
:109760000D922A95E1F780539053FAE08F9F900D68
:1097700011249D838E010F5F1F4F7E0127E0E20EB3
:10978000F11CD8018D918D010E9414060E151F0544
:10979000C1F7ACCB83818111A9CB8281813409F4DB
:1097A0004FC0853409F0A2CB82E00E942E2780E0D2
:1097B0000E94D20484E692E00E94C32F0E944123BB
:1097C00081E00E94D2048DEE92E00E94C32F8CEFC4
:1097D00092E00E94C32F88E593E00E94C32F8AE69F
:1097E00093E00E94C32F8AE793E00E94C32F8BE887
:1097F00093E00E94C32F8EE993E00E94C32F81EB78
:1098000093E00E94C32F82EC93E00E94C32F83ED6C
:1098100093E00E94C32F86EE93E00E94C32F0E9424
:10982000412380E00E94D2048091351D882319F0E5
:1098300080E00E94F9441092FC1D0E94740C56CBEB
:109840009093FC1D83E00E942E278091731B9091C2
:10985000741BA091751BB091761B8093F81D90939B
:10986000F91DA093FA1DB093FB1D81E00E94D20464
:1098700010920F1E809131018F768093310181E526
:1098800093E00E94D20B32CB81E00E9498270E9485
:10989000774280E00E94982729CB8281811126CBD4
:1098A00081E00E94982787E794E00E94AF0884E750
:1098B00094E00E94AF0884E692E00E94C32F60917A
:1098C0005E1D70915F1D8091601D9091611D4CE83F
:1098D0005CE10E94FC026091761D7091771D809181
:1098E000781D9091791D48E75CE10E94FC0288E7B1
:1098F0009CE19F938F938CE89CE19F938F9380E7EB
:1099000092E09F938F9308E21CE11F930F930E94B4
:109910009B64C8010E94C32F60918E1D70918F1DA2
:109920008091901D9091911D44E15CE10E94FC02A8
:1099300084E19CE19F938F938FE792E09F938F93B5
:109940001F930F930E949B64C8010E94C32F8BE852
:1099500092E00E94C32F8FE992E00E94C32F84EA15
:1099600092E00E94C32FEDB7FEB73E960FB6F89473
:10997000FEBF0FBEEDBF8091E71D813009F489CF96
:1099800068EF7BE1CE0101960E94760489859A8575
:10999000AB85BC8580933A1D90933B1DA0933C1DE5
:1099A000B0933D1D1092361D1092371D1092381D38
:1099B0001092391D1092E31B1092E41B1092E51BCC
:1099C0001092E61B0E94CC1284E692E00E94C32F04
:1099D0000E9441235ECF2281211179C090930E1EF7
:1099E0000E94412387EF93E00E94C32F0E944123EE
:1099F000F12CE12CFE0131965F0154E0652E54E01C
:109A0000752E8E010F5A1F4F65E1C62E64E0D62ECB
:109A10004701FAE08F1A9108B401092C000C880B59
:109A2000990B0E944661562E372E282E492EB701DB
:109A3000FF0C880B990B0E944661A5010E94FC0255
:109A4000BF92AF927F926F921F930F930E949B647D
:109A5000C8010E94C32FBF92AF92DF92CF921F9393
:109A60000F930E949B64C8010E94C32FA501652D1E
:109A7000732D822D942D0E94FC024F922F923F92C3
:109A80005F92DF92CF921F930F930E949B64C80155
:109A90000E94C32F74012DB73EB72C5E3F4F0FB607
:109AA000F8943EBF0FBE2DBF3EE283163FEF9306F4
:109AB00009F0AECF0E94412310920E1E1092091E93
:109AC00010920A1E10920B1E10920C1E0FCA838158
:109AD00081110CCA81E0203309F480E080930E1ECE
:109AE000EDCF8481811102CA13811053E281E154C8
:109AF000EF3008F0C3CA0E2E000CFF0B8827EC577E
:109B0000F24B8F4F0C946C64934D974D9B4D9D4D34
:109B1000A14DA74DAB4DB64DC04DC84DCE4DD44D0A
:109B2000DD4DDB4DDF4D812F0E94DE04DFC981E07A
:109B30000E94D204DBC982E0FBCF812F0E94C604C1
:109B4000D5C9112311F0A59AD1C9A598D0C9812FE3
:109B50000E94BA04CBC9112319F00E94B404C6C9EB
:109B600080910201877F80930201C1C98091020127
:109B7000112321F0806280930201B8C98F7DF3CF59
:109B800080910201112311F08064F5CF8F7BEBCF20
:109B9000112311F0109AAAC91098A9C9112311F024
:109BA0008B9AA4C98B98A3C9112319F00E94B204FF
:109BB0009DC95F989CC9812F6DCE80E0B9CF81E0AF
:109BC000111101C080E080930F1E8091310111239B
:109BD00021F080698093310189C98F7680933101AA
:109BE00086C98734D1F0883509F080C98091E71D96
:109BF000813009F07BC9809106018EE595E00E94D5
:109C0000AF088EE395E00E94AF080E948C0B109283
:109C1000E71D82E00E942E2769C98DE994E00E9429
:109C2000AF088091771B8C3838F089E994E00E9466
:109C3000AF088091771B8A580E947C088AE894E0DC
:109C40000E94AF0880917D1B8A5C0E947C088AE894
:109C500094E00E94AF0880917B1B8F5E0E947C087D
:109C60008AE894E00E94AF089091791B85E1891BF6
:109C70000E947C088AE894E00E94AF0880917A1BD9
:109C8000865A0E947C088AE894E00E94AF0890916E
:109C9000781B8EE5891B0E947C0880917F1B88239E
:109CA00091F08DE894E00E94AF0880917F1B833093
:109CB00039F08E3111F0823031F40E947C0803C0FB
:109CC00080E30E942D068DE894E00E94AF08809109
:109CD000811B803139F0803209F443C0811105C005
:109CE00085E301C083E30E942D068DE894E00E9485
:109CF000AF088091801B8823B1F187FF03C087E301
:109D00000E942D068091801B86FF03C088E30E947D
:109D10002D0686E994E00E94AF088091351D0E94CF
:109D20007C0883E994E00E94AF086091861B7091E3
:109D3000871B8091881B9091891B0E94C80780E92E
:109D400094E00E94AF086091821B7091831B809108
:109D5000841B9091851B40E00E941E070E948C0B83
:109D6000C5C884E3C0CF89E3D2CF1091E71D12307C
:109D700059F40E9471278EE595E00E94AF088DE2AC
:109D800095E00E94AF08EACF111127C082E08093CE
:109D9000E71D8EE595E00E94AF0886E395E00E94FE
:109DA000AF080E948C0BA3C8823509F4E4C1833547
:109DB00009F46BC18E3409F0D9C882E0C556DF4F73
:109DC0008883CB59D040F701828110E0882309F4C1
:109DD0000EC211E0992309F4CAC818E088C8D70157
:109DE00012968C9181114AC900E0BE016F5F7F4FCE
:109DF000802F0E94B023182F811104C087E00E9499
:109E0000740975C88CEB94E00E94AF08063041F0ED
:109E1000073009F442C086E3800F0E947C0804C02A
:109E200089EB94E00E94AF088AE30E942D06CE01E0
:109E300001960E94E4070E948C0B0F5F0830A9F680
:109E400080EB94E00E94AF0887EC9BE10E94E4075E
:109E50000E948C0B8AEA94E00E94AF086091E31B99
:109E60007091E41B8091E51B9091E61B0E94D60740
:109E70000E948C0B83EA94E00E94AF0860913A1D27
:109E800070913B1D80913C1D90913D1D0E94D60715
:109E90000E948C0B0E949B0B29C886EB94E0C2CFDA
:109EA0008091251D15E084FD02C00C9477478091B8
:109EB000060184E08093E71D0E94740CF701828103
:109EC000811123C081E00E94534680E00E94562FFA
:109ED00081E00E94802C80E00E94982781E080939E
:109EE000081E1091E81D11110C9476471092E71D81
:109EF0000E941D1CD70112968C9181110C947647FB
:109F0000C7010E941D460C94774793819111B6C8F2
:109F1000883509F48FC00CF086C0813409F0AEC8D2
:109F20000E94C4110E9441238091E81D8111D9CF64
:109F30008E010F5A1F4F8DE0F80111928A95E9F7B3
:109F400086E0D8011C968C9320E030E040E450EC91
:109F50006091001D7091011D8091021D9091031D63
:109F60000E94F4622B013C0120E030E0A9010E9434
:109F7000926087FF03C0412C512C320180902B1D31
:109F800090902C1DA0902D1DB0902E1D68EF7BE1B0
:109F9000CE0101960E9476041092041C1092051CBA
:109FA0001092061C1092071C77FA709477F8709440
:109FB0004D865E866F86788A80E28093ED1DF8017B
:109FC00080829182A282B382B801CE0101960E9462
:109FD0002E2984E08093EB1D0E94A1140E940E059F
:109FE00010E28091060182FF10E01093ED1D0E94A7
:109FF000A11480916D1B847309F444C010916D1BF2
:10A0000014FF03C086E00E94C80315FF03C087E069
:10A010000E94C80380916E1B882391F00E947127D3
:10A020000E9437225ECF893549F08A3509F026C86B
:10A0300084E001C081E00E94562F53CF82E0FBCF25
:10A0400084E00E94CE030E943C1C80912F1D9091C1
:10A05000301D0E94131C1092041C1092051C1092BB
:10A06000061C1092071C1092EB1D0E943722809153
:10A07000E81D811136CF0E946B120E94DE0B0E94F8
:10A08000CF112FCF1111ADCFDECFF70182818C34EC
:10A0900011F00C943E488381803511F00C943E48B9
:10A0A000848181110C943E4880E80E94D8030C946E
:10A0B000764782E0C556DF4F8883CB59D040D70121
:10A0C00012968C9181112FC040E051E06EEA73E04E
:10A0D000C7010E94E112892B49F4F701108240E088
:10A0E00051E0B7018EEA93E00E94911285EC94E072
:10A0F0000E94AF08C7010E94D20B0E948C0B8FEB0D
:10A1000094E00E94AF0886E50E942D068EE40E942E
:10A110002D068DE40E942D068AE50E942D0688E416
:10A120000E942D061BCE93E0C556DF4F9883CB5976
:10A13000D0408D3311F00C943E48C556DF4F8881D6
:10A14000CB59D040F701E80FF11D9081DF01139743
:10A150009C938F5FC556DF4F8883CB59D040808159
:10A160008111EBCF40E051E0B7018EEA93E00E940D
:10A1700091120C947647D70112968C9112978335E1
:10A1800011F00C943E4813968C911397843511F07E
:10A190000C943E4814968C9114978D3311F00C94C6
:10A1A0003E4816968C91169781110C943E48159650
:10A1B0008C91843241F08A32B9F0833211F00C94E0
:10A1C0003E4882E001C081E00E94D1238EE595E007
:10A1D0000E94AF0884EF94E00E94AF080E948C0BAD
:10A1E0000E9471270C9476478FEFEECF11E0B701F4
:10A1F000812F0E947523811108C087E00E94740995
:10A20000113011F40C947647F1CF89E695E00E9465
:10A21000AF08812F0E947C088DE30E942D06C701A4
:10A220000E94D20B0E947009EBCFC556DF4FE88128
:10A23000CB59D04041E04E0FC556DF4F4883CB5934
:10A24000D040EE0DFF2DF11D80818D3311F00C9467
:10A250003E48112309F444C050E0C556DF4F288121
:10A26000CB59D040822F90E0D701A80FB91F3C9165
:10A27000841B950BF701E80FF91F30832F5FC5563C
:10A28000DF4F2883CB59D0409C919111E6CF1EE03F
:10A29000213510F00C947747C7010E94C32F182F67
:10A2A00081110C94774769817A818B819C810E940E
:10A2B000D7634B015C010E944123C501B4010E9498
:10A2C000156121E031E0629FC001639F900D112470
:10A2D00040E051E0B7019D5F0E9491120C947747D6
:10A2E00063E274E0C7010E94715F7C0143E0D42EF9
:10A2F000E114F10421F40E94CC120C947747C55666
:10A30000DF4F1882CB59D040AE014F5F5F4FBE0187
:10A3100065567F4FC7010E94EB10C556DF4F8881FD
:10A32000CB59D0408F5FC556DF4F8883CB59D04083
:10A33000AE014F5A5F4FBE0165567F4FC7010E9465
:10A34000EB10882311F40C94C34765968CAC9DAC3C
:10A35000AEACBFAC659769817A818B819C810E948C
:10A360001561062F88E3800F8A3070F5093C91F063
:10A370000A3C09F1083C31F4C501B4010E941561A1
:10A380006093351D63E274E090E080E00E94715FAD
:10A390007C01AECF8092361D9092371DA092381D61
:10A3A000B092391D8092E31B9092E41BA092E51BB2
:10A3B000B092E61BE7CF80923A1D90923B1DA0928F
:10A3C0003C1DB0923D1DDECF023D10F18EE2800FAC
:10A3D0006D2D0E940964292FF4E08F9FC001112484
:10A3E000213059F0223089F0865B924EDC018D924B
:10A3F0009D92AD92BC921397C5CF8E59924EFC019F
:10A4000080829182A282B382BDCF8658924EEECFD7
:10A41000043608F43FC0045620E0073090F5802F42
:10A4200090E0880F991F880F991FFC01223051F08E
:10A43000233001F1213019F0E056F34EE1CFE4541E
:10A44000F34EDECFE852F34E7F0120E030E040E7EC
:10A4500052E4C501B4010E94F46220E030E040E71C
:10A4600052E40E94F462D7016D937D938D939C9387
:10A47000139788CFEC50F34EB7FAB094B7F8B09476
:10A48000BFCF2F5F0A3008F47DCF243009F47ACF94
:10A490000A50C3CFC501B4010E94D7630E94156161
:10A4A000063208F06FCFE02FF0E08827E55AFD4A2A
:10A4B0008F4F0C946C64815287528A528F52925201
:10A4C0009C52A452C251C251C251B152B452BD5257
:10A4D000C652C251C251C251C251C251C251D252CE
:10A4E000DC52E852F052F352FC5205530B53C25166
:10A4F000C25114531F5328533053395342534B53B3
:10A500005453633008F43ECF6093101D3BCF6093EB
:10A51000131D38CF6093111D0E94680533CF6093DF
:10A52000121DFACF8091251D662321F0846080934F
:10A53000251D28CF8B7FFBCF8091251D662311F031
:10A540008064F5CF8F7BF3CF8091251D662339F092
:10A5500080688093251D80E00E94460613CF8F7788
:10A56000F8CF6093141D0ECF8092151D9092161D8A
:10A57000A092171DB092181D05CF8092191D9092C0
:10A580001A1DA0921B1DB0921C1DFCCE8091251D92
:10A59000662331F081608093251D0E945223F2CE04
:10A5A0008E7FF9CF8091251D662321F084FFEACEAE
:10A5B0008062BDCF8F7DBBCF8091251D662331F09A
:10A5C00088608093251D0E94CF11DCCE877FF9CF54
:10A5D0008091251D662311F08061A9CF8F7CA7CFC4
:10A5E0006093261DCFCE8092271D9092281DA092A9
:10A5F000291DB0922A1DC6CE80922B1D90922C1D33
:10A60000A0922D1DB0922E1DBDCE70E07093301D16
:10A6100060932F1DB7CE8092311D9092321DA09273
:10A62000331DB092341DAECE80921D1D90921E1D22
:10A63000A0921F1DB092201D0E94721DA3CE809279
:10A64000211D9092221DA092231DB092241DF4CFB3
:10A650008091251D662311F0826069CF8D7F67CFC1
:10A6600080923E1D90923F1DA092401DB092411DD0
:10A6700089CE8092421D9092431DA092441DB092BB
:10A68000451D80CE8092461D9092471DA092481D88
:10A69000B092491D77CE8092E21D9092E31DA09268
:10A6A000E41DB092E51D6ECEC501B4010E94156196
:10A6B0006093E61D67CE1F920F920FB60F92112482
:10A6C0000BB60F922F933F934F935F936F937F93AC
:10A6D0008F939F93AF93BF93EF93FF938091060166
:10A6E0008A7890916A1A981749F080936A1A909123
:10A6F00003029093691A91E09093681A9091691AF5
:10A7000091110CC09091E71D913041F09091681A21
:10A71000992321F01092681A0E940D29FF91EF9160
:10A72000BF91AF919F918F917F916F915F914F9169
:10A730003F912F910F900BBE0F900FBE0F901F9067
:10A7400018951F920F920FB60F9211248F939F931B
:10A7500092B180918D0E8E7F9170892B82B915BC3C
:10A760009F918F910F900FBE0F901F9018951F9281
:10A770000F920FB60F9211240BB60F920F931F93E7
:10A780002F933F934F935F936F937F938F939F93F9
:10A79000AF93BF93EF93FF9380918F0E811177C397
:10A7A00098B18091AF0E8E7F9170892B88B982B15C
:10A7B00081709091AE0E892B82B98091AD0E86BDCD
:10A7C00082E085BD81E080938F0E78948091D10ED8
:10A7D0009091D20E892B09F0F8C08091AE1890911B
:10A7E0000019981709F443C38091AE1898E0899F27
:10A7F000D0011124FD01E055F74EF093D20EE09305
:10A80000D10E2281338130938900209388002081EA
:10A8100031813093CD0E2093CC0EE4812091CE0E69
:10A820002E17A1F1E093CE0E82E2E89FF0011124F1
:10A83000ED5FF64EF093D00EE093CF0E448D558D24
:10A84000668D778D76956795579547954093980EC9
:10A850005093990E60939A0E70939B0E4093940EB2
:10A860005093950E6093960E7093970E4093900EB2
:10A870005093910E6093920E7093930E40939C0EA2
:10A8800050939D0E60939E0E70939F0EE091CF0E9D
:10A89000F091D00E20A130918E0E23272093AF0E81
:10A8A000A055B74E15969C911597408151816281B4
:10A8B0007381092E04C076956795579547950A943C
:10A8C000D2F74093B00E5093B10E6093B20E7093D6
:10A8D000B30E4481558166817781092E04C0769537
:10A8E0006795579547950A94D2F74093B40E5093C5
:10A8F000B50E6093B60E7093B70E40855185628594
:10A900007385092E04C076956795579547950A94E7
:10A91000D2F74093B80E5093B90E6093BA0E70936D
:10A92000BB0E4485558566857785092E04C07695CE
:10A930006795579547950A94D2F74093BC0E50936C
:10A94000BD0E6093BE0E7093BF0E4089518962891F
:10A950007389092E04C076956795579547950A9493
:10A96000D2F74093C00E5093C10E6093C20E709305
:10A97000C30E4489558966897789092E04C0769566
:10A980006795579547950A94D2F74093C40E509314
:10A99000C50E6093C60E7093C70E408D518D628DAB
:10A9A000738D04C076956795579547959A95D2F71C
:10A9B0004093C80E5093C90E6093CA0E7093CB0E8D
:10A9C00016968D919C910E94200580918C0E81306D
:10A9D000D9F4809109018C7090916F0E8917A1F0C4
:10A9E00010928C0E8091101E882349F08CE1E8EFC4
:10A9F000FBE1A0E7BEE001900D928A95E1F780911E
:10AA00006D1B806480936D1B1092AE0E4091900E72
:10AA10005091910E6091920E7091930E8091B00EB4
:10AA20009091B10EA091B20EB091B30E480F591F84
:10AA30006A1F7B1F4093900E5093910E6093920E6D
:10AA40007093930EE091CF0EF091D00E848D958D82
:10AA5000A68DB78D84179507A607B70730F524E0B4
:10AA60002093AE0E481B590B6A0B7B0B4093900E44
:10AA70005093910E6093920E7093930E4091F81B39
:10AA80005091F91B6091FA1B7091FB1B20A127FFCD
:10AA900013C241505109610971094093F81B509349
:10AAA000F91B6093FA1B7093FB1B4091940E50911D
:10AAB000950E6091960E7091970E0091B40E1091C4
:10AAC000B50E2091B60E3091B70E400F511F621F88
:10AAD000731F4093940E5093950E6093960E70934F
:10AAE000970E84179507A607B70740F52091AE0E7D
:10AAF00028602093AE0E481B590B6A0B7B0B4093CA
:10AB0000940E5093950E6093960E7093970E40910D
:10AB1000FC1B5091FD1B6091FE1B7091FF1B20A13F
:10AB200026FFCFC141505109610971094093FC1BB7
:10AB30005093FD1B6093FE1B7093FF1B4091980E7A
:10AB40005091990E60919A0E70919B0E0091B80EE3
:10AB50001091B90E2091BA0E3091BB0E400F511FCB
:10AB6000621F731F4093980E5093990E60939A0E34
:10AB700070939B0E84179507A607B70740F52091A1
:10AB8000AE0E20612093AE0E481B590B6A0B7B0B57
:10AB90004093980E5093990E60939A0E70939B0E6B
:10ABA0004091001C5091011C6091021C7091031C8B
:10ABB00020A125FF8BC141505109610971094093C2
:10ABC000001C5093011C6093021C7093031C409165
:10ABD0009C0E50919D0E60919E0E70919F0E009163
:10ABE000BC0E1091BD0E2091BE0E3091BF0E400FD5
:10ABF000511F621F731F40939C0E50939D0E6093D4
:10AC00009E0E70939F0E84179507A607B70740F511
:10AC10002091AE0E20622093AE0E481B590B6A0B9A
:10AC20007B0B40939C0E50939D0E60939E0E7093F1
:10AC30009F0E4091041C5091051C6091061C709160
:10AC4000071C20A124FF47C1415051096109710926
:10AC50004093041C5093051C6093061C7093071CC2
:10AC60004091A00E5091A10E6091A20E7091A30E82
:10AC70000091C00E1091C10E2091C20E3091C30EF2
:10AC8000400F511F621F731F4093A00E5093A10EDF
:10AC90006093A20E7093A30E84179507A607B707BB
:10ACA00040F52091AE0E20642093AE0E481B590B48
:10ACB0006A0B7B0B4093A00E5093A10E6093A20EE3
:10ACC0007093A30E4091081C5091091C60910A1CBE
:10ACD00070910B1C20A123FF03C141505109610950
:10ACE00071094093081C5093091C60930A1C7093CF
:10ACF0000B1C4091A40E5091A50E6091A60E709170
:10AD0000A70E0091C40E1091C50E2091C60E309171
:10AD1000C70E400F511F621F731F4093A40E509324
:10AD2000A50E6093A60E7093A70E84179507A6072D
:10AD3000B70740F52091AE0E20682093AE0E481B59
:10AD4000590B6A0B7B0B4093A40E5093A50E609396
:10AD5000A60E7093A70E40910C1C50910D1C609193
:10AD60000E1C70910F1C20A122FFBFC04150510941
:10AD70006109710940930C1C50930D1C60930E1CCB
:10AD800070930F1C4091A80E5091A90E6091AA0ECD
:10AD90007091AB0E0091C80E1091C90E2091CA0E91
:10ADA0003091CB0E400F511F621F731F4093A80EAE
:10ADB0005093A90E6093AA0E7093AB0E841795075B
:10ADC000A607B70738F52091AE0E22602093AE0E8D
:10ADD000481B590B6A0B7B0B4093A80E5093A90E8E
:10ADE0006093AA0E7093AB0E8091101C9091111C71
:10ADF000A091121CB091131C20A121FF7BC00197D0
:10AE0000A109B1098093101C9093111CA093121CEE
:10AE1000B093131C8091E71D843039F48091ED1DAF
:10AE20009091AE0E89238093AE0E8091CC0E9091BE
:10AE3000CD0E01979093CD0E8093CC0E892B69F4A3
:10AE40001092D20E1092D10E8091AE188F5F809327
:10AE5000AE188A3011F41092AE188091AE0E909117
:10AE60008D0E89278093AE0E10928F0E10C00E9417
:10AE70001D1CE091CF0EF091D00E81A1882321F00E
:10AE800090E080E00E94200584E00E94D803FF91BA
:10AE9000EF91BF91AF919F918F917F916F915F9152
:10AEA0004F913F912F911F910F910F900BBE0F90DB
:10AEB0000FBE0F901F9018954F5F5F4F6F4F7F4FE2
:10AEC000ECCD4F5F5F4F6F4F7F4F30CE4F5F5F4F87
:10AED0006F4F7F4F74CE4F5F5F4F6F4F7F4FB8CE36
:10AEE0004F5F5F4F6F4F7F4FFCCE4F5F5F4F6F4F96
:10AEF0007F4F40CF0196A11DB11D84CF1F920F92AD
:10AF00000FB60F9211248F9380916A0E8F5F8093FA
:10AF10006A0E8F910F900FBE0F901F9018951F9281
:10AF20000F920FB60F9211240BB60F928F939F932F
:10AF3000EF93FF938091670DE82FF0E0E959F34F0D
:10AF40009081909336018F5F8093670D9091660C8E
:10AF5000981305C0809131018F7D80933101FF915D
:10AF6000EF919F918F910F900BBE0F900FBE0F909E
:10AF70001F9018951F920F920FB60F9211240BB6C7
:10AF80000F922F938F939F93EF93FF93909136019E
:10AF9000E091650C81E08E0F2091640C281731F050
:10AFA000F0E0EC59F44F90838093650CFF91EF91A2
:10AFB0009F918F912F910F900BBE0F900FBE0F900E
:10AFC0001F9018951F920F920FB60F9211240BB677
:10AFD0000F928F939F93EF93FF938091630BE82FD2
:10AFE000F0E0ED59F54F90819093D6008F5F8093FC
:10AFF000630B9091620A981305C08091D1008F7DF8
:10B000008093D100FF91EF919F918F910F900BBE94
:10B010000F900FBE0F901F9018951F920F920FB6B2
:10B020000F9211240BB60F922F938F939F93EF9350
:10B03000FF939091D600E091721B81E08E0F2091DA
:10B04000711B281731F0F0E0EE59F64F9083809392
:10B05000721BFF91EF919F918F912F910F900BBEDB
:10B060000F900FBE0F901F9018951F920F920FB662
:10B070000F9211240BB60F928F939F93EF93FF9330
:10B0800080916109E82FF0E0EF59F74F908190939C
:10B09000CE008F5F8093610990916008981305C07E
:10B0A0008091C9008F7D8093C900FF91EF919F919E
:10B0B0008F910F900BBE0F900FBE0F901F901895A1
:10B0C0001F920F920FB60F9211240BB60F922F936F
:10B0D0008F939F93EF93FF939091CE00E091690E31
:10B0E00081E08E0F2091680E281731F0F0E0E859CA
:10B0F000F24F90838093690EFF91EF919F918F9112
:10B100002F910F900BBE0F900FBE0F901F901895B0
:10B110001F920F920FB60F9211240BB60F922F931E
:10B120003F934F935F936F937F938F939F93AF93CF
:10B13000BF93EF93FF93E091C600E13209F468C03A
:10B1400008F046C0E83109F44CC0E7FFD3C0E55829
:10B15000E63308F048C0F0E08827EE54F74A8F4FF6
:10B160000C946C640A59F358F358F358F358F35895
:10B17000F358F358F358F358F35810591459165913
:10B1800018591A591C591E592059F3582259265931
:10B1900028592A592C592E59F358305932593459B3
:10B1A00038593A593E594059425944594A594859CF
:10B1B0004C594E5950595359F35859595D59615981
:10B1C000655969596B596D59705972597659785941
:10B1D000EF33E1F082E0EE3709F0B7CF0E94D803F9
:10B1E00002C00E947127FF91EF91BF91AF919F9193
:10B1F0008F917F916F915F914F913F912F910F9020
:10B200000BBE0F900FBE0F901F90189581E0E6CFF8
:10B2100088E0E4CF8091E71D85FFE5CF80E4DECFB5
:10B2200081E00E94BF03DFCF82E0FBCF84E0F9CF53
:10B2300088E0F7CF80E1F5CF80E2F3CF80E4F1CF73
:10B2400080E8EFCF81E00E94B603CDCF82E0FBCF54
:10B2500084E0F9CF88E0F7CF80E1F5CF80E2F3CF4B
:10B2600080E4F1CF80E8EFCF81E00E94DE04BBCF25
:10B2700080E0FBCF81E00E94BA04B5CF80E0FBCF35
:10B280008B9AB1CF8B98AFCF81E00E94D204ABCF25
:10B2900082E0FBCF80E0F9CFA59AA5CFA598A3CFF8
:10B2A0000E94B404A0CF80910201877F80930201A5
:10B2B0009ACF809102018062F9CF809102018F7D47
:10B2C000F5CF809102018064F1CF809102018F7BE4
:10B2D000EDCF109A88CF109886CF0E94B20483CF0A
:10B2E0005F9881CF81E00E944B137DCF82E0FBCF3E
:10B2F00080E0F9CFA0915F0881E08A0F90915E080D
:10B30000981709F470CFB0E0A25AB84FEC9380932D
:10B310005F0869CF1F920F920FB60F9211240BB6E0
:10B320000F928F939F93EF93FF9380916B1BE82F66
:10B33000F0E0E559F54E90819093C6008F5F8093C1
:10B340006B1B90916C1B981305C08091C1008F7D81
:10B350008093C100FF91EF919F918F910F900BBE51
:10B360000F900FBE0F901F9018951F920F920FB65F
:10B370000F9211240BB60F92CF92DF92EF92FF92B1
:10B380000F931F932F933F934F935F936F937F93ED
:10B390008F939F93AF93BF93EF93FF93CF93DF93DD
:10B3A000CDB7DEB72897DEBFCDBF809160008F7B21
:10B3B000809360008091E71D813059F180916E1B70
:10B3C000811127C013B18091251D86FF43C01E77D0
:10B3D00001F10E947127CE0101967C010896F701C8
:10B3E000212F217021931695E817F907C9F78F01CE
:10B3F000F80182918F01805D0E942D06E016F10612
:10B40000B9F70FB6F894DEBF0FBECDBF81E00E9442
:10B41000C80328960FB6F894DEBF0FBECDBFDF91EC
:10B42000CF91FF91EF91BF91AF919F918F917F91BC
:10B430006F915F914F913F912F911F910F91FF90CD
:10B44000EF90DF90CF900F900BBE0F900FBE0F903C
:10B450001F9018951095BBCF1F920F920FB60F92A9
:10B4600011248F938091600086FD05C0809160005B
:10B470008064809360008F910F900FBE0F901F909B
:10B4800018951F920F920FB60F9211240BB60F92C0
:10B490002F933F934F935F936F937F938F939F93DC
:10B4A000AF93BF93EF93FF938091FC1D882309F422
:10B4B00060C08091940490919504A0919604B091FD
:10B4C000970480369A4EA105B10550F0109294046D
:10B4D00010929504109296041092970480E022C076
:10B4E0008091940490919504A0919604B091970452
:10B4F0000196A11DB11D8093940490939504A0938F
:10B500009604B09397048091940490919504A0912F
:10B510009604B0919704803F924DA105B10509F0C2
:10B5200065C081E00E94C6048091031E882309F152
:10B530004091900450919104609192047091930411
:10B54000403355476105710508F097C0809190041C
:10B5500090919104A0919204B09193040196A11D41
:10B56000B11D8093900490939104A0939204B093A2
:10B5700093048091681A8823A9F08091691A8150F8
:10B580008093691A8091691A81110CC0809106011B
:10B5900080958A780E940D291092681A8091030282
:10B5A0008093691A80910E1E882309F482C08091CD
:10B5B0008F048F5F80938F048A3008F470C01092DC
:10B5C0008F040E94722FFF91EF91BF91AF919F91D5
:10B5D0008F917F916F915F914F913F912F910F903C
:10B5E0000BBE0F900FBE0F901F9018958091940482
:10B5F00090919504A0919604B09197048C31944D4C
:10B60000A105B10509F46ACF809194049091950445
:10B61000A0919604B0919704883F994DA105B1057A
:10B6200009F47FCF8091940490919504A0919604A1
:10B63000B091970484329B4DA105B10509F44ECF1A
:10B640008091940490919504A0919604B0919704F0
:10B650008115914EA105B10509F463CF8091940441
:10B6600090919504A0919604B09197048C32924EDB
:10B67000A105B10509F058CF31CF813061F482E0E6
:10B680000E94D2041092900410929104109292049D
:10B69000109293046ECF8230A9F781E0F1CF8091B0
:10B6A0008E0410928E048F3F09F48DCF0E942812D1
:10B6B0008ACF80918C0490918D04C29788F48091F8
:10B6C0008C0490918D04019690938D0480938C044A
:10B6D00080918B048F5F843688F480938B0473CFC2
:10B6E00010928D0410928C0489B18695817080939C
:10B6F000041E89B181708093051EEACF10928B04DD
:10B700008091731B9091741BA091751BB091761B57
:10B710000196A11DB11D8093731B9093741BA09380
:10B72000751BB093761B4FCFCF92DF92EF92FF92B3
:10B73000CF93DF932091E71D2230C9F06B017C018C
:10B740000E94412320E030E040EA51E4C701B60105
:10B750000E94F46220E030E04AE754E40E949C60DA
:10B760000E947B600E941561EB01209739F4DF9104
:10B77000CF91FF90EF90DF90CF9008952197809127
:10B78000E81D8111F4CF0E9437222FEF80E792E06D
:10B79000215080409040E1F700C00000E6CFCF93F9
:10B7A000DF93CDB7DEB7CA57D1090FB6F894DEBF25
:10B7B0000FBECDBF9A9A819A829A879A9D9A6B9A68
:10B7C0008091010188608093010180910101806274
:10B7D0008093010180910101806480930101089AA6
:10B7E000839A579A0E947613F8941092200110922F
:10B7F0002101109225011092240183EC99E090938D
:10B800002901809328018091210188608093210182
:10B810008091210183608093210180917300826077
:10B820008093730078945198599A5098589A8498B4
:10B830008C9880917E00806180937E0010927C00C5
:10B8400080917C00806480937C0080917C00846087
:10B8500080937C0080917A00876080937A00809149
:10B860007A00806880937A0010929804109299046C
:10B8700010929A0410929B0410929C0410929D04C2
:10B8800010929E0410929F041092A1041092A004A2
:10B890001092A2041092A3041092A4041092A50482
:10B8A0001092A6041092A7041092A8041092A90462
:10B8B0001092AA041092AB041092AC048091C000C4
:10B8C00082608093C0001092C50090E19093C40004
:10B8D0008091C10088698093C1008091C800826016
:10B8E0008093C8001092CD0082E28093CC008091BA
:10B8F000C90088698093C9008091D0008D7F8093B2
:10B90000D0001092D50087E68093D4008091D100BA
:10B9100088698093D10080913001826080933001EA
:10B9200010923501909334018091310188698093A0
:10B930003101809131018F768093310190E080E078
:10B940000E94D9128A3009F431C187E00E9474093B
:10B950008FEF0E94D1230E94F90981B18E6F81B9C6
:10B9600087B18E6F87B9809181008F7E809381002F
:10B9700080918100886080938100809180008C7F1D
:10B9800080938000809180008F70809380008091F0
:10B990006E00887F80936E0014BC15BC80916E0091
:10B9A000816080936E008091070185778093070105
:10B9B0008091080185778093080180916D008A68E5
:10B9C00080936D0080916800846080936800789413
:10B9D000DD24D39444E6B42EA7EEBDE1EAE21D9245
:10B9E000EA95E9F7D092E71DB092EE1DB092EF1DF7
:10B9F000B092F01D8091731B9091741BA091751BE8
:10BA0000B091761B8093F81D9093F91DA093FA1DB9
:10BA1000B093FB1D10928C0E10926D1B10926E1B3A
:10BA200010926F1B1092701B80915F0880935E08CC
:10BA3000A7E7BBE1E1E81D92EA95E9F78091361DA1
:10BA40009091371DA091381DB091391D8093E31B53
:10BA50009093E41BA093E51BB093E61B6BEA7BE19C
:10BA600080E00E94B023811103C087E00E94740926
:10BA70000E94721D0E94CF1180910A018C7F8093D9
:10BA80000A0180910B01836080930B0185988D9A48
:10BA900086988E9A80910A018F7C80930A0180910A
:10BAA0000B01806380930B0180910A01837F809357
:10BAB0000A0180910B018C6080930B0180E00E9451
:10BAC00046060E9476130E943A130E943C1C6C9A10
:10BAD000749A80910A01806880930A0180910A011A
:10BAE000806480930A01999A989A0E94B20401E0B6
:10BAF00010E021E030E041E050E061E070E081E002
:10BB000090E00E9467268091E71D813009F05AC0BD
:10BB10000E942E270E94DE0B0E946B128091251D31
:10BB200083FF10C00E94A411882361F0D092E71D0A
:10BB30008EE595E00E94AF0885E195E00E94AF0890
:10BB40000E948C0B8091E71D817809F443C08EE53B
:10BB500095E00E94AF0880E595E00E94AF080E9442
:10BB60008C0BD092E71D00E0E12C10E0F12C9091BD
:10BB70005E0880915F08981373C080910F1E811139
:10BB8000A4C0E7964CAC5DAC6EAC7FACE7970E946E
:10BB9000220F0E9437228091E81D81111DCFE79668
:10BBA0004CAE5DAE6EAE7FAEE797E1CF47E451E0BD
:10BBB00061E070E080EA9CE10E94E112892B09F0CB
:10BBC000CCCEC3CE8111A6CF82E00E942E27D09288
:10BBD000081EA0CF1092E71D809106018DEA95E026
:10BBE0000E941D46C0CF843229F48DEA95E00E9460
:10BBF000304757C08091E71D817221F089E00E9493
:10BC00007409B3CF8DEA95E00E94C32F4AC0FF208C
:10BC100031F0893209F0ABCFE894F1F8A8CF813246
:10BC200008F4A5CF8F3209F4A2CF883281F08B338C
:10BC300089F01F3F91F0E12FF0E0E355FA4F1F5FCD
:10BC40009FE9980F9A3108F48052808390CF32E0B8
:10BC5000F32E8DCF24E0F22E8ACFFF24F39487CFEA
:10BC6000E92FF0E0E25AF84F80819F5F90935E08E1
:10BC70008F3F09F482CF8A3011F08D3041F60E9457
:10BC800037228091E81D8111A7CEE12FF0E0E35526
:10BC9000FA4F10828BE0F0FCB2CF8091AD0581119C
:10BCA000A2CF0E94800961CF8091E71D817209F0C7
:10BCB000B0C08DEA94E00E94C32FABC0EE2009F41F
:10BCC0005DC0893211F4E894E1F89091640C8091A0
:10BCD000650C981376C04090731B5090741B609055
:10BCE000751B7090761BE7968CAD9DADAEADBFAD6C
:10BCF000E79784159505A605B70509F448CF8CE1AB
:10BD0000E8EFFBE1DE01AB5ABF4F01900D928A953F
:10BD1000E1F7BE016B5A7F4FCE01C9960E947604AF
:10BD2000BE016B5A7F4FCE014D960E9476048CE384
:10BD30000E94E2058091141D982F9170A92E80FF1A
:10BD40006BC08091F31D882309F466C08AED92E0F0
:10BD50000E94A108CE01C9960E94F90683ED92E0E7
:10BD60000E94A108CE014D960E94F9068EE30E9422
:10BD7000E20580ED92E00E94A10809CF982F9B7FF9
:10BD80009B3209F4A2CF813208F49FCF883281F030
:10BD90008B3389F00F3F91F0E02FF0E0E355FB4F3C
:10BDA0000F5F9FE9980F9A3108F4805280838DCFFE
:10BDB00092E0E92E8ACF84E0E82E87CFEE24E39448
:10BDC00084CFE92FF0E0EC59F44F80819F5F90938E
:10BDD000640C8F3F09F47FCF8A3019F08D3009F061
:10BDE0006DCF0E9437228091E81D8111F5CDE02FA3
:10BDF000F0E0E355FB4F1082E0FC0BC08091AD04F6
:10BE0000882339F0843209F04FCF8DEA94E00E9404
:10BE1000304700E0E12C59CF8091E31B9091E41B67
:10BE2000A091E51BB091E61BEB968CAF9DAFAEAF3A
:10BE3000BFAFEB97ABEABBE1E396BFAFAEAFE39723
:10BE4000FE0131961F01CE014D964C01CC24C394C6
:10BE5000E396AEADBFADE3976D917D918D919D91D0
:10BE6000E396BFAFAEAFE39758962D913D914D91BC
:10BE70005C915B970E949D5FF10161937193819347
:10BE800091931F01F3E0CF1229C0EB962CAD3DAD8D
:10BE90004EAD5FADEB970E949D5F69877A878B8778
:10BEA0009C87A11016C0F101349720813181428115
:10BEB0005381D4016D917D918D919C910E949C5FE5
:10BEC000F4016083718382839383F7E0CF1609F4D2
:10BED0003DCFC39494E0890E911CBACFAA2019F3E8
:10BEE000F4CF41E15EE10C94755FFA01A191B0815C
:10BEF000009719F41097E1F0CD01DC01CD010D9010
:10BF0000002011F4C00113C0FB012191222319F07C
:10BF10002015D9F7F3CFFB012191201519F41E92BA
:10BF2000119606C02223C1F70D900020A1F7D00181
:10BF3000FA01A193B08308955058BB27AA270E9405
:10BF4000B45F0C944E620E94156238F00E941C622D
:10BF500020F039F49F3F19F426F40C94EB610EF4B1
:10BF6000E095E7FB0C94BC61E92F0E94736258F3E3
:10BF7000BA17620773078407950720F079F4A6F5CE
:10BF80000C94AD620EF4E0950B2EBA2FA02D0B0190
:10BF9000B90190010C01CA01A0011124FF27591B0E
:10BFA00099F0593F50F4503E68F11A16F040A22F14
:10BFB000232F342F4427585FF3CF46953795279585
:10BFC000A795F0405395C9F77EF41F16BA0B620B84
:10BFD000730B840BBAF09150A1F0FF0FBB1F661FCB
:10BFE000771F881FC2F70EC0BA0F621F731F841F0E
:10BFF00048F4879577956795B795F7959E3F08F034
:10C00000B0CF9395880F08F09927EE0F97958795F5
:10C0100008950E94156260F080E891E009F49EEFB7
:10C020000E941C6228F040E851E071F45EEF0CC001
:10C030000C94EB610C94AD62E92FE0780E9473627E
:10C0400040F3092E052AB1F3261737074807590789
:10C0500038F00E2E07F8E02569F0E025E0640AC00C
:10C06000EF6307F8009407FADB01B9019D01DC01D9
:10C07000CA01AD01EF930E94B3600E944E620E941C
:10C080004C605F91552339F02BED3FE049E450FDC2
:10C0900049EC0C949D5F0895DF93DD27B92FBF779E
:10C0A00040E85FE31616170648075B0718F4D92F18
:10C0B0000E94B9629F938F937F936F930E94D36383
:10C0C000E4EEF0E00E94EE610E944E622F913F91FB
:10C0D0004F915F910E940763DD2351F09058A2EACF
:10C0E0002AED3FE049EC5FE3D0785D270E94B45F22
:10C0F000DF910C944E620E94956290F09F3748F455
:10C10000911116F40C94AE6260E070E080E89FE359
:10C11000089526F01B16611D711D811D0C94C261CE
:10C120000C94DD610E94986108F481E008950E94FA
:10C130002562E3950C945F620E94B0600C944E629D
:10C140000E941C6258F00E94156240F029F45F3F83
:10C1500029F00C94BC6151110C94AE620C94EB610B
:10C160000E94736268F39923B1F3552391F3951BF1
:10C17000550BBB27AA2762177307840738F09F5F08
:10C180005F4F220F331F441FAA1FA9F335D00E2E75
:10C190003AF0E0E832D091505040E695001CCAF7E2
:10C1A0002BD0FE2F29D0660F771F881FBB1F2617A5
:10C1B00037074807AB07B0E809F0BB0B802DBF017C
:10C1C000FF2793585F4F3AF09E3F510578F00C944B
:10C1D000BC610C94AE625F3FE4F3983ED4F3869565
:10C1E00077956795B795F7959F5FC9F7880F911D6C
:10C1F0009695879597F90895E1E0660F771F881F58
:10C20000BB1F621773078407BA0720F0621B730B0A
:10C21000840BBA0BEE1F88F7E09508950E94156114
:10C220006894B1110C94AE6208950E947B6288F00C
:10C230009F5798F0B92F9927B751B0F0E1F0660FEA
:10C24000771F881F991F1AF0BA95C9F714C0B1302B
:10C2500091F00E94AD62B1E008950C94AD62672F39
:10C26000782F8827B85F39F0B93FCCF3869577955A
:10C270006795B395D9F73EF4909580957095619543
:10C280007F4F8F4F9F4F0895E89409C097FB3EF46E
:10C2900090958095709561957F4F8F4F9F4F992313
:10C2A000A9F0F92F96E9BB279395F6958795779591
:10C2B0006795B795F111F8CFFAF4BB0F11F460FF51
:10C2C0001BC06F5F7F4F8F4F9F4F16C0882311F0A9
:10C2D00096E911C0772321F09EE8872F762F05C0BD
:10C2E000662371F096E8862F70E060E02AF09A9558
:10C2F000660F771F881FDAF7880F9695879597F94D
:10C3000008950E94956290F09F3748F4911116F0BD
:10C310000C94AE6260E070E080E89FEB089526F434
:10C320001B16611D711D811D0C94C2610C94DD6191
:10C33000990F0008550FAA0BE0E8FEEF1616170636
:10C34000E807F907C0F012161306E407F50798F09E
:10C35000621B730B840B950B39F40A2661F0232BB7
:10C36000242B252B21F408950A2609F4A140A69533
:10C370008FEF811D811D089597F99F6780E870E018
:10C3800060E00895882371F4772321F09850872B7B
:10C39000762F07C0662311F499270DC09051862B84
:10C3A00070E060E02AF09A95660F771F881FDAF731
:10C3B000880F9695879597F908959F3F31F0915092
:10C3C00020F4879577956795B795880F911D969579
:10C3D000879597F908959FEF80EC0895DF93CF93A9
:10C3E0001F930F93FF92EF92DF927B018C01689471
:10C3F00006C0DA2EEF010E940763FE01E894A591C2
:10C400002591359145915591A6F3EF010E94B45FB6
:10C41000FE019701A801DA9469F7DF90EF90FF9091
:10C420000F911F91CF91DF91089500240A94161661
:10C43000170618060906089500240A941216130612
:10C440001406050608950C94EB610E947B62D8F3F4
:10C45000E894E0E0BB279F57F0F02AED3FE049EC7D
:10C4600006C0EE0FBB0F661F771F881F28F0B23A79
:10C4700062077307840728F0B25A620B730B840BB0
:10C48000E3959A9572F7803830F49A95BB0F661F42
:10C49000771F881FD2F790480C94DF61092E039410
:10C4A000000C11F4882352F0BB0F40F4BF2B11F4A1
:10C4B00060FF04C06F5F7F4F8F4F9F4F0895EF93D2
:10C4C000E0FF07C0A2EA2AED3FE049EC5FEB0E94E3
:10C4D000B45F0E944E620F90039401FC9058E1E11A
:10C4E000F1E00C94E96357FD9058440F551F59F043
:10C4F0005F3F71F04795880F97FB991F61F09F3F51
:10C5000079F087950895121613061406551FF2CF79
:10C510004695F1DF08C0161617061806991FF1CFC9
:10C52000869571056105089408950E947B62A0F0CC
:10C53000BEE7B91788F4BB279F3860F41616B11D03
:10C54000672F782F8827985FF7CF8695779567951F
:10C55000B11D93959639C8F30895E894BB276627D3
:10C560007727CB0197F908950E94986108F48FEF1F
:10C5700008959B01AC0160E070E080E89FE30C94BB
:10C580009C600E947B6258F19E5760F19851A0F028
:10C59000E9F0983020F5092E9927660F771F881F3C
:10C5A000991F0A94D1F712C0062E672F782F88277B
:10C5B000985F11F4000C07C0993FB4F38695779506
:10C5C00067959395D9F7611D711D811D3EF4909576
:10C5D0008095709561957F4F8F4F9F4F0895689418
:10C5E0000C94AE620C94AD620E9407630C944E6290
:10C5F0000E94156238F00E941C6220F0952311F011
:10C600000C94BC610C94EB6111240C94AE620E94FA
:10C61000736270F3959FC1F3950F50E0551F629FB1
:10C62000F001729FBB27F00DB11D639FAA27F00D8B
:10C63000B11DAA1F649F6627B00DA11D661F829FB2
:10C640002227B00DA11D621F739FB00DA11D621F97
:10C65000839FA00D611D221F749F3327A00D611DB4
:10C66000231F849F600D211D822F762F6A2F112496
:10C670009F5750409AF0F1F088234AF0EE0FFF1FC9
:10C68000BB1F661F771F881F91505040A9F79E3F20
:10C69000510580F00C94BC610C94AE625F3FE4F3F2
:10C6A000983ED4F3869577956795B795F795E79576
:10C6B0009F5FC1F7FE2B880F911D9695879597F97F
:10C6C00008950E947B62E8F09E37E8F09639B8F44E
:10C6D0009E3848F4672F782F8827985FF9CF869582
:10C6E0007795679593959539D0F3B62FB1706B0F09
:10C6F000711D811D20F487957795679593950C940E
:10C70000C2610C94DD610C94AE629F930E9425621D
:10C710000F9007FCEE5F0C945F6219F416F40C9412
:10C72000EB610C94DD610E947B62B8F39923C9F33D
:10C73000B6F39F57550B87FF0E94E2630024A0E6E3
:10C7400040EA900180585695979528F4805C660FD2
:10C75000771F881F20F026173707480730F4621B21
:10C76000730B840B202931294A2BA6951794079423
:10C77000202531254A2758F7660F771F881F20F09C
:10C7800026173707480730F4620B730B840B200D14
:10C79000311D411DA09581F7B901842F9158880F53
:10C7A0009695879508959B01AC010C94F4620E94C4
:10C7B000956230F09F3710F40C94AE620C94C26115
:10C7C0000C94DD6191505040660F771F881FD2F79F
:10C7D00008959F938F937F936F93FF93EF939B01A4
:10C7E000AC010E94F462EF91FF910E94EE612F91E3
:10C7F0003F914F915F910C94F462991B79E004C0D2
:10C80000991F961708F0961B881F7A95C9F780958F
:10C81000089587FB082E062687FD819567FD6195A3
:10C820000E94FD630EF4919507FC81950895AA1B63
:10C83000BB1B51E107C0AA1FBB1FA617B70710F00B
:10C84000A61BB70B881F991F5A95A9F7809590953D
:10C85000BC01CD010895A1E21A2EAA1BBB1BFD014C
:10C860000DC0AA1FBB1FEE1FFF1FA217B307E407CF
:10C87000F50720F0A21BB30BE40BF50B661F771F27
:10C88000881F991F1A9469F7609570958095909507
:10C890009B01AC01BD01CF010895052E97FB1EF44D
:10C8A00000940E94646457FD07D00E942B6407FC2B
:10C8B00003D04EF40C9464645095409530952195C6
:10C8C0003F4F4F4F5F4F08959095809570956195BC
:10C8D0007F4F8F4F9F4F0895EE0FFF1F881F8BBF15
:10C8E0000790F691E02D19940E947F64A59F900D0A
:10C8F000B49F900DA49F800D911D11240895A29FB7
:10C90000B001B39FC001A39F700D811D1124911D23
:10C91000B29F700D811D1124911D0895FB01DC0152
:10C9200004C08D910190801921F441505040C8F706
:10C93000881B990B08950F931F93CF93DF93CDB767
:10C94000DEB72E970FB6F894DEBF0FBECDBF0E89AF
:10C950001F8986E08C831A8309838FEF9FE79E836C
:10C960008D83AE01465E5F4F688D798DCE01019655
:10C970000E94CB642F813885020F131FF8011082AB
:10C980002E960FB6F894DEBF0FBECDBFDF91CF91CC
:10C990001F910F9108952F923F924F925F926F9245
:10C9A0007F928F929F92AF92BF92CF92DF92EF923F
:10C9B000FF920F931F93CF93DF9300D000D000D04E
:10C9C0001F921F92CDB7DEB77C013B018A01FC01AB
:10C9D00017821682838181FFDDC1CE0101965C0141
:10C9E000F7019381F30193FD859193FF81913F01BD
:10C9F000882309F453C1853239F493FD859193FF5F
:10CA000081913F01853229F4B70190E00E94E366ED
:10CA1000E7CF912C212C312CFFE1F31538F08B322C
:10CA200011F190F4803209F1833229F137FC3CC0D6
:10CA300020ED280F2A3050F536FE20C08AE0989E5F
:10CA4000200D1124922E06C08D3291F0803371F7A3
:10CA5000689430F8F30193FD859193FF81913F0134
:10CA60008111DACF21C0689431F8689432F8F2CF9E
:10CA7000689433F8EFCF689434F8ECCFEAE02E9E58
:10CA8000200D1124222E689435F8E4CF8E3229F43B
:10CA900036FC04C1689436F8DDCF8C3619F46894FE
:10CAA00037F8D8CF8836B1F2982F9F7D95549330C0
:10CAB000E0F08336A1F18337C1F1833509F063C01B
:10CAC0002801F2E04F0E511CF801C080D180692D81
:10CAD00070E036FC02C06FEF7FEFC6010E94CD66AA
:10CAE0004C01689437F882010AC00C5F1F4FFFE3C6
:10CAF000F98388248394912C6501E89437F833FEF8
:10CB00002DC0522C8114910471F5552009F468CF81
:10CB1000B70180E290E00E94E3665A94F6CFF801F4
:10CB2000808189830E5F1F4FE4CF2801F2E04F0E12
:10CB3000511CF801C080D180692D70E036FC02C024
:10CB40006FEF7FEFC6010E94D8664C018201D5CFFE
:10CB5000B70180E290E00E94E3662A942814190449
:10CB600009F0B0F7CECFF60137FC859137FE819101
:10CB70006F01B70190E00E94E36651105A94F1E012
:10CB80008F1A9108BFCF843619F0893609F077C023
:10CB9000F80137FE6BC060817181828193810C5FE7
:10CBA0001F4FF32DFF763F2E97FF09C0909580957C
:10CBB000709561957F4F8F4F9F4F689437F82AE0AB
:10CBC00030E0A5010E941367C82ECA188C2C432C94
:10CBD00036FE0CC0E89440F8C91440F434FE05C099
:10CBE00032FC03C0F32DFE7E4F2E892C44FEAAC0DA
:10CBF000FE01EC0DF11D8081803309F09CC0242DD5
:10CC0000297E422E842D8870582E43FCAAC040FEF7
:10CC1000A4C09C2C821418F42C0C922C981844FE5E
:10CC2000A6C0B70180E390E00E94E36642FE09C01F
:10CC300088E790E041FE02C088E590E0B7010E94DD
:10CC4000E366C91408F49FC0CA94D12C9FEFC91A97
:10CC5000D90ACA0CDB1CF60182916F01B70190E082
:10CC60000E94E366AC14BD04B1F74FCF60817181BF
:10CC7000072E000C880B990B0E5F1F4F92CFD32C01
:10CC8000E894D4F82AE030E08537E1F1232D297FBC
:10CC9000D22E8F36A9F1F0F4883551F1F701868153
:10CCA00097812B960FB6F894DEBF0FBECDBFDF91F4
:10CCB000CF911F910F91FF90EF90DF90CF90BF9099
:10CCC000AF909F908F907F906F905F904F903F902C
:10CCD0002F900895803749F0883701F7D4FE02C0BD
:10CCE0006894D2F820E130E00DC06894D4F8F6CF13
:10CCF00034FE03C0822F8660D82E20E132E002C0CD
:10CD000028E030E0F801D7FE0FC060817181828198
:10CD100093810C5F1F4FA5010E941367C82ECA188C
:10CD20003D2CE89437F852CF6081718190E080E02B
:10CD30000E5F1F4FF0CF42FC02C0839463CF8394F9
:10CD4000839460CF842D867809F45CCFF6CFB70149
:10CD500080E290E00E94E36683948214C0F3512C39
:10CD60005ECF522C5818821408F459CFF8CF842D76
:10CD7000867809F466CF8BE241FE80E247FC8DE2C3
:10CD8000B70190E05CCFB70180E390E00E94E366DA
:10CD90009A9457CF8FEF9FEF84CFFC01059061509D
:10CDA00070400110D8F7809590958E0F9F1F0895C1
:10CDB000FC016150704001900110D8F7809590956A
:10CDC0008E0F9F1F08950F931F93CF93DF93182FFC
:10CDD000092FEB018B8181FD09C01FEF0FEF812F20
:10CDE000902FDF91CF911F910F91089582FF14C072
:10CDF0002E813F818C819D81281739073CF4E88181
:10CE0000F981CF0101969983888310838E819F8158
:10CE100001969F838E83E3CFE885F985812F19954D
:10CE2000892BA1F3DACFFA01AA27283051F120315A
:10CE300081F1E8946F936E7F6E5F7F4F8F4F9F4FAE
:10CE4000AF4FB1E03ED0B4E03CD0670F781F891FF0
:10CE50009A1FA11D680F791F8A1F911DA11D6A0FBE
:10CE6000711D811D911DA11D20D009F468943F9171
:10CE70002AE0269F11243019305D3193DEF6CF0170
:10CE80000895462F4770405D4193B3E00FD0C9F736
:10CE9000F6CF462F4F70405D4A3318F0495D31FDA3
:10CEA0004052419302D0A9F7EACFB4E0A6959795F6
:10CEB000879577956795BA95C9F7009761057105CC
:10CEC00008959B01AC010A2E069457954795379516
:10CED0002795BA95C9F7620F731F841F951FA01D70
:06CEE0000895F894FFCF55
:10CEE6000101010201010101010106200000060104
:10CEF6000620000002010620000001AA021055AA21
:10CF0600021255AA1B25000000000101094000FE7F
:10CF1600FE120104000000000000000000000000F6
:10CF2600000000FAFEFE0501010800FAFEFE0501FA
:10CF36000109F6FAFEFE030102FAAA020155AA0445
:10CF460002011A5547393047353347305A2D3500D7
:10CF560047393047353347305825735925730047CD
:10CF6600393047353347305A257300473231473910
:10CF7600314733382E325A2D33304632303000475F
:10CF8600305A31004733382E325A2D32463330006C
:10CF96004D3453323330300047393047353347301C
:10CFA600315A25734631353030004D35004739301A
:10CFB60047353347305925730047323147393147B2
:10CFC60033382E335A2D333046353030004739301A
:10CFD6004735334730582D35592D350047393047B9
:10CFE60035334730582D35592D323030004D3353B7
:10CFF60032393030004739304735334730315A25DA
:10D0060073463138303000473931473143322E3597
:10D0160046313030300047393147314331463130BF
:10D026003030007B27746F6F6C00273A007D0D0A45
:10D036000066696E69736800473930473533473093
:10D04600582D3530592D3230300047393047353379
:10D056004730582D3530592D35004739304735334F
:10D066004730582D313030592D3500473930473546
:10D07600334730582D313030592D32303000473952
:10D08600304735334730582D313530592D32303011
:10D09600004739304735334730582D313530592D13
:10D0A60035004739304735334730582D32303059FF
:10D0B6002D35004739304735334730582D3230301B
:10D0C600592D323030004739304735334730582DE7
:10D0D6003130592D31300047393047353347305AD2
:10D0E6002D3330004739304735334730582573598B
:10D0F6002D3138300047393047353347305825739E
:06D1060059300024000076
:00000001FF
