:100000000C94D7020C94F8020C94F8020C94F802A9
:100010000C94F8020C94F8020C94F8020C94F80278
:100020000C94F8020C941C550C94F8020C944F4E4E
:100030000C94A5540C94F8020C94F8020C94F80259
:100040000C94F8020C94AB4E0C94F8020C94F80249
:100050000C94F8020C94F8020C94F8020C94954E4F
:100060000C94F8020C9478530C947A540C94F80283
:100070000C94F8020C94F8020C94F8020C94F80218
:100080000C94F8020C94F8020C94F8020C946E5242
:100090000C9450530C9425530C94F8020C94F802D1
:1000A0000C94F8020C94F8020C94F8020C94F802E8
:1000B0000C94F8020C94F8020C94F8020C9431554C
:1000C0000C94F8020C94F8020C94F8020C94FD5273
:1000D0000C94D2520C94F8020C94AA520C947F52B5
:1000E0000C94F802084AD73B3BCE016E84BCBFFD9E
:1000F000C12F3D6C74319ABD56833DDA3D00C77FF8
:1001000011BED9E4BB4C3E916BAAAABE0000008090
:100110003F05A84CCDB2D44EB93836A9020C50B91F
:10012000918688083CA6AAAA2ABE000000803F004B
:100130000C94864D0C94E44D0C94AB320C949D328F
:100140000C943C540C94834D0C9440540C940E54D9
:100150000C94F94D0C9438540C94DE320C940454E5
:100160000C94D1480C9468540C94BA4D0C94B64C31
:100170000C948C320C9434540C94EB320C940F325B
:100180000C9410540C94484E0C94B5320C94244E9C
:100190000C94DC4D0C94D04D0C9466540C94993214
:1001A0000C947E4D0C94F04D0C941A540C941C4EEF
:1001B0000C9451540C9418540C9408540C94A54D60
:1001C0000C943F4E0C9443540C941E540C949B4836
:1001D0000C94904D0C945B540C9406540C941C5449
:1001E0000C9487480C942D4E0C9455540C94C8488C
:1001F0000C949F480C94134E0C9495480C94BF3269
:100200000C9430540C9428540C9424540C94E74DC2
:100210000C94B4480C944D540C945B320C940A54D6
:100220000C94754D0C942A540C9422540C94FF4D4C
:100230000C9432540C94CF480C94C64D0C946832F4
:100240000C94FA530C9441320C9412540C94F832DE
:100250000C94D3480C9400540C947F320C94C248F4
:100260000C94364E0C9462540C945D540C94AA4831
:100270000C942E540C944E320C9460540C94823096
:100280000C94BC480C943A540C94E3530C94723282
:100290000C94C9320C9420540C94A84D0C94B14D7C
:1002A0000C943E540C9416540C9459540C9491484C
:1002B0000C947B4D0C9449540C940C540C948B4826
:1002C0000C94984D0C94084E0C948F480D0A007CA9
:1002D00057506F733A004D506F733A000D0A00414A
:1002E0006C61726D3A005BE68EA2E992883A006317
:1002F0006F6E74726F6C2D312E302E302D616C70DC
:10030000686136005B76657273696F6E3A007C4691
:10031000533A007C4C6E3A007C42663A007C473A85
:10032000007C4D3A007C533A007C46423A007C53B4
:10033000463A007C483A007C41463A007C4C3A0000
:100340007C433A007C48573A007C44523A007C4453
:100350003A007C54443A007C523A007C52573A00AE
:100360007C4C573A007C5246543A007C4C46543AF6
:10037000007C53543A007C463A007C543A007C4C52
:10038000443A007C57506F733A007C4D506F733A7B
:1003900000536C65657000446F6F723A0043686586
:1003A000636B00416C61726D00486F6D696E670030
:1003B0004D6F76696E67005061757365004D6F769D
:1003C000696E67005265616479006572726F723A96
:1003D000005D002C002C002C002C002C002C002C8C
:1003E000006E756C6C5D00276368616D66657227D1
:1003F0002C0027746872656164272C002764726979
:100400006C6C272C0027636F6E65272C00276261B8
:100410006C6C272C0027656E646D696C6C272C0052
:100420005B007D0D0A00273A007B27746F6F6C001C
:100430007D0D0A00273A007B27746F6F6C007D0DDD
:100440000A00273A007B27746F6F6C000D0A005D6D
:10045000005B746F6F6C5374617475733A20005D48
:100460000D0A005B726669645F706F7765723A00AF
:100470000D0A00537461727420746F6F6C20736581
:100480007474696E6700204700204D0020530020DF
:10049000460020540033382E005B47433A47005B48
:1004A0005A706F733A005B544C4F3A005B473932D5
:1004B0003A003330003238005B47005B4F50543A0B
:1004C000005B5645523A312E31652E32303137308D
:1004D0003131343A00536C656570696E670052655E
:1004E00073746F72696E67207370696E646C6500F7
:1004F000526573746F72696E672064656661756CAE
:1005000074730050726F6772616D20656E6465640C
:1005100000436865636B206C696D697473004368A0
:1005200065636B20646F6F720044697361626C6510
:100530006400456E61626C65640043617574696F47
:100540006E3A20556E6C6F636B656400506C65612C
:10055000736520756E6C6F636B005B4D53473A009B
:100560006F6B0D0A00244E005D7D0D0A002C007B90
:1005700027746F6F6C44617461273A5B000D0A0049
:100580006265666F7265546F6F6C3A000D0A006E9B
:100590006F77546F6F6C3A000D0A00537461727478
:1005A00020746F6F6C2073657474696E670011241A
:1005B0001FBECFEFD1E2DEBFCDBF00E00CBF2DE10B
:1005C000A2E1B4E001C01D92A73EB207E1F714E03A
:1005D000A0E0B2E0EEE4F4EC00E00BBF02C0079054
:1005E0000D92A231B107D9F70E9484560C9425626E
:1005F0000C9400002F923F924F925F926F927F92E5
:100600008F929F92AF92BF92CF92DF92EF92FF9222
:100610000F931F93CF93DF93CDB7DEB72E970FB60F
:10062000F894DEBF0FBECDBF4B015C017A0120E024
:1006300030E0A9010E94465B10E087FF05C0B7FAD1
:10064000B094B7F8B09411E0C501B4010E94C95B41
:100650006B877C878D879E87112331F08DE2F701B0
:100660008083C70101967C016B857C858D859E8585
:100670008E010F5F1F4F68013AE0232E312C412C71
:10068000512C3801EFEF6E1A7E0AA20191010E94EF
:10069000DF5E605DF8016083B901CA018301611505
:1006A00071058105910569F7D701F301CE16DF06C3
:1006B000E1F583010C191D090F5F1F4F0E0D1F1D62
:1006C0006B857C858D859E850E94F85B9B01AC01C6
:1006D000C501B4010E94505A93012C193D09E20E44
:1006E000F31E2EE2F7012083680124E0F22EFA9433
:1006F000F1101EC0F80113822E960FB6F894DEBFDB
:100700000FBECDBFDF91CF911F910F91FF90EF9062
:10071000DF90CF90BF90AF909F908F907F906F9021
:100720005F904F903F902F90089582918D93BECF10
:1007300020E030E040E251E40E94A85D4B015C0102
:100740000E94C25B20E3260FF60121936F01072E62
:10075000000C880B990B0E94FA5B9B01AC01C50150
:10076000B4010E94505AC3CF2FB7F8949091571BF1
:10077000892B8093571B2FBF08952FB7F894909122
:10078000561B892B8093561B2FBF08959FB7F89453
:100790008093551B9FBF08959FB7F8942091541BD9
:1007A000809582238093541B9FBF08952FB7F894A0
:1007B0009091541B892B8093541B2FBF08952F9227
:1007C0003F924F925F926F927F928F929F92AF92E1
:1007D000BF92CF92DF92EF92FF920F931F93CF932E
:1007E000DF9300D01F92CDB7DEB72091241D222EBB
:1007F000312C40902F1D5090301D6090311D709015
:10080000321D22EF3CE13A8329838C011C821B823A
:10081000E981FA81C190D190E190F190FA83E98366
:1008200020E030E0A901C701B6010E94465B8823A1
:10083000B9F1F80180809180A280B3802DEC3CEC6E
:100840004CEC5DE3C301B2010E94505A9B01AC0124
:10085000C1010B8002C0959587950A94E2F780FF4D
:1008600011C0C501B4010E94465B87FD09C0C701E4
:10087000B6019058A50194010E94465B87FF10C005
:1008800081E01BC0C501B4010E94685D1816C4F365
:10089000A5019401C701B6010E94685D181684F392
:1008A0002B813C812F5F3F4F3C832B830C5F1F4F7D
:1008B0002730310509F0ACCF80E00F900F900F90FA
:1008C0000F90DF91CF911F910F91FF90EF90DF90EC
:1008D000CF90BF90AF909F908F907F906F905F90E0
:1008E0004F903F902F9008958F929F92AF92BF921A
:1008F000CF92DF92EF92FF920F931F93CF93DF93EC
:10090000EB012EE9E22E2CE1F22E8C016B018CE141
:10091000C80ED11C6991799189919991F7018190C3
:100920009190A190B1907F010E94FA5BA501940182
:100930000E94505BF80161937193819391938F01B1
:10094000CC15DD0539F7DF91CF911F910F91FF9005
:10095000EF90DF90CF90BF90AF909F908F900895D1
:100960005F9A0895E2E0F1E08081886080830895D5
:10097000882341F0739A91E0811101C090E0909337
:10098000021C08957398F7CF882341F08F9A91E065
:10099000811101C090E09093041C08958F98F7CFC7
:1009A000813019F4899A8A9804C089988230D9F7DD
:1009B0008A9A8093051C0895882341F0A29A91E0B9
:1009C000811101C090E09093031C0895A298F7CF85
:1009D000CF93DF93C0914D1AD0914E1A2097C9F052
:1009E00080911D1A816080931D1A6091331A709155
:1009F000341A8091351A9091361A9B01AC010E94ED
:100A0000A85D6EA37FA388A799A710924E1A109293
:100A10004D1ADF91CF910895E7E7FEE08091740EC3
:100A2000868F80910E1D8250990B880F8195858F3E
:100A3000EFE6F0E080818260808308952091231D9D
:100A400021FF0BC09093AB008093AA00892B31F457
:100A50008091A0008F7D8093A00008958091A000D8
:100A60008062F9CF882361F0813061F0823061F0DB
:100A7000833061F0843061F0853061F082E0089568
:100A800080E8089580E4089580E2089580E1089563
:100A900088E0089584E00895882361F0813061F052
:100AA000823061F0833061F0843061F0853061F034
:100AB00082E0089584E0089588E0089580E1089533
:100AC00080E2089580E4089580E80895AF92BF928F
:100AD000CF92DF92EF92FF920F931F93CF93DF930A
:100AE000E0900F1DF12CC090101DD12CD0E0C0E083
:100AF00010E000E0BC2EAC2EC7010C2E02C0959574
:100B000087950A94E2F780FF04C08C2F0E944C0561
:100B1000082BC60102C095958795AA94E2F780FF3D
:100B200004C08B2D0E943205182B2196C730D105A9
:100B300009F70093740E1093750EDF91CF911F91FA
:100B40000F91FF90EF90DF90CF90BF90AF900895FE
:100B50009091581B8091591B891749F0E92FF0E0BB
:100B6000E75BF64F80819F5F9093581B08958FEF4E
:100B700008952091500EDC0180E0861301C0089595
:100B800090914F0E2917D9F3E92FF0E0E15BF24F76
:100B900030813D938F5F9F5F90934F0EEECF90918A
:100BA0004F0E8091500E891749F0E92FF0E0E15B7C
:100BB000F24F80819F5F90934F0E08958FEF0895BD
:100BC000E0914D0C91E09E0F20914E0D291761F0A0
:100BD000F0E0E25BF34F808390934D0C8091310104
:100BE00080628093310104C02091541B24FFECCF1C
:100BF0000895E091490A91E09E0F20914A0B291730
:100C000061F0F0E0E65BF54F80839093490A8091B4
:100C1000D10080628093D10004C02091541B24FF36
:100C2000ECCF0895E091470891E09E0F209148098C
:100C3000291761F0F0E0E85BF74F80839093470855
:100C40008091C90080628093C90004C02091541B28
:100C500024FFECCF0895E091531B91E09E0F20916B
:100C6000521B291761F0F0E0EE5AF54E8083909305
:100C7000531B8091C10080628093C10004C0209109
:100C8000541B24FFECCF08951092560E9091231D13
:100C900097FD03C09CE09093560E882331F080911D
:100CA000560E9CE089278093560E08958F929F924E
:100CB000AF92BF92CF92DF92EF92FF920F931F936A
:100CC000CF93DF93CDB7DEB72D970FB6F894DEBF85
:100CD0000FBECDBF6B017C01042F20E030E0A901E5
:100CE0000E94465B87FF07C08DE20E94E005F7FA8D
:100CF000F094F7F8F09420E030E048EC52E4C701BB
:100D0000B6010E94A85D20E030E048EC52E40430D7
:100D100031F0033031F420E030E040E251E40E9451
:100D2000A85D20E030E040E05FE30E94515A0E945D
:100D3000C25B10E03AE0832E912CA12CB12CE12F64
:100D4000F0E0611571058105910581F581E090E084
:100D50008C0F9D1FE80FF91F80E31017C8F11013C7
:100D600009C0E1E0F0E0EC0FFD1FE10FF11D80E3B1
:100D700080831F5FEE24E394F12CEC0EFD1EE10E48
:100D8000F11C111128C02D960FB6F894DEBF0FBECE
:100D9000CDBFDF91CF911F910F91FF90EF90DF902A
:100DA000CF90BF90AF909F908F900895EE24E394E2
:100DB000F12CEC0EFD1EEE0EFF1EA50194010E940B
:100DC000DF5E605DF7016083B901CA011F5FB7CFC5
:100DD0001F5F8193C2CF101303C08EE20E94E00513
:100DE000F70182917F010E94E0051150CACF0F9355
:100DF0001F93CF938C01C0E0F801619171918191B3
:100E000091918F012091231D43E020FF07C02BE823
:100E100032E441E25DE30E94A85D44E00E94560690
:100E2000C33019F08CE20E94E005CF5FC43021F797
:100E3000CF911F910F9108958F929F92AF92BF9281
:100E4000CF92DF92EF92FF920F931F93CF93DF9396
:100E5000CDB7DEB72D970FB6F894DEBF0FBECDBF6E
:100E60006B017C01042F20E030E0A9010E94465B69
:100E700087FF07C08DE20E942B06F7FAF094F7F87F
:100E8000F094102F123008F054C000FF0AC020E088
:100E900030E040E251E4C701B6010E94A85D6B0159
:100EA0007C0120E030E040E05FE3C701B6010E9432
:100EB000515A0E94C25B10E03AE0832E912CA12C83
:100EC000B12CE12FF0E06115710581059105E9F57F
:100ED00081E090E08C0F9D1FE80FF91F80E3101751
:100EE00008F445C0101309C0E1E0F0E0EC0FFD1F6D
:100EF000E10FF11D80E380831F5FEE24E394F12C6A
:100F0000EC0EFD1EE10EF11C111134C02D960FB632
:100F1000F894DEBF0FBECDBFDF91CF911F910F912F
:100F2000FF90EF90DF90CF90BF90AF909F908F9009
:100F3000089520E030E048EC52E4C701B6010E9479
:100F4000A85D6B017C0112509DCFEE24E394F12C3F
:100F5000EC0EFD1EEE0EFF1EA50194010E94DF5E49
:100F6000605DF7016083B901CA011F5FAACF1F5FEF
:100F70008193B5CF101303C08EE20E942B06F701B8
:100F800082917F010E942B061150BECF2091231D1C
:100F900040E020FF07C02BE832E441E25DE30E941D
:100FA000A85D41E00C941C072091231D43E020FF25
:100FB00007C02BE832E441E25DE30E94A85D44E013
:100FC0000C941C070F931F93CF938C01C0E0F80182
:100FD00061917191819191918F010E94D407C330E9
:100FE00019F08CE20E942B06CF5FC43081F7CF91BD
:100FF0001F910F9108958F929F92AF92BF92CF92BF
:10100000DF92EF92FF920F931F93CF93DF9300D065
:1010100000D000D01F92CDB7DEB7611571058105F4
:101020009105A9F480E32A960FB6F894DEBF0FBEAF
:10103000CDBFDF91CF911F910F91FF90EF90DF9087
:10104000CF90BF90AF909F908F900C942B0600E0B4
:101050009E012F5F3F4F79012AE0822E912CA12C17
:10106000B12C6701C00ED11CA50194010E94DF5E66
:10107000F6016083B901CA010F5F61157105810531
:10108000910579F70E0D1F2D111DE016F10699F44B
:101090002A960FB6F894DEBF0FBECDBFDF91CF9179
:1010A0001F910F91FF90EF90DF90CF90BF90AF9086
:1010B0009F908F900895F80182918F01805D0E942A
:1010C0002B06E3CFCF92DF92EF92FF9297FF0CC0F7
:1010D0006B017C018DE20E942B0666277727CB01EE
:1010E0006C197D098E099F09FF90EF90DF90CF90DA
:1010F0000C94FB07CF93DF93843658F06AE00E948C
:10110000B15EC0E3C90F6AE00E94B15ED0E3D90FBF
:1011100004C0C0E0D0E08A30B0F7805D0E942B06AA
:10112000DD2319F08D2F0E942B06CC2329F08C2F64
:10113000DF91CF910C942B06DF91CF910895CF933F
:10114000DF93EC01FE0184912196811103C0DF91B0
:10115000CF9108950E94E005F5CFCF93DF93EC0186
:10116000FE0184912196811103C0DF91CF910895F2
:101170000E942B06F5CF2F923F924F925F926F9273
:101180007F928F929F92AF92BF92CF92DF92EF9217
:10119000FF920F931F93CF93DF9300D000D01F9245
:1011A0001F92CDB7DEB7FC01108121803284C38449
:1011B000D4840585E684F784FE24EF24FE2442804F
:1011C00053806480758049825A826B827C828680DB
:1011D0009780A084B1848D829E82AF82B88680E29F
:1011E00094E00E94AD08133009F46FC050F4113040
:1011F00009F468C08DE094E0123061F081EE93E074
:1012000047C0153009F467C008F462C087EE93E068
:101210001630A1F70E94AD08822D0E947A088FED4A
:1012200093E00E94AD0843E0C301B2010E941C0795
:101230008DED93E00E94AD0843E0C501B4010E942A
:101240001C078BED93E00E94AD08832D0E947A0865
:1012500089ED93E00E94AD088C2D0E947A0887EDFD
:1012600093E00E94AD088D2D0E947A0885ED93E0F1
:101270000E94AD08802F0E947A0883ED93E00E94BF
:10128000AD08B70190E080E00E94FB0781ED93E09C
:1012900028960FB6F894DEBF0FBECDBFDF91CF9179
:1012A0001F910F91FF90EF90DF90CF90BF90AF9084
:1012B0009F908F907F906F905F904F903F902F9076
:1012C0000C94AD0885E194E0A5CF85E094E0A2CF31
:1012D0008CEF93E09FCF82EF93E09CCF8CED92E078
:1012E0000C94AD08CF93C82F8AEC93E00E94AD0810
:1012F0008C2F0E947A08CF910C946E09882321F0DC
:10130000823031F00C94720980E695E00C94AD08BF
:101310000895CF92DF92EF92FF92CF93DF93D82F71
:101320006A017B01C22F84E20E942B068D2F0E944E
:101330007A088DE30E942B064C2FC701B6010E944C
:101340001C07DF91CF91FF90EF90DF90CF900C942E
:101350006E09EF92FF920F931F93CF93DF9308E4F0
:101360001DE1C2EDD0E0EE24E394EC0E82E0F82E15
:10137000FC0EF801D130C9F0D230F1F0408151813A
:101380006281738123E08C2F0E948909DF5FD33053
:1013900081F7CD5F0C5F1F4FC43E21F7DF91CF91E6
:1013A0001F910F91FF90EF900895408D518D628DA8
:1013B000738D23E08E2DE8CF40A951A962A973A9AE
:1013C00023E08F2DE1CFCF93DF93D82FC62F84E278
:1013D0000E942B068D2F0E947A088DE30E942B0617
:1013E0008C2F0E947A08DF91CF910C946E09EF92B6
:1013F000FF920F931F93CF93DF9360910E1D70E0C8
:1014000080E00E94E3096091111D70E081E00E947C
:10141000E30960910F1D70E082E00E94E309609192
:10142000101D70E083E00E94E3096091231D62FBC0
:10143000662760F970E084E00E94E3096091231D53
:1014400066FB662760F970E085E00E94E309809101
:10145000231D082E000C990B692F661F6627661F37
:1014600070E086E00E94E3096091121D70E08AE05E
:101470000E94E3094091131D5091141D6091151DA8
:101480007091161D23E08BE00E9489094091171D81
:101490005091181D6091191D70911A1D23E08CE068
:1014A0000E9489096091231D617070E08DE00E94A7
:1014B000E3096091231D65FB662760F970E084E114
:1014C0000E94E3096091231D63FB662760F970E0C9
:1014D00085E10E94E3096091231D6295617070E0CF
:1014E00086E10E94E3096091241D70E087E10E947B
:1014F000E3094091251D5091261D6091271D709193
:10150000281D23E088E10E9489094091291D5091FE
:101510002A1D60912B1D70912C1D23E089E10E94F2
:10152000890960912D1D70912E1D8AE10E94E309A9
:1015300040912F1D5091301D6091311D7091321DD1
:1015400023E08BE10E94890940911B1D50911C1DD5
:1015500060911D1D70911E1D20E08EE10E94890981
:1015600040911F1D5091201D6091211D7091221DE1
:1015700020E08FE10E9489096091231D66956170CA
:1015800070E080E20E94E30940913C1D50913D1DB6
:1015900060913E1D70913F1D23E081E20E94890908
:1015A0004091401D5091411D6091421D7091431D1D
:1015B00023E082E20E9489094091441D5091451D1B
:1015C0006091461D7091471D23E083E20E948909C6
:1015D0004091E01D5091E11D6091E21D7091E31D6D
:1015E00023E084E20E9489096091E41D70E085E2B5
:1015F0000E94E30994E6F92E10E0CEE9DCE100E078
:10160000E02EEF0C123009F461C0133009F46BC006
:10161000113009F456C0488159816A817B8123E0E9
:101620008E2D0E9489090F5F2496073049F78AE0C2
:10163000F80E1F5FECE8FE12E0CF6091331D70E002
:1016400088EC0E94E3094091341D5091351D609152
:10165000361D7091371D23E089EC0E948909409165
:10166000381D5091391D60913A1D70913B1D23E04A
:101670008AEC0E94890908E41DE1C2EDD0E0EE2465
:10168000E394EC0E82E0F82EFC0EF801D130A1F1CB
:10169000D230C9F1408151816281738123E08C2F66
:1016A0000E948909DF5FD33081F7CD5F0C5F1F4F48
:1016B000C43E21F7DF91CF911F910F91FF90EF90E2
:1016C00008954C8D5D8D6E8D7F8DA9CF20E030E02B
:1016D00041E655E468AD79AD8AAD9BAD0E94505BA3
:1016E000AB01BC019CCFFE01EC5AFF4F4081518100
:1016F00062817381705893CF408D518D628D738D4F
:1017000023E08E2DCDCF40A951A962A973A923E072
:101710008F2DC6CF8DE50E942B060C946E0984E0B8
:1017200093E00E94AD088FEE92E00E94AD080C9409
:101730008A0BCF93DF93CDB7DEB76C970FB6F894D3
:10174000DEBF0FBECDBF86EE92E00E94AD0867E51A
:101750007EE0CE0101960E947404CE0101960E94A3
:10176000E2078AE30E942B068091EE1B0E947A0812
:101770008CE20E942B066091381D7091391D80917A
:101780003A1D90913B1D0E94D4070E948A0B6C96D3
:101790000FB6F894DEBF0FBECDBFDF91CF91089595
:1017A000CF93DF93EC018991811103C0DF91CF9139
:1017B00008950E942B06F7CFEDECFBE1A5E9B6E01A
:1017C00041915191619171914D935D936D937D9391
:1017D0008BE1E93EF807A1F70895BF92CF92DF921F
:1017E000EF92FF920F931F93CF93DF937C01FC0145
:1017F000FE9600811181D281C381FC0181A180FF0D
:1018000033C06091F11B70E090E080E00E94FA5BD1
:101810002AE037ED43E25CE30E94A85D9B01AC0146
:10182000B8018D2F9C2F0E94A85D8B01D82FC92F46
:1018300020E030E040E85FE3B8018D2F9C2F0E944C
:10184000685D181624F000E010E0D0E8CFE3B8019E
:101850008D2F9C2FDF91CF911F910F91FF90EF90D3
:10186000DF90CF90BF90089582FD17C06091F01B6C
:1018700070E090E080E00E94FA5B2AE037ED43E2FE
:101880005CE30E94A85D9B01AC01B8018D2F9C2FE9
:101890000E94A85D8B01D82FC92FF701B2ACC3AC51
:1018A000D4ACF5AC98014D2F5C2F6B2D7C2D8D2D7C
:1018B0009F2D0E94465B87FFBBCF0B2D1C2DDD2D7E
:1018C000CF2DB6CF8091BB0E90919418981739F018
:1018D00026E4829FC00111248454914F089590E022
:1018E00080E008954F925F926F927F928F929F92C5
:1018F000AF92BF92CF92DF92EF92FF920F931F931E
:10190000CF93DF93CDB7DEB7C057D1090FB6F894A8
:10191000DEBF0FBECDBF8CE1EDECFBE1DE01119629
:1019200001900D928A95E1F7BE016F5F7F4FCE0166
:101930004D960E947404BE016F5F7F4FCE01C99621
:101940000E9474048CE30E942B068091E91B88306E
:1019500009F44BC108F02FC1813009F44FC108F4DC
:101960003FC1823009F44DC1843009F444C18091F3
:10197000121D282F2170E22E80FF5CC18091F51B83
:10198000882309F457C18AE893E00E94AD08CE018C
:101990004D960E94E20783E893E00E94AD08CE01D5
:1019A000C9960E94E2078EE793E00E94AD0860911D
:1019B0000B1C70910C1C80910D1C90910E1C42E030
:1019C0000E941C078AE793E00E94AD088091331DB6
:1019D0000E947A0886E793E00E94AD0860916C1B34
:1019E00070916D1B80916E1B90916F1B0E94C607BA
:1019F00081E793E00E94AD0860E070E0CB010E94B7
:101A0000C6078BE693E00E94AD0860E070E0CB0172
:101A10000E94C60785E693E00E94AD0860E070E092
:101A2000CB010E94C60780E693E00E94AD0860915A
:101A3000061C70E090E080E00E94F85B0E94C60700
:101A40008BE593E00E94AD086091071C70E090E088
:101A500080E00E94F85B0E94C60787E593E00E9441
:101A6000AD086091FE1B70E090E080E00E94F85BA2
:101A70000E94C60782E593E00E94AD086091FF1BBB
:101A800070E090E080E00E94F85B0E94C6078EE460
:101A900093E00E94AD086091001C70E090E080E04F
:101AA0000E94F85B0E94C60789E493E00E94AD089B
:101AB0006091081C70E090E080E00E94F85B0E945A
:101AC000C60784E493E00E94AD086091111C70E0A9
:101AD00090E080E00E94F85B0E94C60780E493E0FB
:101AE0000E94AD086091011C70E090E080E00E94CF
:101AF000F85B0E94C6078CE393E00E94AD086091FA
:101B0000021C70E090E080E00E94F85B0E94C60733
:101B100087E393E00E94AD086091031C70E090E0C1
:101B200080E00E94F85B0E94C60783E393E00E9476
:101B3000AD0860910A1C70E090E080E00E94F85BC4
:101B40000E94C6078EE293E00E94AD086091051CDA
:101B500070E090E080E00E94F85B0E94C60789E296
:101B600093E00E94AD086091041C70E090E080E07A
:101B70000E94F85B0E94C60785E293E00E94AD08D0
:101B80006091681B7091691B80916A1B90916B1B1F
:101B900040E00E941C0781E293E00E94AD08809122
:101BA000671B803109F498C0803209F425C1811186
:101BB00096C085E392C08032D9F050F4803109F0AC
:101BC000D6CE8091EB1B87FD13C087EB93E00AC054
:101BD0008034D1F0803809F0CACE81E993E002C0A8
:101BE00084EC93E00E94AD08C2CE8DEB93E0FACF77
:101BF00080EB93E0F7CF89EA93E0F4CF83EA93E0B8
:101C0000F1CF8DE993E0EECF87E993E00E94AD0834
:101C10008091EB1B83FF04C083E30E942B06A7CEB9
:101C200082FF06C085FF02C081E3F7CF80E3F5CFD6
:101C300082E3F3CF4090C91B5090CA1B6090CB1B2E
:101C40007090CC1B81E9A82E8BE1B82E6E0185E542
:101C5000C80ED11C8E01075C1F4FF12C4601F50107
:101C600061917191819191915F01208D318D428DB2
:101C7000538D0E94515AF601619371938193919310
:101C80006F01F2E0FF1225C0A30192010E94515A98
:101C9000F4016087718782879387E11016C0F6018F
:101CA00034972081318142815381F80160817181B3
:101CB000828193810E94505AF801608371838283EC
:101CC0009383F6E0FF1609F45ECEF3940C5F1F4F8A
:101CD000C6CFEE2021F3F5CF83E30E942B068DE1E2
:101CE00093E00E94AD088091641B8A5C0E947A0890
:101CF0008091121D81FF1EC088E193E00E94AD0813
:101D0000909194188091BB0E981708F477C08D5D60
:101D1000891B0E947A088CE20E942B06809145085C
:101D200090914608981708F46BC0981B892F8095EE
:101D30000E947A080E94620C009791F0FC01C2A0F8
:101D4000D3A0E4A0F5A0C114D104E104F10441F052
:101D500083E193E00E94AD08C701B6010E946208CA
:101D60008EE093E00E94AD088091E91B8C7709F426
:101D70004AC06091331A7091341A8091351A90914B
:101D8000361A0E94C6078CE20E942B066091F61B51
:101D90007091F71B8091F81B9091F91B40E00E9415
:101DA0001C078091F51B882391F181508093F51BCE
:101DB0008091F41B8823E1F181508093F41B8EE322
:101DC0000E942B060E946E09C059DF4F0FB6F8948F
:101DD000DEBF0FBECDBFDF91CF911F910F91FF905E
:101DE000EF90DF90CF90BF90AF909F908F907F90BB
:101DF0006F905F904F90089584E36FCF815088CFAC
:101E00008150891B95CF60E070E0CB01BACF809103
:101E1000E91B8C7759F08DE18093F51B8091F41BC1
:101E20008111C6CF81E08093F41BC2CF89E0F4CF4B
:101E30008091E91B8C7711F083E1BFCF89E0BDCFA2
:101E40000E94620C892B19F082E00C94D60308954D
:101E50002F923F924F925F926F927F928F929F92BA
:101E6000AF92BF92CF92DF92EF92FF920F931F93A8
:101E7000CF93DF9300D01F92CDB7DEB700919418B7
:101E8000002309F486C009833981315039831091C8
:101E9000BA0E131709F466C0C32ED12CE6E43E9F98
:101EA000C00111249C012454314F7901F90172A41D
:101EB00083A494A4A5A466A577A580A991A99B0154
:101EC000AC010E94515AF70122A933A944A955A98E
:101ED0000E94A85DB62EE72EF82E9B83262F372F63
:101EE000482F592F672D782D892D9A2D0E94465BFA
:101EF00087FF03C0B72C7401AB8286E48C9DF00190
:101F00008D9DF00D1124E454F14F8B2D9E2DAF2D9E
:101F1000BB8186A397A3A0A7B1A7F9818F2FF11149
:101F200001C084E2FF24FA94F80E3090BB0E1F111A
:101F300033C0131102C00E94E804E6E41E9FC001F2
:101F400011248454914F9A83898333243394310E1E
:101F5000F4E23F1201C0312C86E4282E031185C023
:101F60001093BA0E0F900F900F900F90DF91CF91BA
:101F70001F910F91FF90EF90DF90CF90BF90AF90A7
:101F80009F908F907F906F905F904F903F902F9099
:101F9000089524E2298378CF298186E4289F90013F
:101FA00011242454314F3C832B8326E4E22E8F2CC2
:101FB000912CFE9CC0011124FC01E454F14FFA83E2
:101FC000E983F11002C094E2F92EFA94F31002C0F2
:101FD0000E94E804E89CC001E99C900D11249C013A
:101FE0002454314F6901F90142A453A464A475A497
:101FF000A301920166A177A180A591A50E94465BED
:10200000882339F1F60166A577A580A991A99B01DE
:10201000AC010E94515AF60122A933A944A955A93D
:102020000E94A85DEB81FC8126A137A140A551A5A6
:102030000E94515A4B015C01AC019B01C301B201EA
:102040000E94685DF60118165CF486A297A2A0A60D
:10205000B1A629813A813C832B831F11A8CF6DCF74
:1020600046A257A260A671A6F4CFC32CD12C329CF5
:10207000C00111249C012454314F7901E981FA8176
:1020800046A057A060A471A4F90186A097A0A0A4BF
:10209000B1A4A5019401C301B2010E94465B87FF70
:1020A00026C0E981FA8166A577A580A991A99B013F
:1020B000AC010E94515AE981FA8122A933A944A9AD
:1020C00055A90E94A85DA30192010E94515A2B01BB
:1020D0003C01AC019B01C501B4010E94685D18166A
:1020E00034F4F70146A257A260A671A6132D2C9CCA
:1020F000F0012D9CF00D1124E454F14F22A533A5DD
:1021000044A555A566A177A180A591A50E94465B2F
:10211000811101C0132D3394F4E23F1201C0312C20
:10212000FA82E9821BCF6F927F928F929F92AF9239
:10213000BF92CF92DF92EF92FF920F931F93CF93B4
:10214000DF93EB018C015B018CE1A80EB11C89E9E6
:10215000682E96E7792E26E9822E3EE7932EC990C7
:10216000D990E990F99020E030E0A901C701B601CB
:102170000E94465B8823B9F0A7019601F8016081AF
:102180007181828193810E94505B6B017C01E89494
:10219000F7F89301A401C701B6010E94685D181603
:1021A00014F0360147010C5F1F4FCA15DB05B9F665
:1021B000B301C401DF91CF911F910F91FF90EF9078
:1021C000DF90CF90BF90AF909F908F907F906F9057
:1021D00008954F925F926F927F92AF92BF92CF928B
:1021E000DF92EF92FF920F931F93CF93DF936C01D7
:1021F000FB015A01A081A80FB92FB11D8C91ED01EF
:102200008D3249F5229611968C9101E0512C612C6A
:1022100010E020E030E0A9017E0190ED792E780EEB
:1022200089E0871528F16394A8E0A615E8F051101D
:102230001150A5E0B0E00E94285F9B01AC01220F85
:10224000331F441F551F270D311D411D511D219660
:10225000D7018C91E1CF8B3219F0219600E0D6CFD7
:10226000229611968C91FACF5110F1CF1F5FEFCFCC
:10227000BEEF7B1205C0511003C055245394E7CF25
:10228000662009F17F01CA01B9010E94F85B2B01A8
:102290003C0120E030E0A9010E94465B81112EC084
:1022A000002309F448C077FA709477F87094F50128
:1022B0004082518262827382CC19DD09C150F701DC
:1022C000C08366246394862DDF91CF911F910F9177
:1022D000FF90EF90DF90CF90BF90AF907F906F9086
:1022E0005F904F9008952AE037ED43E25CE3C3012D
:1022F000B2010E94A85D2B013C011E5F1F3F9CF3B1
:102300001F3F59F42DEC3CEC4CEC5DE3C301B201F2
:102310000E94A85D2B013C01C3CF112309F220E0EC
:1023200030E040E251E4C301B2010E94A85D2B01FC
:102330003C011150F2CFD5014D925D926D927C928D
:102340001397BACF93B18091231D86FF17C09E7754
:10235000B9F094FB882780F995FD8260292F2074BD
:1023600009F08460292F247092FD886091FD8061BE
:102370002111806293FF05C0806408959095E7CF96
:1023800080E00895EBE6F0E0808181788083E8E6E4
:10239000F0E080818E7F8083089584B1817884B954
:1023A000809107018B7F80930701809108018460F1
:1023B0008093080185B18E6785B98091231D83FFC5
:1023C00016C080916B008E6780936B0080916800CF
:1023D00081608093680084B7877F84BF80916000AC
:1023E00088618093600081E08093600008950E947E
:1023F000C211F1CF27E030E090E0AC01022E02C024
:10240000559547950A94E2F7A09A40FF11C0000045
:1024100000000000000000000000000000000000BC
:102420000000A098000000002150310930F7089505
:1024300000000000A0980000000000000000000064
:1024400000000000000000000000EECF8091930427
:102450008823F1F180917A00806480937A008091E2
:102460007A0086FDFCCF90917800809179008927D1
:1024700098278927009721F0893E23E092075CF096
:1024800010927F04109280041092810410928204B2
:10249000109289040895092E000CAA0BBB0B4091E1
:1024A0008E0450918F046091900470919104840F78
:1024B000951FA61FB71F80938E0490938F04A0933F
:1024C0009004B0939104809192048F5F8093920462
:1024D00008956DEC7BE185E79BE10C947404F8941E
:1024E000F999FECF92BD81BD81E08FBB20B5862FCB
:1024F0008227082E000C990B50E086239523892B08
:1025000049F084E16F3F11F060BD84E08FBBF99A20
:10251000789408952617E1F360BD84E2F7CF9F9287
:10252000AF92BF92CF92DF92EF92FF920F931F93E1
:10253000CF93DF935C018A017B01E40EF51EEB0172
:10254000912C6C01C61AD70ACE018C0D9D1D21E07D
:10255000911007C0292D990C330B232F221F2227FE
:10256000221F6991962E920E0E946F12CE15DF05E2
:1025700059F7692DC501800F911FDF91CF911F91F0
:102580000F91FF90EF90DF90CF90BF90AF909F9012
:102590000C946F126AE090E080E00E946F1247E4B2
:1025A00051E06EE97CE181E090E00C948F12F999A2
:1025B000FECF92BD81BD81E08FBB80B508959F9213
:1025C000AF92BF92CF92DF92EF92FF920F931F9341
:1025D000CF93DF935B018A017C01E40EF51EEC01D1
:1025E000912C6B01C81AD90AC6018C0F9D1F0E943D
:1025F000D71221E0911007C0292D990C330B232FFE
:10260000221F2227221F982E920E8993CE15DF05B6
:1026100059F7C501800F911F0E94D71221E030E0C9
:10262000891511F030E020E0C901DF91CF911F91B1
:102630000F91FF90EF90DF90CF90BF90AF909F9061
:102640000895E9ECF0E080818F7E80838081806155
:1026500080838091500E80934F0EEFE4FDE080E088
:1026600091E0DF019C011D9221503040E1F7089577
:10267000E5E9F6E08CE3DF011D928A95E9F7109217
:10268000BB0E1092941881E0809394061092BA0EBB
:102690000895CF93C82F80910201C13071F48062F8
:1026A00080930201809102018F7B809302010E943E
:1026B000B204C093011CCF910895C23039F48064F4
:1026C00080930201809102018F7DEFCF8F7B8093F9
:1026D0000201809102018F7D8093020180910201AD
:1026E000877F80930201E5CF80E00E94DC0480E0D8
:1026F0000E94D00480E00E94C404A59880E00E945B
:10270000B804E2E0F1E080818F7D808380818F7B5F
:10271000808310988B985F988081877F808308954D
:102720004F925F926F927F92AF92BF92CF92DF9261
:10273000EF92FF920F931F93CF93DF93EC015C0115
:102740002CE1A20EB11C8C01C12CD12C7601F80118
:1027500041905190619071908F0120E030E0A9018B
:10276000C301B2010E94465B882371F0A30192016C
:10277000C301B2010E94A85D9B01AC01C701B60173
:102780000E94515A6B017C010A151B0501F7C70114
:10279000B6010E94475E6B017C01AC019B0160E0C9
:1027A00070E080E89FE30E94505B2B013C0169913F
:1027B0007991899199915E01F4E0AF1AB108A30172
:1027C00092010E94A85DF5016083718382839383E7
:1027D000C017D10761F7C701B601DF91CF911F91F3
:1027E0000F91FF90EF90DF90CF90BF90AF907F90D0
:1027F0006F905F904F9008954F925F926F927F928B
:102800008F929F92AF92BF92CF92DF92EF92FF9200
:102810006B017C0180901F1D9090201DA090211DB8
:10282000B090221D40901B1D50901C1D60901D1DDE
:1028300070901E1DA3019201C501B4010E94685D44
:1028400087FF1BC06091F21B70E090E080E00E9467
:10285000FA5B2AE037ED43E25CE30E94A85DA70142
:1028600096010E94A85D6B017C01AC019B01C30134
:10287000B2010E94465B1816BCF04092F61B5092C3
:10288000F71B6092F81B7092F91B80E094E0FF90B8
:10289000EF90DF90CF90BF90AF909F908F907F9000
:1028A0006F905F904F900895A7019601C501B40104
:1028B0000E94685D87FD1FC020E030E0A901C701CC
:1028C000B6010E94465B81110BC01092F61B10925C
:1028D000F71B1092F81B1092F91B90E080E0D7CF05
:1028E0008092F61B9092F71BA092F81BB092F91BF6
:1028F00081E090E0CCCFC092F61BD092F71BE09223
:10290000F81BF092F91BA5019401C701B6010E94C2
:10291000505A2091520E3091530E4091540E5091C6
:10292000550E0E94A85D0E94355C20E030E040E832
:102930005FE30E94515A0E94C95BCB01A8CF2F923E
:102940003F924F925F926F927F928F929F92AF923F
:10295000BF92CF92DF92EF92FF920F931F93CF938C
:10296000DF93CDB7DEB7C054D1090FB6F894DEBF00
:102970000FBECDBF8091ED1B80FD75C29091951863
:1029800080919618981709F46EC280914D1A909113
:102990004E1A892B09F07EC01091ED1B12FF7DC2EB
:1029A0008091941826E4829FC00111248454914F91
:1029B00090934E1A80934D1A40914D1A50914E1A91
:1029C0005E834D83452B09F44EC200911D1A00FF12
:1029D00067C210921D1A10922F1A1092301A10927C
:1029E000311A1092321AAD81BE819E962D913D9181
:1029F0004D915C91D19729833A834B835C8360E04E
:102A000070E080E09FE30E94505B69877A878B8744
:102A10009C87ED81FE8142A853A864A875A886A072
:102A200097A0A0A4B1A411FF29C3F2E0F0932E1A3D
:102A3000A50194010E94A85D9B01AC01C301B201F4
:102A40000E94505A6B017C0120E030E0A9010E94F5
:102A5000465B87FF02C329813A814B815C81CA01B1
:102A6000B9010E94515AA30192010E94A85D9B01E5
:102A7000AC01C501B4010E94505A0E94475E6093A8
:102A80003B1A70933C1A80933D1A90933E1A18603B
:102A90001093ED1BE091E718F8E0EF9FD0011124AF
:102AA000BA87A987FD01E956F74E80911C1A8483E5
:102AB00040904D1A50904E1AD201D296BC91BEA3AE
:102AC000F201F3A9FFA3D201D496BC91B8A7F201F9
:102AD000F5A9F9A720912A1A30912B1A40912C1AA6
:102AE00050912D1A6EA17FA18B2F9F2F0E94505ABB
:102AF0006AAB7BAB8CAB9DAB20E030E0A9010E94C0
:102B0000465B87FF04C01AAA1BAA1CAA1DAA209113
:102B10003F1A2E8B3091401A3F8B4091411A488FBB
:102B20005091421A598F8091371A8E8F9091381A8E
:102B30009F8FA091391AA8A3B0913A1AB9A3E09136
:102B4000431AEAA7F091441AFBA72091451A2CA733
:102B50003091461A3DA74091331A4FAF5091341A25
:102B600021965FAF21976090351A7090361A809148
:102B70002E1A898390912F1A9EA7A091301AAFA781
:102B8000B091311AB8ABE091321AE9ABF0913B1A2F
:102B9000FBAF20913C1A2CAF30913D1A3DAF4091D4
:102BA0003E1A4EAF2AA53BA54CA55DA56E897F892F
:102BB000888D998D0E94465B8111EFC352E05EAB18
:102BC0009EA19D83AFA1AD87B8A5B98BE9A5ED8B7B
:102BD0008EE3C82E83ECD82E8EE2E82E89E3F82E01
:102BE0001A8E1B8E1C8E1D8EA70196012AA33BA355
:102BF0004CA35DA33981313009F449C4D20131308D
:102C000008F4D3C3333009F075C49E962D913D91DD
:102C10004D915C91D197C701B6010E94A85D4B010F
:102C20005C0120E030E040E05FE30E94A85D9B0192
:102C3000AC016FAD21967FAD2197C3010E94505A20
:102C4000A70196010E94A85D6FAB78AF89AF9AAFDC
:102C50009B01AC016D817D8589899D890E94505AB7
:102C60001B018C012E893F89488D598D0E94465B3E
:102C700087FD0CC020E030E0A9016FA978AD89ADD7
:102C80009AAD0E94465B18160CF472C42E893F89D7
:102C9000488D598D6EA17FA188A599A50E94505A93
:102CA0009B01AC010E94515A6B017C012E8D3F8D1E
:102CB00048A159A16FAD21967FAD2197C3010E9414
:102CC000515A9B01AC01C701B6010E94505B6B01D8
:102CD0007C01BE8DBFAFEF8D2196EFAF219768A02D
:102CE00079A02E883F88088D198DF1E0F983A7011E
:102CF00096016A8D7B8D8C8D9D8D0E94515A6A8FB5
:102D00007B8F8C8F9D8F2AA13BA14CA15DA10E943E
:102D1000465B87FF67C42A8D3B8D4C8D5D8D6AA114
:102D20007BA18CA19DA10E94505A6B017C01910155
:102D3000A8016EA57FA588A999A90E94465B87FD79
:102D40002FC38FAD21969FAD2197D3018093331A66
:102D50009093341AA093351AB093361AF981F093F0
:102D60002E1AE091E818F091E91881A1811104C0B0
:102D70009091ED1B93FF33C0D20191969C9190737B
:102D800009F45EC4F201EE5BFF4FC080D180E280A7
:102D9000F3808823B9F02091471A3091481A409166
:102DA000491A50914A1A6FAD21967FAD2197C30100
:102DB0000E94A85D9B01AC01C701B6010E94A85DFD
:102DC0006B017C01C701B6010E94FC1390934C1A61
:102DD00080934B1A8091ED1B877F8093ED1B809130
:102DE0004B1A90914C1AE985FA85E956F74EFE8305
:102DF000ED83978386832091261A3091271A40917C
:102E0000281A5091291AB101C8010E94A85D2B010E
:102E10003C010E942F5B6B017C016091221A709132
:102E2000231A8091241A9091251A0E942F5B4B013E
:102E30005C01A70196010E94505A0E94C95B6983F8
:102E40007A838B839C83E981FA81AD81BE81ED9386
:102E5000FC93EF2B09F001C48091ED1B81FFFDC3B2
:102E600081608093ED1BC05CDF4F0FB6F894DEBF2E
:102E70000FBECDBFDF91CF911F910F91FF90EF90CB
:102E8000DF90CF90BF90AF909F908F907F906F908A
:102E90005F904F903F902F9008950E94620C88CDD4
:102EA00080911C1A8F5F893009F480E080931C1A8E
:102EB000282F30E052E2859FC0011124DC01A65189
:102EC000B74E7D01B093E918A093E818ED81FE811B
:102ED00080A190968C9390E080E041915191619116
:102EE0007191D701A80FB91F689412F8440F551FAC
:102EF000661F771F1694D1F74D935D936D937C9366
:102F0000139704968C31910541F7AD81BE815C9693
:102F10006D917D918D919C915F97B2E2B29FA001DE
:102F2000B39F500D1124FA01E651F74E4B015C019D
:102F300023E0880C991CAA1CBB1C2A95D1F7848E0F
:102F4000958EA68EB78E0E94F85B6093221A7093BE
:102F5000231A8093241A9093251AED81FE8122A9C9
:102F600033A944A955A90E94505B9B01AC01209351
:102F7000261A3093271A4093281A5093291A60E092
:102F800070E080EA9FE30E94505B60932A1A70937E
:102F90002B1A80932C1A90932D1A10921E1A1092AD
:102FA0001F1A1092201A1092211A11FD02C003FF5D
:102FB00043C060913B1A70913C1A80913D1A9091E8
:102FC0003E1A6093331A7093341A8093351A909393
:102FD000361A9B01AC010E94A85DAD81BE81969618
:102FE0006D937D938D939C939997077F00931D1A02
:102FF000D70191961C928091231D81FFECCCED812D
:10300000FE8181A185FFE7CCFE962081318142813E
:10301000538160E070E080E89FE30E94505B609322
:10302000471A7093481A8093491A90934A1AE1E01C
:10303000D7019196EC93CFCCED81FE8166A177A16B
:1030400080A591A50E94475E6093331A7093341A4D
:103050008093351A9093361ACBCFC0922F1AD09204
:10306000301AE092311AF092321A10923B1A1092F2
:103070003C1A10923D1A10923E1A09CD10922E1A47
:1030800040923F1A5092401A6092411A7092421A2E
:1030900012FF6AC010923B1A10923C1A10923D1A0D
:1030A00010923E1AC12CD12C76018D819E810E94F6
:1030B000ED0B698B7A8B8B8B9C8B9B01AC010E94F7
:1030C000A85D6D837E838F839887A50194010E94FC
:1030D000465B87FF93C02D813E814F815885C50196
:1030E000B4010E94505A29853A854B855C850E941F
:1030F000A85D9B01AC01C301B2010E94505A6093CC
:103100003F1A7093401A8093411A9093421A20E01C
:1031100030E0A9010E94465B18160CF449C032E069
:1031200030932E1A29813A814B815C81CA01B90101
:103130000E94515AA30192010E94A85D9B01AC011B
:10314000C501B4010E94505A0E94475E60933B1A29
:1031500070933C1A80933D1A90933E1A80911D1AE9
:10316000886080931D1A93CCE091BB0EEF5FE43230
:1031700009F4E0E080919418C12CD12C76018E17CF
:1031800051F026E42E9FF0011124E454F14FC6A023
:10319000D7A0E0A4F1A4C701B6010E94475E6093E6
:1031A0003B1A70933C1A80933D1A90933E1A7DCF40
:1031B000A70196016D817E818F8198850E94505A6A
:1031C00029853A854B855C850E94A85D6093431AEA
:1031D0007093441A8093451A9093461A89899A8964
:1031E000AB89BC898093371A9093381AA093391A07
:1031F000B0933A1A93E090932E1A49CCA701960106
:10320000C501B4010E94505A29853A854B855C85D9
:103210000E94A85DA30192010E94515A20E030E073
:1032200040E05FE30E94A85D6D877E878F87988B63
:1032300020E030E0A9010E94685D18160CF094C0EF
:10324000A30192016D857E858F8598890E94465BDA
:1032500087FF88C0A70196016D817E818F81988547
:103260000E94505A29853A854B855C850E94A85D4D
:103270009B01AC012093431A3093441A4093451AA2
:103280005093461A6D857E858F8598890E94685D6A
:103290001816BCF529893A894B895C892093371A1D
:1032A0003093381A4093391A50933A1AA501940171
:1032B0006D817E818F8198850E94465B811104C05B
:1032C00031E030932E1AE3CBA50194016D817E810C
:1032D0008F8198850E94505A29853A854B855C8557
:1032E0000E94A85D9B01AC01C301B2010E94505A2B
:1032F00060933F1A7093401A8093411A9093421A38
:10330000C6CB8D859E85AF85B88980933F1A9093F3
:10331000401AA093411AB093421A8093431A909393
:10332000441AA093451AB093461A29813A814B81D9
:103330005C81CA01B9010E94515A2D853E854F8595
:1033400058890E94A85DA70196010E94515A0E94C7
:10335000475E6093371A7093381A8093391A9093A6
:103360003A1A95CB92E047CF80913B1A90913C1A44
:10337000A0913D1AB0913E1A10923F1A1092401A35
:103380001092411A1092421A8093371A9093381A69
:10339000A093391AB0933A1A7ACB81E08EAB10CC55
:1033A0002D823D86098B1D8B25CC9E962D913D91BE
:1033B0004D915C91D197C701B6010E94A85D4B0168
:1033C0005C0120E030E040E05FE30E94A85D2FADAB
:1033D00021963FAD2197A3010E94515AA701960162
:1033E0000E94A85D9B01AC016D817D8589899D89C5
:1033F0000E94505A1B018C019B01AC016E897F8990
:10340000888D998D0E94685D181694F52E893F89E4
:10341000488D598D6EA17FA188A599A50E94505A0B
:103420009B01AC010E94515A6B017C012E8D3F8D96
:1034300048A159A16FAD21967FAD2197C3010E948C
:10344000515A9B01AC01C701B6010E94505B6B0150
:103450007C01BEA9B983EE8DEFAFFF8D2196FFAF42
:10346000219768A079A02E883F88088D198D3FCCC0
:10347000A50194016FAD21967FAD2197C3010E94F4
:10348000515A6FAF21967FAF21973C0130CC2E8DE2
:103490003F8D48A159A1C701B6010E94A85D9B01BB
:1034A000AC016D817D8589899D890E94505A1B01DF
:1034B0008C012AA53BA54CA55DA50E94465B87FF14
:1034C00016CC2AA53BA54CA55DA56D817D85898976
:1034D0009D890E94505A2E8D3F8D48A159A10E946E
:1034E000505B6B017C012AA43BA40CA51DA522E026
:1034F0002983FDCB9E962D913D914D915C91D19765
:10350000C701B6010E94A85D4B015C01AC019B01A3
:103510006FAD21967FAD2197C3010E94685D18169B
:103520008CF520E030E040E05FE3C501B4010E948B
:10353000A85D9B01AC016FAD21967FAD2197C301C2
:103540000E94505AA70196010E94A85D9B01AC0100
:103550006D817D8589899D890E94505A1B018C014E
:103560002EA53FA548A959A90E94685D181654F4D4
:10357000A50194016FAD21967FAD2197C3010E94F3
:10358000505A7FCF2EA53FA548A959A96D817D85A9
:1035900089899D890E94505A9B01AC010E94515A11
:1035A0006B017C012BAD3CAD4DAD5EAD6FAD219699
:1035B0007FAD2197C3010E94515A9B01AC01C70105
:1035C000B6010E94505B6B017C01BBADBFAFECAD9F
:1035D0002196EFAF21976DAC7EAC2EA43FA408A935
:1035E00019A985CB2AA93BA94CA95DA9B101C8019C
:1035F0000E94685D18169CF42EE333EC4EE259E30A
:103600006AA17BA18CA19DA10E94515A6AA37BA3B0
:103610008CA39DA32A8D3B8D4C8D5D8D84CB8FAD6E
:1036200021969FAD2197D3018093331A9093341A3A
:10363000A093351AB093361A298120932E1A91CB74
:103640001092F61B1092F71B1092F81B1092F91BA8
:1036500010924C1A10924B1ABDCB20911E1A309129
:103660001F1A4091201A5091211A6A8D7B8D8C8DE2
:103670009D8D0E94515A6D837E838F839887A3010D
:103680009201C501B4010E94505A9B01AC016D81A9
:103690007E818F8198850E94505B4B015C0120ECFC
:1036A00031EE44E65EE40E94A85D0E942F5B0E941A
:1036B000C95BE985FA85E956F74E603D37E0730747
:1036C0008105910508F054C01582E985FA85E9560F
:1036D000F74E73836283809196188093E7188F5F0B
:1036E0008A3009F47BC080939618E0914D1AF091CE
:1036F0004E1AC101D80182AB93ABA4ABB5ABC0925B
:10370000221AD092231AE092241AF092251AA301C9
:103710009201C701B6010E94505AA50194010E946E
:10372000A85D60931E1A70931F1A8093201A9093BD
:10373000211A20912F1A3091301A4091311A50914C
:10374000321AB101C8010E94465B811117C99091DC
:10375000ED1B998320E030E0A901B101C8010E946E
:10376000685D1816F4F5A981A160A093ED1B7BCBD1
:10377000603A4FE074078105910520F551E05583CB
:10378000E985FA85E956F74E2581022E04C0969503
:103790008795779567950A94D2F749815A8102C037
:1037A000440F551F2A95E2F7518340836115710537
:1037B00051E08507910508F488CF8FEF9FEF938341
:1037C000828389CF6034AFE17A078105910518F4CF
:1037D000B2E0B583D5CF23E02583D2CF10929618DF
:1037E00084CFB981B2FF04C0B160B093ED1B3BCB75
:1037F00010924E1A10924D1A9091BB0E809194180F
:10380000891709F4BBC881E0890F843209F480E08C
:103810002091BA0E921302C08093BA0E8093BB0E11
:10382000ADC8019708F40895EFE9FFE03197F1F78B
:1038300000C00000F6CF80916F008D7F80936F00F5
:1038400080918100887F8160809381001092760E44
:103850008091111D9091E91B8F3F49F42091551BD8
:10386000211105C0903829F490E00C94111C94307B
:10387000D9F70895CF93DF930E941B1CECE1FAE186
:1038800081E3DF011D928A95E9F7C7E7DEE083E473
:10389000FE0111928A95E9F710924E1A10924D1A74
:1038A000109295181092E71881E080939618109264
:1038B000760E0E9466058091750E8F8F82B18170A1
:1038C0009091740E892B82B988B181709091750E98
:1038D000892B88B9DF91CF910895AF92BF92DF9283
:1038E000EF92FF920F931F93CF93DF93EC01FC01B4
:1038F00027E08FEF9FEF215019F5E82ED92E85E0B4
:10390000F82E5E0186E0A80EB11C8E01F8018191AF
:103910008F010E94F905A016B106C1F78E2D0E94F5
:10392000F9058D2D0E94F90584E690E00E94111C96
:103930000E94A8058F3FB9F4FA94F110E6CF37C082
:103940003191832748E050E0BC016170772796955C
:103950008795672B21F031E0832730EA9327415088
:10396000510991F7C8CF98819813E2CF0E94A8051A
:1039700099818913DDCF0E94A8059A818913D8CF38
:103980000E94A8059B818913D3CF0E94A8059C8122
:103990008913CECF0E94A8059D818913C9CF0E94AB
:1039A000A805E812C5CF0E94A8058D11C1CFDF91EF
:1039B000CF911F910F91FF90EF90DF90BF90AF904C
:1039C0000895CF93DF9300D000D0CDB7DEB78091BC
:1039D000231D81FF0EC08091A0008F7D8093A000E9
:1039E00026960FB6F894DEBF0FBECDBFDF91CF9104
:1039F000089586E0E9E0F2E0DE01119601900D9273
:103A00008A95E1F7CE0101960E946D1CE9CFCF9215
:103A1000DF92EF92FF92CF93DF9300D000D0CDB72B
:103A2000DEB79091EA1B911110C06A017B018111F0
:103A300019C01092F61B1092F71B1092F81B1092EF
:103A4000F91B0E94E11C1092F41B26960FB6F89405
:103A5000DEBF0FBECDBFDF91CF91FF90EF90DF9023
:103A6000CF9008959091231D9270803181F486E06B
:103A7000EFE0F2E0992381F08091231D81FF17C0D0
:103A8000C701B6010E94FC130E941E05DCCF9111F4
:103A9000F3CF86E0E5E1F2E0DE01119601900D92B0
:103AA0008A95E1F7CE0101960E946D1CE5CF20E0DA
:103AB00030E040EC50E4C701B6010E94505B0E9428
:103AC000C95B81E0898386E08A8380EF8B8388E00D
:103AD0008C837D836E83CE0101960E946D1CB3CFD3
:103AE000E1E0F1E080818061808383E08093A00049
:103AF0008AE18093A10080E094E09093A9008093F4
:103B0000A80020911F1D3091201D4091211D509132
:103B1000221D60911B1D70911C1D80911D1D909197
:103B20001E1D0E94505A9B01AC0160E070EC8FE7B3
:103B300094E40E94505B6093520E7093530E8093F6
:103B4000540E9093550E0C94E11C2F923F924F927D
:103B50005F926F927F928F929F92AF92BF92CF921D
:103B6000DF92EF92FF920F931F93CF93DF93CDB726
:103B7000DEB766970FB6F894DEBF0FBECDBF4C011F
:103B80008DB79EB79E8B8D8B662359F0109244079C
:103B9000E1EDF6E083E7DF011D928A95E9F70E94E7
:103BA000211380911B0290911C02A0911D02B091E3
:103BB0001E02898B9A8BAB8BBC8B8E010F5E1F4FC5
:103BC0007E01B5E1EB0EF11CF80181918F010E949D
:103BD00012060E151F05C1F784E190E00E94111C2A
:103BE000F12CE12CADB6BEB685E090E00E94111C30
:103BF0000E94CF058A3A09F454C08F3F19F0F1E0D2
:103C0000EF1AF1080FB6F894BEBE0FBEADBE9FEF1F
:103C1000E91AF90AA4E6EA16F10421F780911F02D5
:103C200090912002A0912102B091220289839A836F
:103C3000AB83BC838E010F5F1F4F7E01B5E0EB0E9F
:103C4000F11CF80181918F010E9412060E151F05CB
:103C5000C1F790914407E1EDF6E081E08F01911109
:103C6000ADC0ED89FE890FB6F894FEBF0FBEEDBF63
:103C700066960FB6F894DEBF0FBECDBFDF91CF9131
:103C80001F910F91FF90EF90DF90CF90BF90AF907A
:103C90009F908F907F906F905F904F903F902F906C
:103CA00008950E94CF05782E082F10E08DB79EB79B
:103CB000801B910B0FB6F8949EBF0FBE8DBFADB7A2
:103CC000BEB711966D01672DCD010E94B9050C0D8F
:103CD0001D1DF80131978081853509F093CFB5E13D
:103CE0007B1290CFF601048180E13496DE011196BB
:103CF00001900D928A95E1F7D60116962D903D9090
:103D00004D905C9019971091440781ED682E86E0E4
:103D1000782ED12CC12CC11600F1153009F472CFC8
:103D200087E1819FD0011124FD01EF52F94F2082DC
:103D3000318242825382048381E090E0968B858BAE
:103D4000AA52B94F80E1FE01319601900D928A95F9
:103D5000E1F71F5F1093440755CFF30120813181B4
:103D600042815381C201B1010E94465B811113C09F
:103D7000D30114968C9108130EC0B7E1BC9DF001DD
:103D8000BD9DF00D1124EF52F94F8589968901965A
:103D9000968B858B37CFEFEFCE1ADE0AF7E16F0EE9
:103DA000711CB9CF44A555A5D80155962D913C91CC
:103DB00077962417350708F48F018F5F9813F2CF99
:103DC0000115110509F44DCFF801858996894097B1
:103DD00038F080E13596D40101900D928A95E1F793
:103DE000D80114968C910E947A088AE393E00E948D
:103DF000D00BF801608171818281938143E00E9440
:103E00001C078AE393E00E94D00BD80155966D9170
:103E10007C9190E080E00E94FB078AE393E00E949F
:103E2000D00B1FCF2F923F924F925F926F927F9253
:103E30008F929F92AF92BF92CF92DF92EF92FF92BA
:103E40000F931F93CF93DF93CDB7DEB72F970FB6A6
:103E5000F894DEBF0FBECDBF082F4B016DB67EB606
:103E60008CE0E3E2F2E0DE01119601900D928A957A
:103E7000E1F70E94211310E0180184E0220C331CAA
:103E80008A95E1F723E02D872E013DE0430E511C7A
:103E9000F101E257F24EFF87EE8781010157124E82
:103EA0009E012F5F3F4F7901F70181917F010E94B1
:103EB0001206E414F504C1F7F12CE12CF101EE0D2A
:103EC000FF1DE058F24E80810E941206FFEFEF1AAC
:103ED000FF0A2EE0E216F10489F7EE85FF85E08007
:103EE000F8018081FE2CE82EE80CF91C8F2D0E9431
:103EF0001206FE2DFF70EF2E8F2F0E94120685E511
:103F00000E941206EE85FF85F082F801E08284E6C9
:103F100090E00E94111C0E94CF058A3A19F50E9478
:103F2000CF05CDB6DEB6A82EB12C2DB73EB72A19D7
:103F30003B090FB6F8943EBF0FBE2DBFEDB7FEB7DD
:103F400031967F01682FCF010E94B905EA0CFB1C56
:103F5000F70131978081853559F00FB6F894DEBEB0
:103F60000FBECDBEFD85F150FD87F11199CF05C083
:103F70000FB6F894DEBE0FBECDBE0FB6F8947EBE6F
:103F80000FBE6DBE2F960FB6F894DEBF0FBECDBF2D
:103F9000DF91CF911F910F91FF90EF90DF90CF9025
:103FA000BF90AF909F908F907F906F905F904F9059
:103FB0003F902F900895CF93C82F8FED92E00E94ED
:103FC000AD088C2F0E947A080E946E0984EF91E060
:103FD000CF910C94111C4F925F926F927F928F92AF
:103FE0009F92AF92BF92CF92DF92EF92FF920F9388
:103FF0001F93CF93DF938091551B882351F091E05D
:104000009093E91B0E94DB1F8FB7F8941092551B09
:104010008FBFC091541BCC2309F4DBC0C4FF14C074
:1040200081E08093EA1BDF91CF911F910F91FF9068
:10403000EF90DF90CF90BF90AF909F908F907F9048
:104040006F905F904F900895C0FF05C00E94720C62
:1040500081E00E94CC038C2F887E09F46AC0809195
:10406000E91B982F937009F053C08872A9F08091D2
:10407000EB1B807C89F40E94E80482E08093ED1BB6
:104080008091E91B803241F480E2C7FD0CC0809131
:10409000EB1B80688093EB1B8091E91B811103C0AF
:1040A00091E09093EB1BC6FF07C085FD05C0909182
:1040B000EB1B90649093EB1BC3FF05C0807E19F44B
:1040C00080E18093E91BC5FF23C08AE595E00E944B
:1040D000AD088EE195E00E94AD080E948A0B8091A8
:1040E000EB1B87FD10C09091E91B903451F483FFC6
:1040F00004C0837E82608093EB1B80E48093E91B85
:1041000002C09038D1F78091EB1B80628093EB1B4B
:10411000C7FF0CC08091E91B813029F48091EB1B13
:1041200085608093EB1B80E88093E91B88EE0E94FA
:10413000CC03C1FF28C08C2F887611F58091E91B34
:10414000803441F48091EB1B85FD04C084FFF4C0F2
:104150001092E91B8091E91B882309F4F3C084FFC6
:104160000FC09091EB1B90FF0BC0803109F0EAC0AB
:104170008091F31B882309F4E5C088608093F31BCA
:1041800082E00E94CC03C2FF24C09091EB1B80917F
:10419000E91B807D09F4EFC08091EC1B8111EBC01D
:1041A00097FDEBC00E94E8048091BB0E8093BA0E8D
:1041B0000E94280F8091ED1B81FF05C09091EB1BA1
:1041C00091609093EB1B897F8093ED1B84E00E94AC
:1041D000CC039091561B992309F44DC08FB7F894E6
:1041E0001092561B8FBF4091F01B842F90FD84E6E8
:1041F00091FD865F92FD8A5093FD8F5F94FD815003
:10420000893C08F088EC8A3008F48AE03091F11B90
:10421000232F95FD24E696FD22E397FD29E148131F
:1042200002C0231741F18093F01B2093F11B1092E1
:10423000F41B8090BB0E40909418C82D89E9B82ECD
:1042400096E7E92E26E9F22EDEE736E4532EC41176
:10425000AFC08B2D9E2DAF2DBD2F8093CD0690939B
:10426000CE06A093CF06B093D0060E94E8048092B9
:10427000BA0E0E94280F9091571B992309F445C04C
:104280008FB7F8941092571B8FBF2091F21B822F8B
:1042900090FD84E691FD865F92FD8A5093FD8F5FCD
:1042A00094FD8150893C08F088EC8A3008F48AE05B
:1042B000281749F02091ED1B28602093ED1B809377
:1042C000F21B1092F41B8091E91B95FF09C080310D
:1042D00039F42091F31B2111C0C022E02093F31B7D
:1042E000292F207C91F0882311F0887171F0809142
:1042F000661B97FF03C087FFB4C08F7796FF03C08C
:1043000086FFB1C08F7B8093661B8091E91B8C7FF9
:1043100009F489CEDF91CF911F910F91FF90EF901B
:10432000DF90CF90BF90AF909F908F907F906F90D5
:104330005F904F900C949F1482FF0CCF8860809305
:10434000EB1B08CF1092ED1B0E94620C892B71F0C1
:104350008091EB1B86FD0AC01092EB1B88E08093D6
:10436000E91B0E949F140E940C050ACF1092EB1BC0
:104370001092E91B05CF97FF0AC01092ED1B0E9417
:1043800038130E943A1C0E9469120E94DC0B809133
:10439000EB1B85FF08C08F7781608093EB1B80E467
:1043A0008093E91B13CF1092EB1B1092E91B0ECFE9
:1043B000CC2ED12CC59DC00111248454914F0E9454
:1043C000ED0B3B01982EA92E2B2D3E2D4F2D5D2F51
:1043D0000E94685D5C9C80015D9C100D112404545A
:1043E000114F18169CF52B2D3E2D4F2D5D2F6B2D4B
:1043F0007E2D8F2D9D2F0E94A85DF80162A773A7C7
:1044000084A795A75C9C80015D9C100D1124045429
:10441000114FF801C6A8D7A8E0ACF1ACA7019601EE
:1044200062A573A584A595A50E94685D18162CF455
:10443000F801C2A6D3A6E4A6F5A6CF5FC43209F45C
:10444000C0E0B62CE72CF92CDA2D01CF9301492DD1
:104450005A2DB301892D9A2DCECF20FF41CF246054
:104460003DCF80684BCF80644ECFCF92DF92EF92EA
:10447000FF920F931F93CF93DF930E94EB1F8091C6
:10448000EB1B882309F460C00E94620C0097D1F5F1
:10449000C091671B8091661BC82BC090681BD09091
:1044A000691BE0906A1BF0906B1B8091231D81FFBC
:1044B00003C080E20E94B403C073D1E08091EB1B83
:1044C000882309F441C09091EA1B91113DC080FFFF
:1044D00016C09091E91B292F207C09F484C082FD2D
:1044E0001BC01092F31B40E050E0BA0180E00E9434
:1044F000071D8091EB1B8D7F84608093EB1B0E94D6
:10450000EB1FDCCFFC01C1A18E5B9F4FFC01C08083
:10451000D180E280F380C9CF903811F58AE595E02B
:104520000E94AD0885ED94E00E94AD080E948A0BC0
:1045300040E050E0BA0180E00E94071D0E941B1C71
:104540008091EA1B882349F0DF91CF911F910F9151
:10455000FF90EF90DF90CF9008950E94EB1FF0CF77
:10456000903429F4909106018F7D8093EB1B80910C
:10457000EB1B83FFC4CF9091671B992359F081FDFA
:10458000BECF8091231D81FF10C08091ED1B8860FC
:104590008093ED1B8091EB1B81FDB1CF80618093F7
:1045A000EB1B82E00E94D603AACFB701A6018C2F95
:1045B0000E94071D01E510E00150110959F3809197
:1045C000EA1B8111E7CF0E94EB1F8091EB1B81FD5D
:1045D00096CFFFEF20E782E0F15020408040E1F7E6
:1045E00000C00000E9CF8091F31B8823C9F181FF4F
:1045F0000DC08091671B882351F140E050E0BA0163
:1046000080E00E94071DD093F31B79CF8C7009F4D2
:1046100076CF8091671B882399F08AE595E00E9408
:10462000AD088EED94E00E94AD080E948A0B809147
:10463000231D81FF0FC08091ED1B88608093ED1BCF
:104640008091F31B83FF03C082E00E94D603109287
:10465000F31B55CFB701A6018C2F0E94071DF0CF89
:104660008091ED1B83FF4BCFB701A6018C2F0E94D9
:10467000071D8091ED1B877F8093ED1B40CF0E942B
:10468000200F0E9435228091EA1B811108C00E94F0
:10469000620C892BB1F78091E91B883091F3089562
:1046A0000E943F231092F51B0895CF92DF92EF9264
:1046B000FF92CF939091E91B923079F06A017B01D0
:1046C000C82F0E943F23B701A6018C2FCF91FF90E6
:1046D000EF90DF90CF900C94071DCF91FF90EF905B
:1046E000DF90CF9008950F931F93CF93DF938B01AB
:1046F00021E031E0829FE001839FD00D1124DD5F36
:1047000040E051E0BE01C8010E94DF12892B81F414
:10471000F80110820E943F2340E051E0B801CE0131
:104720000E948F1280E0DF91CF911F910F91089529
:1047300081E0F9CF0F931F93CF93C82F8B010E9475
:104740003F232DE1C29FC00111244CE150E0B8018C
:104750009E5FCF911F910F910C948F121F93CF9357
:10476000DF93182FEB018DE1189FB00111247E5FBC
:104770004CE150E0CE010E94DF12892B71F48CE1F4
:10478000FE0111928A95E9F7BE01812F0E949A23BA
:1047900080E0DF91CF911F91089581E0FACF4F9291
:1047A0005F926F927F928F929F92AF92BF92CF92C1
:1047B000DF92EF92FF920F931F93CF93DF93CDB7CA
:1047C000DEB76C970FB6F894DEBF0FBECDBF182FC3
:1047D00080FF31C288E280930E1D89E18093111D14
:1047E00010920F1D82E08093101D8093121D8AE0AD
:1047F00097EDA3E2BCE38093131D9093141DA09347
:10480000151DB093161D8FE692E1A3E0BBE38093E4
:10481000171D9093181DA093191DB0931A1D80E0C9
:1048200090E0AFE7B3E480931B1D90931C1DA09311
:104830001D1DB0931E1D10921F1D1092201D109261
:10484000211D1092221D1092241D80E090E0A8EC02
:10485000B1E48093251D9093261DA093271DB0934E
:10486000281D80E090E0A6E1B4E48093291D909398
:104870002A1DA0932B1DB0932C1D8AEF90E09093DE
:104880002E1D80932D1D80E090E0A0E0B0E4809389
:104890002F1D9093301DA093311DB093321D88E1E0
:1048A0008093231D80E090E0A8ECB3E480939E1CED
:1048B00090939F1CA093A01CB093A11C8093A21C5A
:1048C0009093A31CA093A41CB093A51C8093A61C3A
:1048D0009093A71CA093A81CB093A91C80E090EC17
:1048E000AAE5B5E48093BA1C9093BB1CA093BC1CB2
:1048F000B093BD1C8093BE1C9093BF1CA093C01CA2
:10490000B093C11C8093C21C9093C31CA093C41C81
:10491000B093C51C80E098ECAFEAB9E48093D61C54
:104920009093D71CA093D81CB093D91C8093DA1C09
:104930009093DB1CA093DC1CB093DD1C8093DE1CE9
:104940009093DF1CA093E01CB093E11C80E090E00A
:10495000A8ECB3EC8093F21C9093F31CA093F41C8E
:10496000B093F51C8093F61C9093F71CA093F81C51
:10497000B093F91C8093FA1C9093FB1CA093FC1C31
:10498000B093FD1C80E090E0ACE5B2EC80933C1D60
:1049900090933D1DA0933E1DB0933F1D1092401D6E
:1049A0001092411D1092421D1092431D80E090E034
:1049B000A8E5B2EC8093441D9093451DA093461D3D
:1049C000B093471D8DEC9CECACE8BFEB8093E01DF1
:1049D0009093E11DA093E21DB093E31D86E28093C6
:1049E000E41D1092331D1092341D1092351D10924B
:1049F000361D1092371D1092381D1092391D1092DD
:104A00003A1D10923B1D48E4C42E4DE1D42E5EEDBC
:104A1000E52EFF24FA946DEC462E6CEC562E6CE4D9
:104A2000662E6EEB762E812C912C76EFA72E72ECF3
:104A3000B72EF60141925192619271926F01B701C6
:104A40000F2C000C880B990B0E94FA5BF601648B0B
:104A5000758B868B978B84A695A6A6A6B7A6F3E240
:104A6000EF1AF1088CE0E8168FEFF80611F7E0E98D
:104A7000FDE181E070EC60E453E04AE036E022E3DF
:104A800092E280831182128213827483658316827C
:104A90001782108611865287438734872587868739
:104AA00097877096ADE1E03DFA0759F71092D01D57
:104AB0001092D11D1092D21D1092D31D1092D41DB0
:104AC0001092D51D1092D61D1092D71D1092D81D90
:104AD0001092D91D1092DA1D1092DB1D1092DC1D70
:104AE0001092DD1D87E08093DE1D84E08093DF1D42
:104AF00080E090E0A4EBB3E48093AA1C9093AB1CFD
:104B0000A093AC1CB093AD1C80E090E0AAEFB4E49D
:104B10008093C61C9093C71CA093C81CB093C91C5B
:104B200080E098ECAFEAB8E48093E21C9093E31C39
:104B3000A093E41CB093E51C80E090E0A8E4B3EC03
:104B40008093FE1C9093FF1CA093001DB093011D49
:104B5000812C912C20EAA22E23E4B22E8092AE1C4E
:104B60009092AF1CA092B01CB092B11C40E050E0FB
:104B70006AE775E44093CA1C5093CB1C6093CC1C2D
:104B80007093CD1CC12C38ECD32E3FEAE32E39E4D0
:104B9000F32EC092E61CD092E71CE092E81CF09243
:104BA000E91C8093021D9093031DA093041DB093F4
:104BB000051D8092B21C9092B31CA092B41CB092BE
:104BC000B51CC092EA1CD092EB1CE092EC1CF09257
:104BD000ED1C4093CE1C5093CF1C6093D01C70935F
:104BE000D11C8093061D9093071DA093081DB093C0
:104BF000091D8092B61C9092B71CA092B81CB0926E
:104C0000B91CC092EE1CD092EF1CE092F01CF09206
:104C1000F11C4093D21C5093D31C6093D41C70930E
:104C2000D51C80930A1D90930B1DA0930C1DB0936F
:104C30000D1D0E94CA1211FF0FC0FE0131967F01A7
:104C40008CE111928A95E9F700E0B701802F0E946C
:104C50009A230F5F0830C9F712FF14C060E080E0AC
:104C600093E00E946F1260E081E093E00E946F1277
:104C700060E081E094E00E946F1260E082E094E0E6
:104C80000E946F1213FF0AC060E08EEA93E00E9458
:104C90006F1260E08FEA93E00E946F126C960FB67D
:104CA000F894DEBF0FBECDBFDF91CF911F910F9162
:104CB000FF90EF90DF90CF90BF90AF909F908F903C
:104CC0007F906F905F904F900895EF92FF920F93B7
:104CD0001F93CF93DF93CDB7DEB765970FB6F894E8
:104CE000DEBF0FBECDBFE5E1FE2EEFE2F2E0DE015A
:104CF000119601900D92FA94E1F78230910549F1F5
:104D0000E0F4019709F162307105B1F140F56130CD
:104D1000710571F14230510509F441C098F54130F7
:104D20005105C9F12230310509F457C0F0F52130A1
:104D3000310509F445C01F8657C08330910561F0E5
:104D4000049709F78FEF03C08FEF8E838F838887D7
:104D5000DACF8FEF8F83D7CF8FEF8E83D4CF6330AF
:104D6000710569F08FEF64307105A1F68B87D2CFA2
:104D70008FEF89878A87FACF8FEF8A87CBCF8FEF24
:104D80008987C8CF4330510569F08FEF4430510512
:104D900049F68E87C7CF8FEF8C878D87FACF8FEF3D
:104DA0008D87C0CF8FEF8C87BDCF23303105D1F0F9
:104DB0002430310509F0BFCF1F86188A8FEF03C05A
:104DC0008FEF8F87888B898B02301105E1F170F4AA
:104DD00001301105A9F01A8A3DC01F868FEF888B1C
:104DE000198AF2CF8FEF8F87188AFACF0330110517
:104DF00079F10430110579F71A8A1B8A8FEF03C005
:104E00008FEF8A8B8B8B8C8B8E010F5F1F4F7E01F8
:104E100086E1E80EF11CF80181918F010E94F905ED
:104E20000E151F05C1F784E690E065960FB6F8945D
:104E3000DEBF0FBECDBFDF91CF911F910F91FF90CD
:104E4000EF900C94111C1A8A8FEF8B8B1C8ADCCF8D
:104E50008FEF8A8B1B8AFACFCF93DF93D82FA1983D
:104E6000A19AF894C0EAD13019F580E00E94FA11B5
:104E70008FEF0E94FA1180E00E94FA11C15099F759
:104E800078948CE390E0A0E0B0E08A309105A10531
:104E9000B105E8F425E02A95F1F700000197A10992
:104EA000B1090097A105B10581F7DF91CF91089570
:104EB000D23029F48FEF0E94FA1180E0DACF80E03F
:104EC0000E94FA1180E00E94FA118FEFD5CF25E3FE
:104ED0002A95F1F700000A97A109B109E2CF809164
:104EE000541B84FD20C080E10E94D6030E94E11C77
:104EF0000E9474139091E91B892F8C7221F4809188
:104F0000ED1B867059F0943079F48091551B811116
:104F100003C086E00E94C6030E941B1C81E00E9421
:104F20002C2710920A1C089583E0F4CF3F924F92F1
:104F30005F926F927F928F929F92AF92BF92CF9229
:104F4000DF92EF92FF920F931F93CF93DF93CDB732
:104F5000DEB766970FB6F894DEBF0FBECDBF909157
:104F6000E91B913009F43FC198E0E4E4F2E0DE018E
:104F7000119601900D929A95E1F798E0ECE4F2E039
:104F8000DE01199601900D929A95E1F796E0E4E51D
:104F9000F2E0DE01519601900D929A95E1F7909121
:104FA000591B9093581B8E01075F1F4F882309F4EC
:104FB000A0C0CE0101966C01F60181916F010E94A3
:104FC000F9050C151D05C1F784E690E00E94111C3F
:104FD0000E94A8058F3FE1F722E3D22E5E01F7E1A0
:104FE000AF0EB11C812C38E0932E8E010F5E1F4F47
:104FF000F80181918F010E94F9050A151B05C1F77F
:1050000084E690E00E94111C0E94A8058F3F61F584
:10501000C4018E199F09F1E0EF16F8E0FF0610F0C9
:10502000C70198508436910508F03FC081E0809315
:10503000FF1B88EC90E066960FB6F894DEBF0FBEBB
:10504000CDBFDF91CF911F910F91FF90EF90DF9037
:10505000CF90BF90AF909F908F907F906F905F9018
:105060004F903F900C94111C8E3F71F60E94A80542
:105070008E3F51F60E94A805853031F60E94A805A2
:10508000813011F60E94A805823009F0BDCF0E9440
:10509000A805082F0E94A805182F0E94A8058A3F7E
:1050A00009F0B2CFF02EE12EAFCFDA94D1109DCF20
:1050B00081E08093E91B8AE00E94DB1F0E946F273A
:1050C00066960FB6F894DEBF0FBECDBFDF91CF91CD
:1050D0001F910F91FF90EF90DF90CF90BF90AF9016
:1050E0009F908F907F906F905F904F903F900C9427
:1050F00035224E0181E1880E911C6801F6018191F3
:105100006F010E94F905C814D904C1F784E690E044
:105110000E94111C0E94A8058F3FE1F782E3382E00
:105120002E01F7E14F0E511C96EF692E99E0792E72
:105130005401F50181915F010E94F905A414B504A1
:10514000C1F784E690E00E94111C0E94A8058F3FE1
:10515000B1F4F7EFEF16F9E0FF0680F1C701865FC3
:10516000994084369105D8F51092FF1BF801819182
:105170008F010E94F905C016D106C1F75ACF8E3FA4
:1051800021F70E94A8058E3F01F70E94A8058530EF
:10519000E1F60E94A8058130C1F60E94A805823080
:1051A000A1F60E94A805A82E0E94A805B82E0E946C
:1051B000A8058A3F51F6FA2CEB2CC7CFC3018E19F4
:1051C0009F098436910558F41092FF1BF8018191D4
:1051D0008F010E94F905C016D106C1F72ACF3A9473
:1051E0003110A6CF65CF66960FB6F894DEBF0FBE1E
:1051F000CDBFDF91CF911F910F91FF90EF90DF9086
:10520000CF90BF90AF909F908F907F906F905F9066
:105210004F903F900895CF93C82F81E09C2F9870B6
:10522000C3FF80E08093001C911103C081E00E94C5
:10523000B804C1FB882780F98093081C8091551B16
:10524000811108C0C7FD06C00E946F2781E0CF9181
:105250000C94C603CF9108952F923F924F925F9284
:105260006F927F928F929F92AF92BF92CF92DF9276
:10527000EF92FF920F931F93CF93DF93CDB7DEB7DB
:10528000C658D1090FB6F894DEBF0FBECDBFE99660
:105290007FAF6EAFE997B09094182B2D30E0E39676
:1052A0003FAF2EAFE39726E4B29EA0011124BA01CE
:1052B0006454714FEB967FAF6EAFEB97DB011D929D
:1052C0002A95E9F7E996EEADFFADE9972485DB0174
:1052D00091962C93FB01EE5BFF4FE996AEADBFAD0F
:1052E000E99714964D915D916D917C91179740834C
:1052F00051836283738318964D915D916D917C917A
:105300001B97EB96EEADFFADEB9742A353A364A3BF
:1053100075A321FFE9C12CE1EDECFBE1DE01D9969B
:1053200001900D922A95E1F7E4968FAFE497E59608
:105330009FAFE5972EE93CE1CD57DF4F39832883B6
:10534000C358D040BE01635E7F4FCF57DF4F798394
:105350006883C158D040CE01C996C158DF4F9983A8
:105360008883CF57D040EB96AEADBFADEB97EF96AD
:10537000BFAFAEAFEF974E01B5E58B0E911CED962A
:105380009FAE8EAEED9710E086E4E396EEADFFADF6
:10539000E3978E9F10018F9F300C112491012454AC
:1053A000314F1901B901645E7F4FCB57DF4F7983CD
:1053B0006883C558D04070E2270E311CE596AEAD2B
:1053C000BFADE5976D917D918D919D91E596BFAFB4
:1053D000AEAFE597CD57DF4FE881F981C358D04094
:1053E0004190519061907190CD57DF4FF983E883E0
:1053F000C358D040A30192010E94A85D0E94755D30
:10540000CF57DF4FA881B981C158D0406D937D93AC
:105410008D939D93CF57DF4FB983A883C158D04058
:10542000C158DF4FE881F981CF57D040C190D1906A
:10543000E190F190C158DF4FF983E883CF57D04016
:105440006C197D098E099F099B01AC0197FF07C06C
:1054500022273327A901261B370B480B590BEF9640
:10546000AEADBFADEF972D933D934D935D93EF960A
:10547000BFAFAEAFEF97CB57DF4FE881F981C5588B
:10548000D040C080D180E280F380C216D306E4060B
:10549000F50610F469017A01CB57DF4FA881B98175
:1054A000C558D040CD92DD92ED92FC9213970E94A8
:1054B000FA5BA30192010E94505BED96EEADFFAD49
:1054C000ED976193719381939193ED96FFAFEEAF5A
:1054D000ED9720E030E0A9010E94465B87FF07C0FE
:1054E000812F0E943205D1019C91892B8C931F5FE3
:1054F000173009F063CF80E0CD28CE28CF2809F4FB
:10550000D9C0CE018B5A9F4F0E9490136B017C0132
:1055100086E4E396EEADFFADE3978E9F80018F9F0B
:10552000100D11240454114FD801D296CD92DD9262
:10553000ED92FC92D597BE016B5A7F4F86ED9CE1B0
:105540000E949310F80166A777A780AB91ABBE01CC
:105550006B5A7F4F8AEB9CE10E949310D801DA9638
:105560006D937D938D939C93DD979196AC90025CA7
:105570001F4FA0FEBDC0F8016083718382839383B7
:105580008091BB0EB81611F0A1FECDC086E4E39663
:105590002EAD3FADE397829FF001839FF00D112464
:1055A000E454F14F16A217A210A611A616AA17AA24
:1055B00010AE11AE86E4E396EEADFFADE3978E9F9D
:1055C00080018F9F100D11240454114FD801919622
:1055D0008C9181FD6EC0EB968EAD9FADEB970E94D6
:1055E000ED0B6B017C018090CD069090CE06A090D3
:1055F000CF06B090D006AC019B01C501B4010E945A
:10560000465B87FF6DC1A5019401C501B4010E94ED
:10561000A85DF80162A773A784A795A786E4E3961F
:10562000EEADFFADE3978E9F80018F9F100D11248B
:105630000454114FD801D6968D909D90AD90BC909A
:10564000D997A50194019A966D917D918D919C9128
:105650009D970E94685D18162CF4F80182A693A607
:10566000A4A6B5A6C092CD06D092CE06E092CF06F3
:10567000F092D0068CE1FE01EB5AFF4FA1EBB6E0B1
:1056800001900D928A95E1F78CE1FE017D96A5E9E6
:10569000B6E001900D928A95E1F78091940680938F
:1056A00094188F5F843209F480E0809394060E94FE
:1056B000280F81E0CA57DF4F0FB6F894DEBF0FBE48
:1056C000CDBFDF91CF911F910F91FF90EF90DF90B1
:1056D000CF90BF90AF909F908F907F906F905F9092
:1056E0004F903F902F9008952CE1E5E9F6E016CE1B
:1056F000E996AEADBFADE9972D913D914D915C918D
:10570000A3FC06C0F801208331834283538338CF42
:10571000C701B6010E94A85DD8016D937D938D935A
:105720009C9313972DCF61EB76E0E9967FAF6EAF38
:10573000E9978E010F5F1F4F14017CE1270E311C8A
:10574000C12CD12C76015801E996EEADFFADE99759
:1057500081919191A191B191E996FFAFEEAFE99757
:10576000E7968CAF9DAFAEAFBFAFE797D4014D903A
:105770005D906D907D904D01A3019201E7966CAD17
:105780007DAD8EAD9FADE7970E94A85D9B01AC01FA
:10579000C701B6010E94505A6B017C01E7962CADFF
:1057A0003DAD4EAD5FADE797C301B2010E94505AC7
:1057B000F80161937193819391938F0128143904B7
:1057C00019F62FEE3FEF4FE75FE3C701B6010E94E6
:1057D000685D18166CF486E4E3962EAD3FADE39752
:1057E000829FF001839FF00D1124E454F14FDECE2F
:1057F0002FEE3FEF4FE75FEBC701B6010E94465B1C
:1058000087FF15C086E4E3966EAD7FADE397869F74
:10581000F001879FF00D1124E454F14F89E996E7D8
:10582000A6E9BEE786AB97ABA0AFB1AFC3CEC501CB
:105830000E949013B50186ED9CE10E9493104B01EC
:105840005C01A701960160E070E080E89FE30E94A0
:10585000505A20E030E040E05FE30E94A85D0E94E3
:10586000475E6B017C012091131D3091141D409106
:10587000151D5091161DC501B4010E94A85DA70118
:1058800096010E94A85D4B015C01A701960160E0B2
:1058900070E080E89FE30E94505A9B01AC01C50173
:1058A000B4010E94505B6B017C0120E030E0A90153
:1058B0000E94465B87FF03C0C12CD12C760186E491
:1058C000E396AEADBFADE3978A9FF0018B9FF00DDD
:1058D0001124E454F14FC6AAD7AAE0AEF1AE6ACEC5
:1058E000A7019601C701B6010E94A85DD8019A964A
:1058F0006D937D938D939C939D9790CEAF92BF9225
:10590000CF92DF92EF92FF920F931F93CF93DF938B
:10591000CDB7DEB7A9970FB6F894DEBF0FBECDBFE7
:105920009091E91B913009F47EC0182F0E943F230B
:105930000E94B0040E94C2118091EA1B811173C0C1
:105940005E018DE1A80EB11C8DE0F50111928A95E2
:10595000E9F786E089A720E030E040E450EC609170
:10596000021D7091031D8091041D9091051D0E94E0
:10597000A85D6B017C0120E030E0A9010E94465B3C
:1059800087FF03C0C12CD12C76016DEC7BE1CE01E9
:1059900001960E9474041092DD1B1092DE1B10927F
:1059A000DF1B1092E01B112309F44EC0C98ADA8A6A
:1059B000EB8AFC8A80E48093EF1B80E090E0A8E40F
:1059C000B2E48D8F9E8FAF8FB8A3B501CE01019643
:1059D0000E942C2984E08093ED1B0E949F140E945A
:1059E0000C0500E4112311F07D9B00E00093EF1BF8
:1059F0000E949F148091541B847309F457C0109126
:105A0000541B14FF03C086E00E94C60315FF03C0A9
:105A100087E00E94C6038091551B882311F10E94E4
:105A20006F270E943522A9960FB6F894DEBF0FBEED
:105A3000CDBFDF91CF911F910F91FF90EF90DF903D
:105A4000CF90BF90AF9008958091E01D9091E11D9F
:105A5000A091E21DB091E31D898B9A8BAB8BBC8B1F
:105A6000A9CF84E00E94CC030E943A1C80912D1D96
:105A700090912E1D0E94111C1092DD1B1092DE1BB6
:105A80001092DF1B1092E01B1092ED1B0E9435223A
:105A90008091EA1B8111C7CF0E9469120E94DC0B22
:105AA0000E94CD110E943F235F98BDCF01119ACF74
:105AB000DBCFEF92FF921F93CF93DF93EC017B013B
:105AC0008091231D85FF26C01091E91B103231F112
:105AD00080915E1B8C38F0F4CE010E94DF03882396
:105AE000C9F081E08093EC1B183069F488E00E94D3
:105AF000D6030E9435228091EA1B81110BC0809150
:105B0000E91B8111F6CF0E946F2782E00E94C60335
:105B10000E9435228091E91B8230C1F00E9435221B
:105B20008091EA1B811112C09091BB0E8091940666
:105B3000981303C00E94200FF1CFB701CE01DF916F
:105B4000CF911F91FF90EF900C942C29DF91CF9172
:105B50001F91FF90EF9008952F923F924F925F9286
:105B60006F927F928F929F92AF92BF92CF92DF926D
:105B7000EF92FF920F931F93CF93DF93CDB7DEB7D2
:105B8000E7970FB6F894DEBF0FBECDBF9091EA1B2A
:105B9000911114C18DAB9E01235E3F4F3AAB29ABEF
:105BA0008DE0D9011D928A95E9F786E089A72EE953
:105BB000A22E2CE1B22EFE01BA964F0110E000E0B9
:105BC000C12CD12C7601FDA92F2E312C802F0E94C3
:105BD0004C05D4018D934D01C101002E02C0959555
:105BE00087950A94E2F780FF1BC020E030E040EC8C
:105BF0005FEBF501EC5AFF4F6081718182819381E7
:105C00000E94A85D762E472E582E692EA701960178
:105C10000E94465B87FD04C0C72CD42CE52CF62CD3
:105C20000F5F1F4FB4E0AB0EB11C0730110571F6CA
:105C30008090291D90902A1DA0902B1DB0902C1DA6
:105C400094E0692E01E06DEC7BE1CE0101960E94AB
:105C500074048091241DE82FF0E0FCABEBABFE0157
:105C600031968DEC482E8BE1582E5FAA4EAA712CEE
:105C700010E030E020E0B701A6017058C101022E0B
:105C800002C0959587950A94E2F780FF28C0739427
:105C9000AEA9BFA91D921D921D921C9213978BA9AC
:105CA0009CA9022E02C0959587950A94E2F780FF81
:105CB00007C0002339F0408351836283738306C099
:105CC0000023C9F3C082D182E282F3828AE290E0AB
:105CD0008C0F9D1F820F931FDC018C91182B2F5F5F
:105CE0003F4F34968EA99FA904969FAB8EAB273069
:105CF000310521F6672D70E090E080E00E94F85BAE
:105D00000E94475E1093EF1BA50194010E94A85DBD
:105D10006D8F7E8F8F8F98A3BE01635E7F4FCE0104
:105D200001960E942C2994E09093ED1B0E949F14F1
:105D30000E940C050023E9F00E94A211FE01BA9610
:105D400030E020E090E06191462F412359F0AC0112
:105D5000022E02C0559547950A94E2F740FF02C013
:105D6000609516232F5F3F4F2730310561F7109361
:105D7000EF1B0E949F148091541B847309F47AC016
:105D80001091541B14FF03C086E00E94C60315FF48
:105D900003C087E00E94C603011182C00E94A211C5
:105DA000ADA98A2319F088E00E94C6038091551B93
:105DB0008823E9F00E946F270E943522E7960FB6EC
:105DC000F894DEBF0FBECDBFDF91CF911F910F9131
:105DD000FF90EF90DF90CF90BF90AF909F908F900B
:105DE0007F906F905F904F903F902F90089584E048
:105DF0000E94CC030E943A1C80912D1D90912E1D73
:105E00000E94111CB1E00B27D1F120E030E040EA04
:105E100050E460912F1D7091301D8091311D909143
:105E2000321D0E94A85D6B017C018090251D909021
:105E3000261DA090271DB090281D6A94611003CFE5
:105E400090E080E09101082E02C0359527950A94D4
:105E5000E2F720FF05C0F201108211821282138244
:105E60000196F4E04F0E511C8730910559F71092BE
:105E7000ED1BA4CF812F8E7F09F05CCFBBCFC090EC
:105E80002F1DD090301DE090311DF090321D80907C
:105E9000291D90902A1DA0902B1DB0902C1DCDCFB8
:105EA00012FF84CF89E080CFCF93C82F0E94C21108
:105EB0008C2FC11104C084E00E94AC2D83E00E94AD
:105EC000AC2D0E9435228091EA1B811107C00E94EF
:105ED00069120E94DC0BCF910C94CD11CF910895E3
:105EE000CF93DF93CFE7D4E06F85788989899A894A
:105EF0002AE030E040E050E00E94015FB901330F3A
:105F0000880B990B0E94FA5B20E030E04FE253E4EB
:105F10000E94A85D20E030EC4FE754E40E94505B03
:105F200020E030E048EC51E40E94515A20E030E09B
:105F300040E251E40E94A85D0E94155E20E030E03E
:105F400040E251E40E94505B688379838A839B839B
:105F500021E02A871F86188A198A1A8A1B8A2C8BA5
:105F600020E030E049E353E40E94505A60930B1C58
:105F700070930C1C80930D1C90930E1CDF91CF919D
:105F800008952F923F924F925F926F927F928F92DD
:105F90009F92AF92BF92CF92DF92EF92FF920F93B8
:105FA0001F93CF93DF93CDB7DEB7C056D1090FB69D
:105FB000F894DEBF0FBECDBF7C01E9E1F4E089E5D6
:105FC000DF011D928A95E9F78AE0EEE5FBE1AAE19F
:105FD000B4E001900D928A95E1F7F7018081843257
:105FE000B1F01EA61FAA312C212C29961FAE1EAE81
:105FF00029971DAE1FA61BAACC24C394D12C5AE00E
:10600000852E912C61E6A62E63E0B62E56C181E066
:1060100080931A0410921B0483E08EA7F1E0FFAB7B
:10602000E2CF2FEB200F2BAF2A3110F00C94DA3D8A
:106030008F5F8EA7AE01465D5F4FBE01625D7F4FF1
:10604000C7010E94E910882311F40C94DD3D4AA495
:106050005BA46CA47DA4C301B2010E948B5E0E946C
:10606000C95B162F70E090E080E00E94FA5B9B0114
:10607000AC01C301B2010E94505A20E030E048EC6C
:1060800052E40E94A85D0E94155E0E94C95BCB018C
:10609000073409F427C00D3409F46AC13BADE32F7E
:1060A000330FFF0B8827E85AFF4C8F4F0C94205F6B
:1060B0000F3241324E325B3282306832823082306F
:1060C00072327F328C32993282309D328230AB32E2
:1060D0008230B532BF32C932823082308230DE3215
:1060E000EB32F832183209F4D8C030F5143160F4CC
:1060F000113108F09CC0143009F477C0B0F01A30A8
:1061000009F46BC084E19AC01C3109F466C040F404
:106110001631C0F725E1211B20931C0426E08BC01B
:106120001E3109F45AC0163269F7ABA9A1110C94BB
:10613000E03DB2E0BBAB2BC01D3309F4A9C0F8F4BD
:10614000153309F452C0A0F41B3211F01133D1F60B
:10615000EBA9E1110C94E03D113309F4A0C00A97BA
:1061600089F6F1E0F0931F0428E033E03BAB4FC029
:106170001C3340F616531093200429E05CC01C35F4
:1061800008F51A3508F074C0103509F0BBCF10932C
:106190001A0421E0163209F04EC08431910551F005
:1061A0008E31910539F08832910521F082339105C5
:1061B00009F0A8CFB4010E94CB5E665760931A0421
:1061C00021E025C01C3549F01F3508F09BCF2EE596
:1061D000211B20931B0425E02EC0009731F43BA91E
:1061E00031110C94E03D41E04BAB10931904212F89
:1061F0002D7F2C3119F020E01C35E9F4009719F0BF
:106200000A9709F07FCF610F6093190420E0C6015F
:1062100002C0880F991F2A95E2F729962EAD3FAD4F
:10622000299728233923232BF1F185E107C0115148
:1062300010931E0422E0892B51F387E1C05ADF4FEF
:106240000FB6F894DEBF0FBECDBFDF91CF911F9187
:106250000F91FF90EF90DF90CF90BF90AF909F9005
:106260008F907F906F905F904F903F902F90089508
:10627000892B29F41A5510931D0423E0C8CF6A30E6
:10628000710509F03FCF1A3509F43CCF24E0BFCFA8
:10629000892B09F037CF2AE0BACF27E0CCCF28E00E
:1062A00043E04BABB4CF2996AEADBFAD2997A82B39
:1062B000B92B2996BFAFAEAF29978EA5F701E80F8E
:1062C000F11D00810111ADCEBFA5BB2329F0EBA9C3
:1062D000E11102C0F2E0FBAB25FE0FC08091450446
:1062E00090914604A0914704B091480481389649A2
:1062F000A849B10514F00C94EC3D3FA9332309F4EF
:1063000084C120FE94C180911C048130B1F423E348
:1063100033E34BEC51E460912404709125048091A7
:106320002604909127040E94A85D60932404709332
:106330002504809326049093270430FC10C080919C
:10634000681B9091691BA0916A1BB0916B1B809395
:10635000510490935204A0935304B0935404809139
:106360001904843009F07EC126FC7AC18CE166CF25
:10637000892B09F062CF163050F4133080F01430BE
:10638000C1F080E11530B1F41092230415C01A3029
:1063900078F11E3109F0B6CE1093210404C0112308
:1063A00021F01130C9F78BE008C0B3E0B0932104AD
:1063B000FACF80E2809323048CE0F60102C0EE0F56
:1063C000FF1F8A95E2F7CF0129962EAD3FAD2997A1
:1063D0002E233923232B09F028CF29962EAD3FAD4C
:1063E00029972E2B392B29963FAF2EAF299765CFB2
:1063F000183061F0193079F0173031F480E880936B
:10640000220481E00E9449138DE0D7CF80E480937D
:10641000220482E0F7CF1092220480E0F3CF409272
:1064200062045092630460926404709265044FA504
:1064300048604FA78DE08601082E02C0000F111F93
:106440000A94E2F7980122213321232B11F00C94B6
:10645000E63DD50102C0B595A7958A95E2F7A0FF64
:106460000DC020E030E0A9016AA57BA58CA59DA503
:106470000E94465B87FF02C00C94E93D202A312A26
:106480001CCF409266045092670460926804709238
:1064900069048FA580618FA78EE0CDCF40926A04FA
:1064A00050926B0460926C0470926D049FA5906290
:1064B0009FA78FE0C0CF40926E0450926F0460920D
:1064C000700470927104AFA5A064AFA780E1B3CF50
:1064D000409224045092250460922604709227046E
:1064E00080E0A9CF409228045092290460922A04A7
:1064F00070922B04BDADB160BDAF81E09CCF4092E6
:106500002C0450922D0460922E0470922F04EDAD55
:10651000E260EDAF82E08FCF4092300450923104C0
:106520006092320470923304FDADF460FDAF83E0FD
:1065300082CF1093440484E07ECFC301B2010E9455
:10654000C25B609345047093460480934704909324
:10655000480485E070CF4092490450924A0460920A
:106560004B0470924C0486E066CF40924D045092EA
:106570004E0460924F047092500487E05CCF4092CA
:10658000510450925204609253047092540488E073
:1065900052CF20E030E040E051E4C301B2010E945C
:1065A000685D181614F40C94E33D8091331D811737
:1065B00019F0812F0E94104089E03DCF409256048F
:1065C0005092570460925804709259042FA521608C
:1065D0002FA78AE030CF40925A0450925B04609219
:1065E0005C0470925D043FA532603FA78BE023CF2F
:1065F00040925E0450925F04609260047092610465
:106600004FA544604FA78CE016CF80911B048130CA
:1066100081F44BA9423009F090CE80911A04803564
:1066200009F48BCE882309F488CE20FC86CE86E13F
:1066300005CE80915F1B811180CE20FC64CE8091BD
:106640006C1B90916D1BA0916E1BB0916F1B809382
:10665000240490932504A0932604B09327046DCEC0
:10666000E89426F880911E04882379F0813009F49B
:10667000BBC066961FAE6697A2E02E96AFAF2E9770
:10668000B1E02C96BFAF2C970BC082E066968FAF1F
:10669000669791E02E969FAF2E972C961FAE2C9763
:1066A00080911C04813051F536E5E32E34E0F32E61
:1066B00010E000E02FA5C22ED12CC601002E02C092
:1066C000959587950A94E2F780FF10C023E333E3A2
:1066D0004BEC51E4D7016D917D918D919C910E947D
:1066E000A85DF70160837183828393830F5F1F4FDF
:1066F000F4E0EF0EF11C07301105F9F68CE1E1E949
:10670000FBE1DE01119601900D928A95E1F7299641
:106710002EAD3FAD299731FD73C0309119043BAFC9
:106720003A3009F481C03C3509F427C18BA9833084
:1067300009F441C09FA59923F1F1A0911D0422966F
:10674000AFAF22978090C91B9090CA1BA090CB1B23
:10675000B090CC1BBEE5CB2EBBE1DB2E16E5E12EC7
:1067600014E0F12E10E000E0E92FF0E02596FFAFF5
:10677000EEAF259725968EAD9FAD2597002E02C0D2
:10678000959587950A94E2F780FD62C1F6018789A5
:10679000908DA18DB28DF70180839183A283B38305
:1067A0000F5F1F4FB4E0CB0ED11CE4E0EE0EF11CE6
:1067B00007301105F9F6FBADFE3109F499C1F53347
:1067C00009F4BDC168E274E086E0FC3109F02FC134
:1067D0000E94AE23882331F12FA521118DC122966D
:1067E0001FAE22971BAAAFC0E1E06696EFAF669797
:1067F0002E961FAE2E97F2E02C96FFAF2C9750CF1F
:1068000080912004873010F08DE118CD9091641BA9
:10681000891709F482CFBE016F5F7F4F0E94AE23BC
:1068200081117BCF87E00ACD4FA5411102C08AE1DB
:1068300005CDC10180759927892B09F497CD609109
:10684000490470914A0480914B0490914C040E9439
:106850008B5E0E94C95B6730B8F680914404843136
:1068600029F0823009F04ECC27FC4CCC662309F489
:1068700076C0615022966FAF229768E274E022964C
:106880008FAD22970E94AE23882361F29091440439
:106890009BAF4090C91B5090CA1B6090CB1B70905F
:1068A000CC1B29E1E22E24E0F22E10E000E0AFA59F
:1068B000CA2ED12CC601002E02C0959587950A9448
:1068C000E2F780FF35C0F701FD9680809180A280BD
:1068D000B380BBADB43109F048C0F801EE0FFF1F23
:1068E000EE0FFF1FE25AF44EDF01A15BBF4F2D9167
:1068F0003D914D915C916789708D818D928D0E9443
:10690000505AA50194010E94505AF7016787708B75
:10691000818B928B023061F4A30192010E94505A44
:106920006093300470933104809332049093330465
:106930000F5F1F4FB4E0EB0EF11C0730110509F09B
:10694000B9CFEFEA2E2280911A048BAF803509F07F
:10695000FDC09FA5992309F403C18FE16FCC8091FD
:10696000200422968FAF229788CFD7011F968D9251
:106970009D92AD92BC925297DBCFFFA5FF2309F405
:1069800056CF4090C91B5090CA1B6090CB1B709093
:10699000CC1B0EE5A02E0BE1B02E8E010F5F1F4F1A
:1069A00086E5C82E84E0D82EF12CE12C8F2E912C78
:1069B000C4010E2C02C0959587950A94E2F780FFDA
:1069C0003AC0D8012D913D914D915C91F5016789B7
:1069D000708D818D928D0E94505AD6012D913D91DE
:1069E0004D915C910E94505AF601608371838283BD
:1069F0009383F2E0EF120CC0A30192010E94505A5F
:106A000060935E0470935F048093600490936104CC
:106A1000FFEFEF1AFF0A24E0A20EB11C0C5F1F4F1C
:106A200034E0C30ED11C47E0E416F10409F62296C7
:106A30001FAE229788CFF501E15BFF4F80819181E6
:106A4000A281B381F60180839183A283B383E0CFD7
:106A5000FBADF53309F4A4CED7014D905D906D9058
:106A60007C902296BFAD2297B11132C0F801EE0F93
:106A7000FF1FEE0FFF1F21E030E02C0F3D1FE20F44
:106A8000F31FD601A15BBF4F2D913D914D915C91BC
:106A900060817181828193810E94515AA301920188
:106AA0000E94515AD7016D937D938D939C931397B8
:106AB000023009F075CEA50194010E94515A6093ED
:106AC0005E0470935F04809360049093610468CEC9
:106AD000A3019201F6016789708D818D928D0E94CC
:106AE000515AD7016D937D938D939C93139758CEF4
:106AF00068E274E087E06CCEAEE5BBE1E9E1F4E08A
:106B000090E080E04FA5242F30E0A901082E02C0BC
:106B1000559547950A94E2F740FD0AC057964D9166
:106B20005D916D917C915A974787508B618B728BE9
:106B30000196149634968730910539F778CF809175
:106B40001A04823008F473CF8EE178CBABA9A2305F
:106B500039F4BBADB11181C0EFA5EE2309F49BC0A0
:106B60002FA92170EFA9C101E0FF04C38E7DFBA90D
:106B7000F1119370892B11F00C94F23D8E01035E9C
:106B80001F4F8DE0D8011D928A95E9F7222309F461
:106B9000F4C229968EAD9FAD2997867B892B11F083
:106BA0000C94F53D80911904853319F081110C94F2
:106BB000F53D8091681B9091691BA0916A1BB09173
:106BC0006B1B89A39AA3ABA3BCA38091671B909175
:106BD000661B892B40912404509125046091260462
:106BE000709127044D8F5E8F6F8F78A3846089A783
:106BF0008091450490914604A0914704B0914804C7
:106C00008DA39EA3AFA3B8A78091231D85FF06C0C7
:106C100086E594E00E94DF038111EAC7B80186E5AA
:106C200094E00E94592D8091E91B81110BC00E94B4
:106C3000620C892B39F080E28093E91B0E949F143B
:106C40000E940C058CE1E6E5F4E0A5E7BBE10190CC
:106C50000D928A95E1F780E0F1CA20E030E0A901C9
:106C6000609124047091250480912604909127045A
:106C70000E94465B882309F4DACCFBADFC38B9F0FE
:106C800060F4F23059F1F33061F1F13009F068CF7E
:106C90003FA5311165CF1BAA63CF2BAD2E3839F03C
:106CA00018F02F3809F05CCF9FA990619FAB8BAD96
:106CB0008E58823018F4AFA9A860AFABBFA5BB2334
:106CC00009F4B5CD4CE150E066E574E085E79BE161
:106CD0000E94425F892B09F043CF79C04FA94460DD
:106CE0004FAB8FA5882309F4A2CD2C96BFAD2C976E
:106CF000AB2FB0E02596BFAFAEAF25972E96FFAD78
:106D00002E97EF2FF0E06396FFAFEEAF639781E031
:106D100090E07C012C960FAC2C9702C0EE0CFF1C6F
:106D20000A94E2F72E960FAC2E9702C0880F991F97
:106D30000A94E2F7E82AF92A2FA5822F90E08E2103
:106D40009F21892B09F44BC7CD01880F991F880F0C
:106D5000991FFC01EA5AFB4F825A944EDC01579668
:106D60002D913D914D915C915A9760817181828105
:106D700093810E94505A2B013C0163968EAD9FADCA
:106D80006397880F991F880F991FFC01EA5AFB4FE0
:106D9000825A944EDC0157962D913D914D915C9114
:106DA0005A9760817181828193810E94505A4B0170
:106DB0005C0127FE08C1E89427F84CE150E066E545
:106DC00074E085E79BE10E94425F892B11F481E228
:106DD00035CA60914D0470914E0480914F0490919A
:106DE000500420911C04213071F423E333E34BEC75
:106DF00051E40E94A85D60934D0470934E0480930B
:106E00004F049093500480914D0490914E04A091B2
:106E10004F04B091500421968CAF9DAFAEAFBFAF81
:106E20002197A3019201C301B2010E94A85D6D9652
:106E30006CAF7DAF8EAF9FAF6D97A5019401C5017B
:106E4000B4010E94A85DA1966CAF7DAF8EAF9FAFDD
:106E5000A19720E030E040E850E421966CAD7DAD94
:106E60008EAD9FAD21970E94A85D21962CAD3DADC2
:106E70004EAD5FAD21970E94A85D6D962CAD3DADE6
:106E80004EAD5FAD6D970E94505AA1962CAD3DADB1
:106E90004EAD5FADA1970E94505A6B017C0120E07E
:106EA00030E0A9010E94465B87FF04C0F7FAF09426
:106EB000F7F8F094C701B6010E94475E6B017C01B0
:106EC000A1962CAD3DAD4EAD5FADA1976D966CAD6D
:106ED0007DAD8EAD9FAD6D970E94515A0E94475E69
:106EE0009B01AC01C701B60190580E94505B6B0139
:106EF0007C019BAD933021F4F7FAF094F7F8F0940D
:106F000020E030E0A90121966CAD7DAD8EAD9FAD46
:106F100021970E94465B87FF13C0F7FAF094F7F8B9
:106F2000F09421968CAD9DADAEADBFAD2197B0581C
:106F300080934D0490934E04A0934F04B09350045B
:106F400025960EAD1FAD2597000F111F000F111FC5
:106F5000035E1B4FA5019401C701B6010E94A85D05
:106F60009B01AC01C301B2010E94505A20E030E005
:106F700040E05FE30E94A85DD8011B966D937D936E
:106F80008D939C931E9763960EAD1FAD6397000F74
:106F9000111F000F111F035E1B4FA3019201C701B8
:106FA000B6010E94A85DA50194010E94515A20E0FB
:106FB00030E040E05FE30E94A85DF80163877487DA
:106FC00085879687CDCDFDADCF2ED12CEF22FD202C
:106FD00083E2EF2809F432C921EF222280911C04B8
:106FE000813059F5F12CE12CC6010E2C02C095958B
:106FF00087950A94E2F780FF19C08701000F111FDF
:10700000000F111F075E1B4F23E333E34BEC51E4EA
:10701000D8011F966D917D918D919C9152970E9400
:10702000A85DF8016787708B818B928BFFEFEF1A59
:10703000FF0A27E0E216F104B9F62596EEADFFADA2
:107040002597EE0FFF1FEE0FFF1FE35EFB4FC3847C
:10705000D484E584F684A7019601C301B2010E949D
:10706000505A2B013C016396EEADFFAD6397EE0FD6
:10707000FF1FEE0FFF1FE35EFB4F83859485A58501
:10708000B68521968CAF9DAFAEAFBFAF21979C0167
:10709000AD01C501B4010E94505A4B015C01A3012E
:1070A0009201C301B2010E94A85D2B013C01A50120
:1070B0009401C501B4010E94A85D9B01AC01C3010C
:1070C000B2010E94515A0E94475E4B015C01A70128
:1070D0009601C701B6010E94A85D6B017C01219653
:1070E0002CAD3DAD4EAD5FAD2197CA01B9010E94F7
:1070F000A85D9B01AC01C701B6010E94515A0E94D4
:10710000475E6B017C01C0924D04D0924E04E09228
:107110004F04F0925004AC019B01C501B4010E94E0
:10712000505A4B015C01E894B7F82AE037ED43EA86
:107130005BE3C501B4010E94685D18160CF010CD28
:1071400020E030E040E05FE3C501B4010E94685DEB
:1071500018160CF43CCE2FE632E143E85AE3C7019F
:10716000B6010E94A85DA50194010E94465B87FFBD
:10717000F7CC2DCE8E7D9C7FFACC8091231DF09094
:10718000671B81FF12C08BAD8150833018F0BFA9FF
:10719000B064BFABEFA5EE2309F4ECC0FBA9F2305D
:1071A00009F0E8C02FA920682FAB80914504909189
:1071B0004604A0914704B09148048093711B9093BA
:1071C000721BA093731BB093741B8DA39EA3AFA3DC
:1071D000B8A780911B0480935F1B882311F088E07F
:1071E00089A78091240490912504A0912604B09150
:1071F000270480936C1B90936D1BA0936E1BB09320
:107200006F1B8D8F9E8FAF8FB8A38090510490908D
:107210005204A0905304B0905404A50194016091CD
:10722000681B7091691B80916A1B90916B1B0E9477
:10723000465B9FA99074E92E811103C0AFA9A5FFF9
:107240001FC0FF2069F0BFA9B7FD0AC040E050E0B1
:10725000BA01E11002C0B501A4018F2D0E9455238F
:107260008091510490915204A0915304B091540420
:107270008093681B9093691BA0936A1BB0936B1B50
:10728000E1100CC08091681B9091691BA0916A1B52
:10729000B0916B1B89A39AA3ABA3BCA38091331DB0
:1072A0008093701B809123049091671B981751F075
:1072B00049A15AA16BA17CA10E945523809123046E
:1072C0008093671B89A59091671B892B89A7809163
:1072D0001904843009F465C080911E048093621BF8
:1072E00080911C048093601B809120049091641B0A
:1072F000981769F08093641B8CE1FE013196A1E937
:10730000BBE101900D928A95E1F70E945023809194
:107310001D048093611B80911904863209F4B5C065
:1073200008F072C08C3109F496C08E3109F493C014
:107330008A3009F476C080911A0480935E1B8035F0
:1073400009F4A7C3BBA9B23009F0A3C3813009F087
:10735000B0C0BE01635E7F4F86E594E00E94592D68
:107360008CE1E6E5F4E0A5E7BBE101900D928A959A
:10737000E1F78FC330E1F31218CF9FA99074809189
:107380005E1B8150833038F4992309F40ECF4FA946
:1073900040624FAB0ACF911108CF8FA980628FABAB
:1073A00004CF8091E91B823009F496CFC090490444
:1073B000D0904A04E0904B04F0904C040E943F238C
:1073C00020E030E040EA51E4C701B6010E94A85D28
:1073D0000E942F5B0E94C95B7B01E114F10409F458
:1073E0007BCFE1E0EE1AF1088091EA1B811174CFA6
:1073F0000E943522FFEF20E732E0F150204030407C
:10740000E1F700C00000E9CF8C3509F444C08636AE
:1074100009F447C0883209F08ECF65E77BE187E049
:1074200037C068E274E022968FAD22970E949A23BB
:107430008091641B22964FAD229784137CCF8CE100
:10744000E8E2F4E0A1E9BBE101900D928A95E1F751
:107450000E94502370CF89A5816089A78BA98823BA
:1074600029F0B80186E594E00E94592DB80188E220
:1074700094E00E94592D8CE1E8E2F4E0A5E7BBE13D
:1074800001900D928A95E1F756CF65E77BE186E0A2
:107490000E949A2350CF8CE1E6E5F4E0ADEABBE12F
:1074A000D3CFEDEAFBE18CE1DF011D928A95E9F78C
:1074B000CFCF811105C089A5816089A7B8014CCFC4
:1074C0008250823008F0BBC280914D0490914E04EE
:1074D000A0914F04B09150048BAB9CABADABBEAB55
:1074E0002C96AFAD2C9794E0A99F70011124F70161
:1074F000EB58F44EFCAFEBAF9701285D3B4F239662
:107500003FAF2EAF2397D9014D905D906D907C9049
:107510002081318142815381C301B2010E94515ABD
:107520002B966CAF7DAF8EAF9FAF2B972E96EFADA6
:107530002E97B4E0EB9F8001112498012B58344E14
:107540003EAF2DAFC801885D9B4F2D969FAF8EAF8C
:107550002D97DC018D909D90AD90BC90F90120811C
:10756000318142815381C501B4010E94515A619613
:107570006CAF7DAF8EAF9FAF619777FA709477F85D
:107580007094D501C401B0588FA798ABA9ABBAAB22
:10759000F701EA5AFB4F2B962CAD3DAD4EAD5FADDA
:1075A0002B9760817181828193810E94505A6B0177
:1075B0007C01F801EA5AFB4F61962CAD3DAD4EAD12
:1075C0005FAD619760817181828193810E94505A81
:1075D0004B015C01A7019601C301B2010E94A85DA5
:1075E00027966CAF7DAF8EAF9FAF2797A501940113
:1075F0006FA578A989A99AA90E94A85D9B01AC01F1
:1076000027966CAD7DAD8EAD9FAD27970E94515AE8
:1076100027966CAF7DAF8EAF9FAF2797A5019401E2
:10762000C301B2010E94A85D4B015C01A701960154
:107630006FA578A989A99AA90E94A85D9B01AC01B0
:10764000C501B4010E94505A27962CAD3DAD4EADF8
:107650005FAD27970E94D05A6B017C019FA992FFD2
:1076600070C127E137EB41E558EBC701B6010E9435
:10767000685D87FD0AC02BED3FE049EC50E4C7018F
:10768000B6010E94505A6B017C018090171D9090AA
:10769000181DA090191DB0901A1D2BA93CA94DA929
:1076A0005EA9CA01B9010E94515AA50194010E9424
:1076B000505AA50194010E94A85D0E94475E4B01AB
:1076C0005C0120E030E040E05FE3C701B6010E94CA
:1076D000A85D2BA93CA94DA95EA90E94A85D9F7732
:1076E000A50194010E94505B0E94355C0E94C95B19
:1076F00025967FAF6EAF2597DB01AB2B09F429CE22
:1077000019A590E080E00E94F85B4B015C0113FF3B
:107710000EC0AC019B016D8D7E8D8F8D98A10E9456
:10772000A85D6D8F7E8F8F8F98A3177F19A7A501F6
:107730009401C701B6010E94505B6FAB78AF89AF6F
:107740009AAF6696EFAD6697B4E0EB9FC001112447
:107750008C010B58144E8A5A9B4FD8012D913D91A4
:107760004D915C91FC0160817181828193810E94C5
:10777000505AA50194010E94505B6D966CAF7DAF8D
:107780008EAF9FAF6D972FA938AD49AD5AADCA01E5
:10779000B9010E94A85D9B01AC0160E070E080E04F
:1077A00090E40E94505A6B017C012BEA3AEA4AE2CB
:1077B0005EE36FA978AD89AD9AAD0E94A85D4B01DB
:1077C0005C0120E030E040E850E4C701B6010E94CF
:1077D000515A9B01AC01C501B4010E94A85D659698
:1077E0006CAF7DAF8EAF9FAF659720E030E040E09B
:1077F0005FE3C701B6010E94A85D69966CAF7DAFDB
:107800008EAF9FAF69971BAA22242394312C259613
:10781000EEADFFAD2597E215F30509F49ACDFBA96E
:10782000FC3008F0A2C0A301920165966CAD7DAD5D
:107830008EAD9FAD65970E94A85D6B017C012FA561
:1078400038A949A95AA969966CAD7DAD8EAD9FAD99
:1078500069970E94A85D9B01AC01C701B6010E9417
:10786000515A7B016C01A301920169966CAD7DAD0B
:107870008EAD9FAD69970E94A85D4B015C012FA55D
:1078800038A949A95AA965966CAD7DAD8EAD9FAD5D
:1078900065970E94A85D9B01AC01C501B4010E94DF
:1078A000505A2B013C012BA92F5F2BAB47015601EE
:1078B0008FA698AAA9AABAAAA30192012B966CAD89
:1078C0007DAD8EAD9FAD2B970E94515AEBADFCADB7
:1078D00060837183828393832FA538A949A95AA90C
:1078E00061966CAD7DAD8EAD9FAD61970E94515A92
:1078F000ADADBEAD6D937D938D939C9313976D96B7
:107900002CAD3DAD4EAD5FAD6D97F80160817181DD
:10791000828193810E94515AD8016D937D938D93FA
:107920009C931397BE01635E7F4F85E79BE10E94A6
:10793000592D8091EA1B811113CDBFEF2B1A3B0A01
:1079400066CF27E137EB41E558E3C701B6010E9456
:10795000465B18160CF499CE2BED3FE049EC50E451
:10796000C701B6010E94515A8ECEB10190E080E06D
:107970000E94F85B2FA938AD49AD5AAD0E94A85DB1
:107980006B017C010E944B5B6FA778AB89AB9AAB14
:10799000C701B6010E94395E4B015C012396AEAD72
:1079A000BFAD2397CD90DD90ED90FC90F7FAF09469
:1079B000F7F8F0942D96AEADBFAD2D978D919D91BA
:1079C0000D90BC91A02D8BAB9CABADABBEABA7011A
:1079D00096016FA578A989A99AA90E94A85D2B0193
:1079E0003C012BA93CA94DA95EA9C501B4010E9487
:1079F000A85D9B01AC01C301B2010E94515A2B0149
:107A00003C01A7019601C501B4010E94A85D6B016C
:107A10007C012BA93CA94DA95EA96FA578A989A9CC
:107A20009AA90E94A85D9B01AC01C701B6010E9402
:107A3000505A6FA778AB89AB9AAB1BAA3DCF89A5EB
:107A4000846089A78091E91B823009F489CC0E9467
:107A50003F238091EA1B81111CC0FFA9F071FF2E0A
:107A60001092EE1B2FA923FB882780F90E94440661
:107A7000809109018C709091560E891729F184E04C
:107A80000E94C6030E946F270E94352280E00E9458
:107A90004406809121048093651B882311F40C9483
:107AA0001E310E943F238091651B9091E91B83301A
:107AB00009F04CC0923029F088E00E94D6030E9461
:107AC00035221092651BC7C8B80186E594E00E9474
:107AD000592D81E08093730E82E00E94D6030E94AC
:107AE00035228091EA1B8111D4CF8091E91B81114D
:107AF000F6CF8091730E813029F5FF20F9F08CE1EB
:107B0000EDECFBE1A7E5BEE001900D928A95E1F76F
:107B10001092730E80E00E9444060E9435220E945B
:107B20003A1C0E9438130E94DC0B0E94990B809132
:107B3000EE1B811160C00E946F2712CC85E00E946D
:107B4000C603E6CF81E08093EE1BE2CF81E0809315
:107B50005E1B1092621B1092611B10925F1B1092B1
:107B6000641B1092671B1092661B84E68093F01BC7
:107B70008093F11B8093F21B923089F061E97BE1E5
:107B800080E00E94AE23882311F40C9412340E94EA
:107B9000502340E050E0BA0180E00E94071D8AE5D2
:107BA00095E00E94AD0883E095E00E94AD080E9438
:107BB0008A0B87CF81E00C941E3182E00C941E3139
:107BC00088E10C941E3186E20C941E3189E10C94FC
:107BD0001E3184E00C941E318BE10C941E3180E246
:107BE0000C941E3184E20C941E3180E10C941E3101
:107BF0008FE00C941E310E9469124BCFCF92DF921E
:107C0000EF92FF920F931F93CF93DF93CDB7DEB721
:107C10006C970FB6F894DEBF0FBECDBF8BE995E031
:107C20000E94AD0888E995E00E94AD0884E692E0E4
:107C30000E94C12F60915C1D70915D1D80915E1D41
:107C400090915F1D4AE85CE10E94FA026091741D08
:107C50007091751D8091761D9091771D46E75CE1CE
:107C60000E94FA0286E79CE19F938F938AE89CE149
:107C70009F938F9380E792E09F938F9306E21CE19E
:107C80001F930F930E944F5FC8010E94C12F609104
:107C90008C1D70918D1D80918E1D90918F1D42E1E4
:107CA0005CE10E94FA0282E19CE19F938F938FE74F
:107CB00092E09F938F931F930F930E944F5FC80191
:107CC0000E94C12F8BE892E00E94C12F8FE992E0C1
:107CD0000E94C12F84EA92E00E94C12F0FB6F8944F
:107CE000DEBF0FBECDBF8091E91B8130F1F16DEC9D
:107CF0007BE1CE0101960E947404C984DA84EB848E
:107D0000FC842091381D3091391D40913A1D5091CD
:107D10003B1DC701B6010E94505A2091341D30917D
:107D2000351D4091361D5091371D0E94515A609368
:107D3000C91B7093CA1B8093CB1B9093CC1B609381
:107D4000341D7093351D8093361D9093371DC0925E
:107D5000381DD092391DE0923A1DF0923B1D84E609
:107D600092E00E94C12F0E943F236C960FB6F894B8
:107D7000DEBF0FBECDBFDF91CF911F910F91FF905E
:107D8000EF90DF90CF9008958F929F92AF92BF9225
:107D9000EF92FF920F931F93CF93DF93CDB7DEB790
:107DA000C456D1090FB6F894DEBF0FBECDBF2091E7
:107DB000331D2150330B90E080E0F901EC5FFD4F63
:107DC00044E02817390709F440830196853091056E
:107DD000C1F70091080210E02091070230E04091C5
:107DE000060250E06091050270E08091040290E08C
:107DF0000E94652680E895E00E94AD086091331DE1
:107E000070E090E080E00E9462088DE795E00E94BB
:107E1000AD0884E692E00E94C12F80EB92E00E94C0
:107E2000C12F0E943F23E091331DEE2309F4E6C0E9
:107E3000E150FF0BEE0FFF1FEE0FFF1FE85BF24E4E
:107E400060817181828193814AE85CE10E94FA023B
:107E5000E091331DE150FF0BEE0FFF1FEE0FFF1FF0
:107E6000E05AF24E608171818281938146E75CE144
:107E70000E94FA0286E79CE19F938F938AE89CE137
:107E80009F938F9380E792E09F938F9306E21CE18C
:107E90001F930F930E944F5FC8010E94C12FE09172
:107EA000331DE150FF0BEE0FFF1FEE0FFF1FE858D1
:107EB000F24E608171818281938142E15CE10E9496
:107EC000FA0282E19CE19F938F9388EB92E09F936B
:107ED0008F931F930F930E944F5FC8010E94C12F81
:107EE0000E943F2390E080E00E94111C84E692E013
:107EF0000E94C12F0E943F238AEC92E00E94C12F72
:107F00000FB6F894DEBF0FBECDBF8091FE1B882355
:107F100009F468C060915A1B70915B1B80915C1BD7
:107F200090915D1B0091FA1B1091FB1B2091FC1B93
:107F30003091FD1B601B710B820B930B2CE330E027
:107F400040E050E00E94DF5E490184E692E00E943A
:107F5000C12F80E00E9496270E943F2380E00E946C
:107F60007E2C7E0191E5E90EF11C0091331D01503C
:107F7000110B000F111F000F111F005A124E6091BC
:107F8000E41D70E090E080E00E94FA5B9B01AC0190
:107F9000F80160817181828193810E94505AA7010A
:107FA0000E94FA02FF92EF928DEC92E09F938F93E2
:107FB0008E010F5F1F4F1F930F930E944F5FC801E9
:107FC0000E94C12F0E943F23B4018091331D0E9463
:107FD000121F81E00E947E2C0F900F900F900F9047
:107FE0000F900F9003E010E023E030E043E050E01A
:107FF00063E070E083E090E00E946526CC59DF4F9B
:108000000FB6F894DEBF0FBECDBFDF91CF911F91A9
:108010000F91FF90EF90BF90AF909F908F90089539
:10802000FF920F931F93CF93DF93F82E84E692E095
:108030000E94C12F0E943F2381E00E94D00489ED5D
:1080400092E00E94C12F88EE92E00E94C12F0E9410
:108050003F2380E00E94D00481E00E949627F11027
:1080600023C00E94C43E0E943F2380E00E949627C6
:108070008091E91B813009F4CEC0F092331D0E943B
:10808000CA128FE895E00E94AD086F2D70E090E075
:1080900080E00E9462088CE895E0DF91CF911F910B
:1080A0000F91FF900C94AD080E94C43E81E00E94A5
:1080B000962790E080E02F2D2150330BE90124E03A
:1080C0008C179D0721F4FC01EC5FFD4F2083019686
:1080D00085309105A9F70091080210E02091070270
:1080E00030E04091060250E06091050270E080911E
:1080F000040290E00E94652684E692E00E94C12F6F
:108100000E943F2389EF92E00E94C12FCC0FDD1F18
:10811000CC0FDD1FC256D34EFE01E655FF4F6081E6
:108120007181828193814AE85CE10E94FA02FE013A
:10813000EE53FF4F608171818281938146E75CE15C
:108140000E94FA0286E79CE19F938F938AE89CE164
:108150009F938F9380E792E09F938F9306E21CE1B9
:108160001F930F930E944F5FC8010E94C12FC652F8
:10817000DF4F688179818A819B8142E15CE10E94C5
:10818000FA0282E19CE19F938F9381E093E09F93B9
:108190008F931F930F930E944F5FC8010E94C12FBE
:1081A0000E943F2384EF91E00E94111C84E692E03C
:1081B0000E94C12F0E943F238AEC92E00E94C12FAF
:1081C0008DB79EB70E960FB6F8949EBF0FBE8DBFAB
:1081D0008091FE1B882381F080915A1B90915B1B3C
:1081E000A0915C1BB0915D1B8093FA1B9093FB1BCD
:1081F000A093FC1BB093FD1B03E010E023E030E0F4
:1082000043E050E063E070E083E090E00E94652688
:108210000E94FE3D28CFDF91CF911F910F91FF90DB
:1082200008950F931F93CF93DF93EC0110E0BE01ED
:10823000812F0E947323811116C018828EE30E9441
:108240002B06CE010E94D00B8AE30E942B0687E00A
:108250000E947209113029F4DF91CF911F910F9183
:10826000089511E0E4CF88818823A1F3CE010E9414
:10827000C12F082F8EE30E942B06CE010E94D00B47
:108280008AE30E942B06802F0E947E09E3CFBF92D3
:10829000CF92DF92EF92FF920F931F93CF93DF93D2
:1082A000CDB7DEB7A9970FB6F894DEBF0FBECDBF2E
:1082B0009091E91B913009F482C0B82E0E943F23AF
:1082C0000E94C2118091EA1B811179C08E01035E68
:1082D0001F4F8DE0F80111928A95E9F786E089A792
:1082E00020E030E040E450EC6091061D7091071DE5
:1082F0008091081D9091091D0E94A85D6B017C0171
:1083000020E030E0A9010E94465B87FF03C0C12C3A
:10831000D12C76016DEC7BE1CE0101960E947404B4
:108320001092E11B1092E21B1092E31B1092E41BCF
:10833000BB2021F0F7FAF094F7F8F094CD8ADE8AAA
:10834000EF8AF88E80E88093EF1B80E090E0AAEF40
:10835000B4E48D8F9E8FAF8FB8A3B801CE01019684
:108360000E942C2984E08093ED1B0E949F140E94A0
:108370000C0510E8909109019095BB2081F1927055
:10838000911110E01093EF1B0E949F148091541BD9
:10839000847309F456C01091541B14FF03C086E087
:1083A0000E94C60315FF03C087E00E94C6038091A8
:1083B000551B8823B1F00E946F270E943522A99691
:1083C0000FB6F894DEBF0FBECDBFDF91CF911F91E6
:1083D0000F91FF90EF90DF90CF90BF900895917034
:1083E000CFCF84E00E94CC030E943A1C80912D1DC7
:1083F00090912E1D0E94111C1092E11B1092E21B05
:108400001092E31B1092E41B1092ED1B0E94352288
:108410008091EA1B8111D3CF0E9469120E94DC0B6C
:108420000E94CD11B110CBCF83E193E00E94C12F08
:1084300084E690E00E94111C82E293E00E94C12F2A
:10844000BECF111197CFD0CF2F923F924F925F9214
:108450006F927F928F929F92AF92BF92CF92DF9254
:10846000EF92FF920F931F93CF93DF93CDB7DEB7B9
:10847000C25AD1090FB6F894DEBF0FBECDBF7C0142
:108480002DB73EB7CF55DF4F39832883C15AD0402F
:1084900091E0C556DF4F9883CB59D0406E0133E948
:1084A000C30ED11C88E0D6011D928A95E9F7F70129
:1084B0008181873409F487C00CF05BC0823409F4F1
:1084C0005DC47CF5843209F47EC0813409F48FC028
:1084D00081112FC010E0812FCF55DF4FE881F98146
:1084E000C15AD0400FB6F894FEBF0FBEEDBFCE55B7
:1084F000DF4F0FB6F894DEBF0FBECDBFDF91CF9137
:108500001F910F91FF90EF90DF90CF90BF90AF90B1
:108510009F908F907F906F905F904F903F902F90A3
:108520000895853409F4A4C40CF0CFC5833409F44C
:108530004AC09091E91B923008F043C7893411F486
:108540000C944D4B0CF024C7833209F43CC788349B
:1085500009F49AC710E0AE014F5F5F4FBE01655648
:108560007F4FC7010E94E91081110C94094C12E061
:10857000B2CF833509F45FC3B4F48C3409F41FC55A
:10858000803509F433C38A34A1F68091E91B8F7DCD
:1085900009F017C782818D3309F064C0C7010E94BA
:1085A000C12F182F98CF863509F41DC334F48435B4
:1085B00009F0BFCF0E94A9098DCF873509F461C4A6
:1085C000883509F0B6CFF701928191114BC0833401
:1085D00009F4BFC60CF0F9C5843209F07BCF809155
:1085E000E91B887109F0EDC60E94F70973CF8281FB
:1085F00081112DC08FE695E00E94AD0880E99DE1D4
:108600000E94BB088DE695E00E94AD0880EA9DE1DE
:108610000E94BB088DE695E00E94AD0880EB9DE1CD
:108620000E94BB088DE695E00E94AD0880EC9DE1BC
:108630000E94BB088DE695E00E94AD0880ED9DE1AB
:108640000E94BB0888E695E00E94AD0843CF1381E5
:1086500011116CC2823541F0843509F418C281349D
:1086600009F453C213E037CF84E692E00E94C12F91
:1086700080E00E9496270E943F2380E00E947E2C8B
:108680001092040210920502109206021092070244
:108690001092080210E000E030E020E050E040E0FE
:1086A00070E060E090E080E00E94652624E032E027
:1086B000C156DF4F39832883CF59D04030E9E32EAC
:1086C0003DE1F32E40E65DE1C356DF4F5983488319
:1086D000CD59D040C456DF4F1882CC59D0405E01EE
:1086E00053E8A50EB11C6E0181E5C80ED11C4DECFE
:1086F000242E42E0342EDE0111964D018091E91BBB
:10870000813009F4E7CEF50120E111922A95E9F7CD
:108710006091E41D70E090E080E00E94FA5B9B01B4
:10872000AC01C356DF4FA881B981CD59D0406D91BE
:108730007D918D919C910E94505A2B013C0120E02B
:1087400030E042E553EC0E94465B87FD76C120E0B5
:1087500030E0A901C301B2010E94685D18160CF453
:1087600073C1A601C301B2010E94FA02DF92CF9247
:108770003F922F929F928F920E944F5FC4010E945E
:10878000C12F0E943F2361E0C5010E94A51D80E129
:10879000F501D70101900D928A95E1F7C456DF4F9C
:1087A000B881CC59D040BF5FC456DF4FB883CC5995
:1087B000D0400F900F900F900F900F900F90F701F7
:1087C00080818823B1F085E494E00E94AD08C4560E
:1087D000DF4F8881CC59D0400E947A0882E494E02F
:1087E0000E94AD08C7010E94BB088EE394E00E947E
:1087F000AD08D7018C9181116CC06091E41D70E0CF
:1088000090E080E00E94FA5B9B01AC01C356DF4F11
:10881000E881F981CD59D040608171818281938155
:108820000E94505A20E030E040E85FE30E94515A35
:108830002B013C0120E030E042E553EC0E94465B16
:1088400087FD06C120E030E0A901C301B2010E940A
:10885000685D18160CF403C1A601C301B2010E94A1
:10886000FA02DF92CF923F922F929F928F920E94B4
:108870004F5FC4010E94C12F0E943F2360E0C501E9
:108880000E94A51D80E1F501D70101900D928A9506
:10889000E1F70F900F900F900F900F900F90D7016E
:1088A0008C918823D1F087E394E00E94AD08C456F0
:1088B000DF4F8881CC59D0400E947A0884E394E04D
:1088C0000E94AD08C7010E94BB0880E394E00E94AB
:1088D000AD08F7018081811168C06091E41D70E0EE
:1088E00090E080E00E94FA5B9B01AC01C356DF4F31
:1088F000A881B981CD59D0406D917D918D919C9188
:108900000E94505A20E030E040E85FE30E94505A55
:108910002B013C0120E030E042E553EC0E94465B35
:1089200087FDA1C020E030E0A901C301B2010E948F
:10893000685D18160CF49EC0A601C301B2010E9426
:10894000FA02DF92CF923F922F929F928F920E94D3
:108950004F5FC4010E94C12F0E943F2360E0C50108
:108960000E94A51D80E1F501D70101900D928A9525
:10897000E1F789E294E00E94AD08C456DF4F888198
:10898000CC59D0400E947A0886E294E00E94AD085B
:10899000C7010E94BB0882E294E00E94AD080F90DC
:1089A0000F900F900F900F900F90F7018081811121
:1089B00065C0C156DF4FA881B981CF59D0401C9204
:1089C0000091080210E02091070230E04091060279
:1089D00050E06091050270E08091040290E00E94F6
:1089E0006526C156DF4F48815981CF59D0404F5F2E
:1089F0005F4FC156DF4F59834883CF59D04050E174
:108A0000E50EF11CC356DF4F88819981CD59D040C6
:108A10000496C356DF4F99838883CD59D040C456FE
:108A2000DF4F9881CC59D040953009F067CE81E076
:108A30000E947E2C0E94CA124DCD412C512C22E561
:108A4000622E23EC722E8DCE412C512C320189CE18
:108A5000412C512C92E5692E93EC792EFDCE412CC0
:108A6000512C3201F9CE412C512C82E5682E83EC39
:108A7000782E62CF412C512C32015ECF23E0C156BB
:108A8000DF4FE881F981CF59D040208399CFC09042
:108A90005A1BD0905B1BE0905C1BF0905D1B80919B
:108AA000FA1B9091FB1BA091FC1BB091FD1BA70131
:108AB0009601281B390B4A0B5B0BCA01B9012CE349
:108AC00030E040E050E00E94DF5E4901C092FA1BB6
:108AD000D092FB1BE092FC1BF092FD1BCA01B90176
:108AE000882799270E94FB078AE393E00E94D00B16
:108AF000C701B6010E94FB078AE393E00E94D00BF6
:108B0000B40181E00E94121FE5CC81E594E00E944F
:108B1000AD088FB186FB882780F90E947A088FE420
:108B200094E00E94AD088CE494E08ECD9481911184
:108B30005AC01053163008F095CD873471F1823544
:108B400009F090CD61E0C6010E94A51DE12FE15022
:108B5000FF0B7F0104E0EE0CFF1C0A95E1F7970183
:108B60002057324E790180E1F601D90101900D9232
:108B70008A95E1F78FE293E00E94D00B812F0E944B
:108B80007A0886E393E00E94D00BC7010E94BB08DD
:108B900089E393E00E94D00B4DCFA091531B412F4E
:108BA0004150550BFA01B4E0EE0FFF1FBA95E1F703
:108BB000E057F24E90E19A0F81E08A0F2091521B0C
:108BC000821308C0A093531B8091C10080628093E0
:108BD000C10080CC2191B0E0AE5AB54E2C93A82FA5
:108BE0008913EACFEFCF0E948F0B74CC40913C1DCC
:108BF00050913D1D60913E1D70913F1D23E081E22B
:108C00000E9489094091401D5091411D6091421D73
:108C10007091431D23E082E20E9489094091441D26
:108C20005091451D6091461D7091471D23E083E2E0
:108C30000E9489094FCC8381811166C08281813471
:108C400009F048CC80915A0290915B02A0915C029D
:108C5000B0915D0289839A83AB83BC830E94211308
:108C60007FE0972E5E01B5E0AB0EB11C8E010F5F69
:108C70001F4FF80181918F010E9412060A151B05F2
:108C8000C1F784E690E00E94111C0E94CF058A3A49
:108C9000B9F50E94CF05CDB6DEB6082F10E02DB78E
:108CA0003EB7201B310B0FB6F8943EBF0FBE2DBF51
:108CB0004DB75EB74F5F5F4F7A01682FCA010E94C0
:108CC000B9050E0D1F1DF80131978081853599F486
:108CD00083E694E00E94AD08D70112968C910E9421
:108CE0007A088FE594E00E94AD080FB6F894DEBED6
:108CF0000FBECDBEEFCB0FB6F894DEBE0FBECDBE1D
:108D00009A949110B3CFE6CB9481911110C0805307
:108D10009281923549F0943509F4B0C0903509F04C
:108D2000D9CB0E944741D6CB0E947E2CD3CB258144
:108D30002111D0CB2281213409F0CCCB26E0EEE505
:108D4000F2E0DE01119601900D922A95E1F7805331
:108D50009053FAE08F9F900D11249D838E010F5F39
:108D60001F4F7E0127E0E20EF11CD8018D918D018D
:108D70000E9412060E151F05C1F7ACCB838181112D
:108D8000A9CB8281813409F44FC0853409F0A2CB8C
:108D900082E00E942C2780E00E94D00484E692E0CA
:108DA0000E94C12F0E943F2381E00E94D00489EDE0
:108DB00092E00E94C12F88EE92E00E94C12F84E4CD
:108DC00093E00E94C12F86E593E00E94C12F86E6C2
:108DD00093E00E94C12F87E793E00E94C12F8AE8A9
:108DE00093E00E94C12F8DE993E00E94C12F8EEA8B
:108DF00093E00E94C12F8FEB93E00E94C12F82ED80
:108E000093E00E94C12F0E943F2380E00E94D00483
:108E10008091331D882319F080E00E941040109249
:108E2000FE1B0E94720C56CB9093FE1B83E00E94A7
:108E30002C2780915A1B90915B1BA0915C1BB091D9
:108E40005D1B8093FA1B9093FB1BA093FC1BB093BC
:108E5000FD1B81E00E94D0041092111C8091310111
:108E60008F76809331018DE393E00E94D00B32CB5B
:108E700081E00E9496270E94FE3D80E00E94962796
:108E800029CB8281811126CB81E00E94962783E73E
:108E900094E00E94AD0880E794E00E94AD0884E66B
:108EA00092E00E94C12F60915C1D70915D1D8091C8
:108EB0005E1D90915F1D4AE85CE10E94FA0260919C
:108EC000741D7091751D8091761D9091771D46E7F8
:108ED0005CE10E94FA0286E79CE19F938F938AE807
:108EE0009CE19F938F9380E792E09F938F9306E29C
:108EF0001CE11F930F930E944F5FC8010E94C12F76
:108F000060918C1D70918D1D80918E1D90918F1D93
:108F100042E15CE10E94FA0282E19CE19F938F931F
:108F20008FE792E09F938F931F930F930E944F5F61
:108F3000C8010E94C12F8BE892E00E94C12F8FE9E7
:108F400092E00E94C12F84EA92E00E94C12FEDB707
:108F5000FEB73E960FB6F894FEBF0FBEEDBF8091F0
:108F6000E91B813009F489CF6DEC7BE1CE010196DC
:108F70000E94740489859A85AB85BC858093381DD1
:108F80009093391DA0933A1DB0933B1D1092341D50
:108F90001092351D1092361D1092371D1092C91B6C
:108FA0001092CA1B1092CB1B1092CC1B0E94CA12AB
:108FB00084E692E00E94C12F0E943F235ECF22816F
:108FC000211179C09093101C0E943F2383EE93E0FF
:108FD0000E94C12F0E943F23F12CE12CFE0131960B
:108FE0005F0150EF652E53E0752E8E010F5A1F4F13
:108FF00061E0C62E64E0D62E4701FAE08F1A910890
:10900000B401092C000C880B990B0E94FA5B562EB8
:10901000372E282E492EB701FF0C880B990B0E9482
:10902000FA5BA5010E94FA02BF92AF927F926F9203
:109030001F930F930E944F5FC8010E94C12FBF92E0
:10904000AF92DF92CF921F930F930E944F5FC801A0
:109050000E94C12FA501652D732D822D942D0E9494
:10906000FA024F922F923F925F92DF92CF921F931C
:109070000F930E944F5FC8010E94C12F74012DB74A
:109080003EB72C5E3F4F0FB6F8943EBF0FBE2DBFCC
:109090003EE283163FEF930609F0AECF0E943F23D6
:1090A0001092101C10920B1C10920C1C10920D1C94
:1090B00010920E1C0FCA838181110CCA81E02033EB
:1090C00009F480E08093101CEDCF8481811102CAE5
:1090D00013811053E281E154EF3008F0C3CA0E2E21
:1090E000000CFF0B8827E858F74B8F4F0C94205F3C
:1090F00087488B488F48914895489B489F48AA4885
:10910000B448BC48C248C848D148CF48D348812F4A
:109110000E94DC04DFC981E00E94D004DBC982E048
:10912000FBCF812F0E94C404D5C9112311F0A59A49
:10913000D1C9A598D0C9812F0E94B804CBC91123E9
:1091400019F00E94B204C6C980910201877F809302
:109150000201C1C980910201112321F08062809334
:109160000201B8C98F7DF3CF80910201112311F064
:109170008064F5CF8F7BEBCF112311F0109AAAC931
:109180001098A9C9112311F08B9AA4C98B98A3C96F
:10919000112319F00E94B0049DC95F989CC9812FCA
:1091A0006DCE80E0B9CF81E0111101C080E08093E5
:1091B000111C80913101112321F0806980933101CC
:1091C00089C98F768093310186C98734D1F088357B
:1091D00009F080C98091E91B813009F07BC9809139
:1091E00006018AE595E00E94AD088AE395E00E94B9
:1091F000AD080E948A0B1092E91B82E00E942C2786
:1092000069C989E994E00E94AD0880915E1B8C38A1
:1092100038F085E994E00E94AD0880915E1B8A5881
:109220000E947A0886E894E00E94AD088091641B51
:109230008A5C0E947A0886E894E00E94AD088091DA
:10924000621B8F5E0E947A0886E894E00E94AD0857
:109250009091601B85E1891B0E947A0886E894E062
:109260000E94AD088091611B865A0E947A0886E8A8
:1092700094E00E94AD0890915F1B8EE5891B0E94CF
:109280007A088091651B882391F089E894E00E9418
:10929000AD088091651B833039F08E3111F082303A
:1092A00031F40E947A0803C080E30E942B0689E80B
:1092B00094E00E94AD088091671B803139F08032C4
:1092C00009F443C0811105C085E301C083E30E9416
:1092D0002B0689E894E00E94AD088091661B8823E4
:1092E000B1F187FF03C087E30E942B068091661BC4
:1092F00086FF03C088E30E942B0682E994E00E9467
:10930000AD088091331D0E947A088FE894E00E9496
:10931000AD0860916C1B70916D1B80916E1B9091DC
:109320006F1B0E94C6078CE894E00E94AD08609114
:10933000681B7091691B80916A1B90916B1B40E0C8
:109340000E941C070E948A0BC5C884E3C0CF89E332
:10935000D2CF1091E91B123059F40E946F278AE591
:1093600095E00E94AD0889E295E00E94AD08EACF41
:10937000111127C082E08093E91B8AE595E00E94E5
:10938000AD0882E395E00E94AD080E948A0BA3C855
:10939000823509F4E4C1833509F46BC18E3409F0D8
:1093A000D9C882E0C556DF4F8883CB59D040F7013A
:1093B000828110E0882309F40EC211E0992309F498
:1093C000CAC818E088C8D70112968C9181114AC981
:1093D00000E0BE016F5F7F4F802F0E94AE23182FE9
:1093E000811104C087E00E94720975C888EB94E07F
:1093F0000E94AD08063041F0073009F442C086E310
:10940000800F0E947A0804C085EB94E00E94AD08AA
:109410008AE30E942B06CE0101960E94E2070E9479
:109420008A0B0F5F0830A9F68CEA94E00E94AD0821
:109430008DEA9BE10E94E2070E948A0B86EA94E093
:109440000E94AD086091C91B7091CA1B8091CB1B13
:109450009091CC1B0E94D4070E948A0B8FE994E064
:109460000E94AD086091381D7091391D80913A1DA0
:1094700090913B1D0E94D4070E948A0B0E94990B79
:1094800029C882EB94E0C2CF8091231D15E084FDB2
:1094900002C00C946B428091060184E08093E91B2A
:1094A0000E94720CF7018281811123C081E00E9429
:1094B000474180E00E94542F81E00E947E2C80E092
:1094C0000E94962781E080930A1C1091EA1B1111DB
:1094D0000C946A421092E91B0E941B1CD701129641
:1094E0008C9181110C946A42C7010E9411410C9425
:1094F0006B4293819111B6C8883509F48FC00CF086
:1095000086C0813409F0AEC80E94C2110E943F2378
:109510008091EA1B8111D9CF8E010F5A1F4F8DE028
:10952000F80111928A95E9F786E0D8011C968C9390
:1095300020E030E040E450EC6091FE1C7091FF1C94
:109540008091001D9091011D0E94A85D2B013C019E
:1095500020E030E0A9010E94465B87FF03C0412C58
:10956000512C32018090291D90902A1DA0902B1D16
:10957000B0902C1D6DEC7BE1CE0101960E9474042D
:109580001092D91B1092DA1B1092DB1B1092DC1B7D
:1095900077FA709477F870944D865E866F86788A35
:1095A00080E28093EF1BF80180829182A282B382D5
:1095B000B801CE0101960E942C2984E08093ED1B16
:1095C0000E949F140E940C0510E28091060182FF08
:1095D00010E01093EF1B0E949F148091541B847322
:1095E00009F444C01091541B14FF03C086E00E948C
:1095F000C60315FF03C087E00E94C6038091551B78
:10960000882391F00E946F270E9435225ECF893512
:1096100049F08A3509F026C884E001C081E00E9443
:10962000542F53CF82E0FBCF84E00E94CC030E94F2
:109630003A1C80912D1D90912E1D0E94111C10929C
:10964000D91B1092DA1B1092DB1B1092DC1B1092BC
:10965000ED1B0E9435228091EA1B811136CF0E94BA
:1096600069120E94DC0B0E94CD112FCF1111ADCFDA
:10967000DECFF70182818C3411F00C943243838168
:10968000803511F00C943243848181110C94324363
:1096900080E80E94D6030C946A4282E0C556DF4FF0
:1096A0008883CB59D040D70112968C9181112FC05D
:1096B00040E051E06EEA73E0C7010E94DF12892B9F
:1096C00049F4F701108240E051E0B7018EEA93E0DF
:1096D0000E948F1281EC94E00E94AD08C7010E94A5
:1096E000D00B0E948A0B8BEB94E00E94AD0886E5BC
:1096F0000E942B068EE40E942B068DE40E942B060E
:109700008AE50E942B0688E40E942B061BCE93E07C
:10971000C556DF4F9883CB59D0408D3311F00C9450
:109720003243C556DF4F8881CB59D040F701E80F4F
:10973000F11D9081DF0113979C938F5FC556DF4F1A
:109740008883CB59D04080818111EBCF40E051E03C
:10975000B7018EEA93E00E948F120C946A42D701FF
:1097600012968C911297833511F00C943243139614
:109770008C911397843511F00C94324314968C918C
:1097800014978D3311F00C94324316968C911697E2
:1097900081110C94324315968C91843241F08A32B7
:1097A000B9F0833211F00C94324382E001C081E0C1
:1097B0000E94CF238AE595E00E94AD0880EF94E0F7
:1097C0000E94AD080E948A0B0E946F270C946A4287
:1097D0008FEFEECF11E0B701812F0E94732381112B
:1097E00008C087E00E947209113011F40C946A429B
:1097F000F1CF85E695E00E94AD08812F0E947A089E
:109800008DE30E942B06C7010E94D00B0E946E09B7
:10981000EBCFC556DF4FE881CB59D04041E04E0F2A
:10982000C556DF4F4883CB59D040EE0DFF2DF11DBB
:1098300080818D3311F00C943243112309F444C01C
:1098400050E0C556DF4F2881CB59D040822F90E0A1
:10985000D701A80FB91F3C91841B950BF701E80FA6
:10986000F91F30832F5FC556DF4F2883CB59D04077
:109870009C919111E6CF1EE0213510F00C946B42C3
:10988000C7010E94C12F182F81110C946B4269816E
:109890007A818B819C810E948B5E4B015C010E94CE
:1098A0003F23C501B4010E94C95B21E031E0629F02
:1098B000C001639F900D112440E051E0B7019D5F0E
:1098C0000E948F120C946B426FE074E0C7010E94FB
:1098D000255A7C0143E0D42EE114F10421F40E94C6
:1098E000CA120C946B42C556DF4F1882CB59D04038
:1098F000AE014F5F5F4FBE0165567F4FC7010E94AB
:10990000E910C556DF4F8881CB59D0408F5FC556CF
:10991000DF4F8883CB59D040AE014F5A5F4FBE0115
:1099200065567F4FC7010E94E910882311F40C94FB
:10993000B74265968CAC9DACAEACBFAC6597698107
:109940007A818B819C810E94C95B062F88E3800FFE
:109950008A3070F5093C91F00A3C09F1083C31F479
:10996000C501B4010E94C95B6093331D6FE074E0D0
:1099700090E080E00E94255A7C01AECF8092341D99
:109980009092351DA092361DB092371D8092C91B52
:109990009092CA1BA092CB1BB092CC1BE7CF8092B7
:1099A000381D9092391DA0923A1DB0923B1DDECF1A
:1099B000023D10F18EE2800F6D2D0E94BD5E292FB9
:1099C000F4E08F9FC0011124213059F0223089F03A
:1099D000885B924EDC018D929D92AD92BC92139762
:1099E000C5CF805A924EFC0180829182A282B382BE
:1099F000BDCF8858924EEECF043608F43FC00456CF
:109A000020E0073090F5802F90E0880F991F880F95
:109A1000991FFC01223051F0233001F1213019F05F
:109A2000E256F34EE1CFE654F34EDECFEA52F34E68
:109A30007F0120E030E040E752E4C501B4010E941C
:109A4000A85D20E030E040E752E40E94A85DD70125
:109A50006D937D938D939C93139788CFEE50F34E27
:109A6000B7FAB094B7F8B094BFCF2F5F0A3008F4BC
:109A70007DCF243009F47ACF0A50C3CFC501B40199
:109A80000E948B5E0E94C95B063208F06FCFE02F08
:109A9000F0E08827E15BF24B8F4F0C94205F754D0F
:109AA0007B4D7E4D834D864D904D984DB64CB64CBA
:109AB000B64CA54DA84DB14DBA4DB64CB64CB64CB2
:109AC000B64CB64CB64CC64DD04DDC4DE44DE74DD2
:109AD000F04DF94DFF4DB64CB64C084E134E1C4E92
:109AE000244E2D4E364E3F4E484E633008F43ECF46
:109AF00060930E1D3BCF6093111D38CF60930F1DF7
:109B00000E94660533CF6093101DFACF8091231D0C
:109B1000662321F084608093231D28CF8B7FFBCFA9
:109B20008091231D662311F08064F5CF8F7BF3CFE6
:109B30008091231D662339F080688093231D80E087
:109B40000E94440613CF8F77F8CF6093121D0ECF7B
:109B50008092131D9092141DA092151DB092161D97
:109B600005CF8092171D9092181DA092191DB092DA
:109B70001A1DFCCE8091231D662331F081608093F5
:109B8000231D0E945023F2CE8E7FF9CF8091231D9A
:109B9000662321F084FFEACE8062BDCF8F7DBBCFEC
:109BA0008091231D662331F088608093231D0E94DD
:109BB000CD11DCCE877FF9CF8091231D662311F074
:109BC0008061A9CF8F7CA7CF6093241DCFCE8092D8
:109BD000251D9092261DA092271DB092281DC6CE4D
:109BE0008092291D90922A1DA0922B1DB0922C1DAF
:109BF000BDCE70E070932E1D60932D1DB7CE809268
:109C00002F1D9092301DA092311DB092321DAECE0C
:109C100080921B1D90921C1DA0921D1DB0921E1DB6
:109C20000E94701DA3CE80921F1D9092201DA092B5
:109C3000211DB092221DF4CF8091231D662311F0C7
:109C4000826069CF8D7F67CF80923C1D90923D1DD1
:109C5000A0923E1DB0923F1D89CE8092401D9092F1
:109C6000411DA092421DB092431D80CE8092441DA2
:109C70009092451DA092461DB092471D77CE8092CE
:109C8000E01D9092E11DA092E21DB092E31D6ECE08
:109C9000C501B4010E94C95B6093E41D67CE1F92A9
:109CA0000F920FB60F9211240BB60F922F933F9382
:109CB0004F935F936F937F938F939F93AF93BF93D4
:109CC000EF93FF93809106018A789091511A98172B
:109CD00049F08093511A909103029093501A91E0A9
:109CE00090934F1A9091501A91110CC09091E91BCA
:109CF000913041F090914F1A992321F010924F1A10
:109D00000E940B29FF91EF91BF91AF919F918F918D
:109D10007F916F915F914F913F912F910F900BBE6B
:109D20000F900FBE0F901F9018951F920F920FB6B5
:109D30000F9211248F939F9392B18091740E8E7F16
:109D40009170892B82B915BC9F918F910F900FBE96
:109D50000F901F9018951F920F920FB60F9211241B
:109D60000BB60F920F931F932F933F934F935F93D5
:109D70006F937F938F939F93AF93BF93EF93FF93D3
:109D80008091760E811173C398B18091960E8E7F6B
:109D90009170892B88B982B181709091950E892B31
:109DA00082B98091940E86BD82E085BD81E080936A
:109DB000760E78948091B80E9091B90E892B09F0A7
:109DC000F8C0809195189091E718981709F43FC34F
:109DD0008091951898E0899FD0011124FD01E956E2
:109DE000F74EF093B90EE093B80E22813381309391
:109DF000890020938800208131813093B40E209314
:109E0000B30EE4812091B50E2E17A1F1E093B50EAB
:109E100082E2E89FF0011124E651F74EF093B70E6D
:109E2000E093B60E448D558D668D778D769567954A
:109E30005795479540937F0E5093800E6093810E07
:109E40007093820E40937B0E50937C0E60937D0E38
:109E500070937E0E4093770E5093780E6093790E38
:109E600070937A0E4093830E5093840E6093850E08
:109E70007093860EE091B60EF091B70E20A130914E
:109E8000750E23272093960EA956B74E15969C91D2
:109E900015974081518162817381092E04C07695A6
:109EA0006795579547950A94D2F74093970E50932C
:109EB000980E6093990E70939A0E44815581668135
:109EC0007781092E04C076956795579547950A9432
:109ED000D2F740939B0E50939C0E60939D0E70930F
:109EE0009E0E4085518562857385092E04C0769546
:109EF0006795579547950A94D2F740939F0E5093D4
:109F0000A00E6093A10E7093A20E448555856685C0
:109F10007785092E04C076956795579547950A94DD
:109F2000D2F74093A30E5093A40E6093A50E7093A6
:109F3000A60E4089518962897389092E04C07695DD
:109F40006795579547950A94D2F74093A70E50937B
:109F5000A80E6093A90E7093AA0E4489558966894C
:109F60007789092E04C076956795579547950A9489
:109F7000D2F74093AB0E5093AC0E6093AD0E70933E
:109F8000AE0E408D518D628D738D04C076956795B0
:109F9000579547959A95D2F74093AF0E5093B00ED0
:109FA0006093B10E7093B20E16968D919C910E94A3
:109FB0001E058091730E8130B9F4809109018C7077
:109FC0009091560E891781F01092730E8CE1EDEC92
:109FD000FBE1A7E5BEE001900D928A95E1F7809143
:109FE000541B80648093541B1092950E4091770E01
:109FF0005091780E6091790E70917A0E8091970E43
:10A000009091980EA091990EB0919A0E480F591FF9
:10A010006A1F7B1F4093770E5093780E6093790EE2
:10A0200070937A0EE091B60EF091B70E848D958DF7
:10A03000A68DB78D84179507A607B70730F524E0DE
:10A040002093950E481B590B6A0B7B0B4093770EA0
:10A050005093780E6093790E70937A0E4091CD1BD9
:10A060005091CE1B6091CF1B7091D01B20A127FF78
:10A0700013C241505109610971094093CD1B50939E
:10A08000CE1B6093CF1B7093D01B40917B0E5091E1
:10A090007C0E60917D0E70917E0E00919B0E109152
:10A0A0009C0E20919D0E30919E0E400F511F621FFD
:10A0B000731F40937B0E50937C0E60937D0E7093C4
:10A0C0007E0E84179507A607B70740F52091950ED9
:10A0D00028602093950E481B590B6A0B7B0B40930D
:10A0E0007B0E50937C0E60937D0E70937E0E40919C
:10A0F000D11B5091D21B6091D31B7091D41B20A116
:10A1000026FFCFC141505109610971094093D11B0C
:10A110005093D21B6093D31B7093D41B40917F0E3E
:10A120005091800E6091810E7091820E00919F0E71
:10A130001091A00E2091A10E3091A20E400F511F40
:10A14000621F731F40937F0E5093800E6093810EA9
:10A150007093820E84179507A607B70740F52091E4
:10A16000950E20612093950E481B590B6A0B7B0BB3
:10A1700040937F0E5093800E6093810E7093820EF9
:10A180004091D51B5091D61B6091D71B7091D81B65
:10A1900020A125FF8BC141505109610971094093EC
:10A1A000D51B5093D61B6093D71B7093D81B40913F
:10A1B000830E5091840E6091850E7091860E0091F1
:10A1C000A30E1091A40E2091A50E3091A60E400F63
:10A1D000511F621F731F4093830E5093840E609330
:10A1E000850E7093860E84179507A607B70740F56E
:10A1F0002091950E20622093950E481B590B6A0BF7
:10A200007B0B4093830E5093840E6093850E709366
:10A21000860E4091D91B5091DA1B6091DB1B709127
:10A22000DC1B20A124FF47C141505109610971097C
:10A230004093D91B5093DA1B6093DB1B7093DC1B9C
:10A240004091870E5091880E6091890E70918A0E10
:10A250000091A70E1091A80E2091A90E3091AA0E80
:10A26000400F511F621F731F4093870E5093880E3B
:10A270006093890E70938A0E84179507A607B70717
:10A2800040F52091950E20642093950E481B590BA4
:10A290006A0B7B0B4093870E5093880E6093890E58
:10A2A00070938A0E4091DD1B5091DE1B6091DF1B85
:10A2B0007091E01B20A123FF03C1415051096109A6
:10A2C00071094093DD1B5093DE1B6093DF1B70937D
:10A2D000E01B40918B0E50918C0E60918D0E709111
:10A2E0008E0E0091AB0E1091AC0E2091AD0E309100
:10A2F000AE0E400F511F621F731F40938B0E509381
:10A300008C0E60938D0E70938E0E84179507A607A2
:10A31000B70740F52091950E20682093950E481BB5
:10A32000590B6A0B7B0B40938B0E50938C0E6093F2
:10A330008D0E70938E0E4091E11B5091E21B609147
:10A34000E31B7091E41B20A122FFBFC041505109C3
:10A35000610971094093E11B5093E21B6093E31B79
:10A360007093E41B40918F0E5091900E6091910E6E
:10A370007091920E0091AF0E1091B00E2091B10E1F
:10A380003091B20E400F511F621F731F40938F0E0A
:10A390005093900E6093910E7093920E84179507D0
:10A3A000A607B70738F52091950E22602093950EE9
:10A3B000481B590B6A0B7B0B40938F0E5093900EEA
:10A3C0006093910E7093920E8091E51B9091E61B25
:10A3D000A091E71BB091E81B20A121FF7BC0019752
:10A3E000A109B1098093E51B9093E61BA093E71B9D
:10A3F000B093E81B8091E91B843039F48091EF1B06
:10A400009091950E89238093950E8091B30E909133
:10A41000B40E01979093B40E8093B30E892B69F418
:10A420001092B90E1092B80E809195188F5F80939C
:10A4300095188A3011F4109295188091950E90918C
:10A44000740E89278093950E1092760E10C00E948C
:10A450001B1CE091B60EF091B70E81A1882321F06C
:10A4600090E080E00E941E0584E00E94D603FF91E8
:10A47000EF91BF91AF919F918F917F916F915F917C
:10A480004F913F912F911F910F910F900BBE0F9005
:10A490000FBE0F901F9018954F5F5F4F6F4F7F4F0C
:10A4A000ECCD4F5F5F4F6F4F7F4F30CE4F5F5F4FB1
:10A4B0006F4F7F4F74CE4F5F5F4F6F4F7F4FB8CE60
:10A4C0004F5F5F4F6F4F7F4FFCCE4F5F5F4F6F4FC0
:10A4D0007F4F40CF0196A11DB11D84CF1F920F92D7
:10A4E0000FB60F9211248F938091510E8F5F80933E
:10A4F000510E8F910F900FBE0F901F9018951F92C5
:10A500000F920FB60F9211240BB60F928F939F9359
:10A51000EF93FF9380914E0DE82FF0E0E25BF34F55
:10A520009081909336018F5F80934E0D90914D0CEA
:10A53000981305C0809131018F7D80933101FF9187
:10A54000EF919F918F910F900BBE0F900FBE0F90C8
:10A550001F9018951F920F920FB60F9211240BB6F1
:10A560000F922F938F939F93EF93FF9390913601C8
:10A57000E0914C0C81E08E0F20914B0C281731F0AC
:10A58000F0E0E55BF44F908380934C0CFF91EF91EA
:10A590009F918F912F910F900BBE0F900FBE0F9038
:10A5A0001F9018951F920F920FB60F9211240BB6A1
:10A5B0000F928F939F93EF93FF9380914A0BE82F15
:10A5C000F0E0E65BF54F90819093D6008F5F80932B
:10A5D0004A0B9091490A981305C08091D1008F7D54
:10A5E0008093D100FF91EF919F918F910F900BBEBF
:10A5F0000F900FBE0F901F9018951F920F920FB6DD
:10A600000F9211240BB60F922F938F939F93EF937A
:10A61000FF939091D600E091591B81E08E0F20911D
:10A62000581B281731F0F0E0E75BF64F90838093DA
:10A63000591BFF91EF919F918F912F910F900BBE1E
:10A640000F900FBE0F901F9018951F920F920FB68C
:10A650000F9211240BB60F928F939F93EF93FF935A
:10A6600080914809E82FF0E0E85BF74F90819093E4
:10A67000CE008F5F8093480990914708981305C0DA
:10A680008091C9008F7D8093C900FF91EF919F91C8
:10A690008F910F900BBE0F900FBE0F901F901895CB
:10A6A0001F920F920FB60F9211240BB60F922F9399
:10A6B0008F939F93EF93FF939091CE00E091500E74
:10A6C00081E08E0F20914F0E281731F0F0E0E15B12
:10A6D000F24F90838093500EFF91EF919F918F9155
:10A6E0002F910F900BBE0F900FBE0F901F901895DB
:10A6F0001F920F920FB60F9211240BB60F922F9349
:10A700003F934F935F936F937F938F939F93AF93F9
:10A71000BF93EF93FF93E091C600E13209F468C064
:10A7200008F046C0E83109F44CC0E7FFD3C0E55853
:10A73000E63308F048C0F0E08827EE55FC4A8F4F1A
:10A740000C94205FFA53E353E353E353E353E3538F
:10A75000E353E353E353E353E353005404540654E5
:10A7600008540A540C540E541054E3531254165403
:10A7700018541A541C541E54E35320542254245485
:10A7800028542A542E543054325434543A543854A1
:10A790003C543E5440544354E35349544D54515453
:10A7A000555459545B545D54605462546654685413
:10A7B000EF33E1F082E0EE3709F0B7CF0E94D60325
:10A7C00002C00E946F27FF91EF91BF91AF919F91BF
:10A7D0008F917F916F915F914F913F912F910F904A
:10A7E0000BBE0F900FBE0F901F90189581E0E6CF23
:10A7F00088E0E4CF8091E91B85FFE5CF80E4DECFE0
:10A8000081E00E94BD03DFCF82E0FBCF84E0F9CF7F
:10A8100088E0F7CF80E1F5CF80E2F3CF80E4F1CF9D
:10A8200080E8EFCF81E00E94B403CDCF82E0FBCF80
:10A8300084E0F9CF88E0F7CF80E1F5CF80E2F3CF75
:10A8400080E4F1CF80E8EFCF81E00E94DC04BBCF51
:10A8500080E0FBCF81E00E94B804B5CF80E0FBCF61
:10A860008B9AB1CF8B98AFCF81E00E94D004ABCF51
:10A8700082E0FBCF80E0F9CFA59AA5CFA598A3CF22
:10A880000E94B204A0CF80910201877F80930201D1
:10A890009ACF809102018062F9CF809102018F7D71
:10A8A000F5CF809102018064F1CF809102018F7B0E
:10A8B000EDCF109A88CF109886CF0E94B00483CF36
:10A8C0005F9881CF81E00E9449137DCF82E0FBCF6A
:10A8D00080E0F9CFA091460881E08A0F9091450869
:10A8E000981709F470CFB0E0AB5BB84FEC9380934E
:10A8F000460869CF1F920F920FB60F9211240BB624
:10A900000F928F939F93EF93FF938091521BE82FA9
:10A91000F0E0EE5AF54E90819093C6008F5F8093E1
:10A92000521B9091531B981305C08091C1008F7DDD
:10A930008093C100FF91EF919F918F910F900BBE7B
:10A940000F900FBE0F901F9018951F920F920FB689
:10A950000F9211240BB60F92CF92DF92EF92FF92DB
:10A960000F931F932F933F934F935F936F937F9317
:10A970008F939F93AF93BF93EF93FF93CF93DF9307
:10A98000CDB7DEB72897DEBFCDBF809160008F7B4B
:10A99000809360008091E91B813059F18091551BB3
:10A9A000811127C013B18091231D86FF43C01E77FC
:10A9B00001F10E946F27CE0101967C010896F701F4
:10A9C000212F217021931695E817F907C9F78F01F8
:10A9D000F80182918F01805D0E942B06E016F1063E
:10A9E000B9F70FB6F894DEBF0FBECDBF81E00E946D
:10A9F000C60328960FB6F894DEBF0FBECDBFDF9119
:10AA0000CF91FF91EF91BF91AF919F918F917F91E6
:10AA10006F915F914F913F912F911F910F91FF90F7
:10AA2000EF90DF90CF900F900BBE0F900FBE0F9066
:10AA30001F9018951095BBCF1F920F920FB60F92D3
:10AA400011248F938091600086FD05C08091600085
:10AA50008064809360008F910F900FBE0F901F90C5
:10AA600018951F920F920FB60F9211240BB60F92EA
:10AA70002F933F934F935F936F937F938F939F9306
:10AA8000AF93BF93EF93FF938091FE1B882309F44C
:10AA900060C080917B0490917C04A0917D04B09172
:10AAA0007E0480369A4EA105B10550F010927B04C9
:10AAB00010927C0410927D0410927E0480E022C0EB
:10AAC00080917B0490917C04A0917D04B0917E04E0
:10AAD0000196A11DB11D80937B0490937C04A093EB
:10AAE0007D04B0937E0480917B0490917C04A091BE
:10AAF0007D04B0917E04803F924DA105B10509F01F
:10AB000065C081E00E94C4048091051C882309F17E
:10AB100040917704509178046091790470917A049F
:10AB2000403355476105710508F097C0809177045F
:10AB300090917804A0917904B0917A040196A11DB6
:10AB4000B11D8093770490937804A0937904B09317
:10AB50007A0480914F1A8823A9F08091501A81506D
:10AB60008093501A8091501A81110CC08091060177
:10AB700080958A780E940B2910924F1A80910302C7
:10AB80008093501A8091101C882309F482C0809110
:10AB900076048F5F809376048A3008F470C0109238
:10ABA00076040E94702FFF91EF91BF91AF919F911A
:10ABB0008F917F916F915F914F913F912F910F9066
:10ABC0000BBE0F900FBE0F901F90189580917B04C5
:10ABD00090917C04A0917D04B0917E048C31944DC1
:10ABE000A105B10509F46ACF80917B0490917C04A2
:10ABF000A0917D04B0917E04883F994DA105B105D7
:10AC000009F47FCF80917B0490917C04A0917D0416
:10AC1000B0917E0484329B4DA105B10509F44ECF5D
:10AC200080917B0490917C04A0917D04B0917E047E
:10AC30008115914EA105B10509F463CF80917B0484
:10AC400090917C04A0917D04B0917E048C32924E50
:10AC5000A105B10509F058CF31CF813061F482E010
:10AC60000E94D00410927704109278041092790414
:10AC700010927A046ECF8230A9F781E0F1CF8091F3
:10AC80007504109275048F3F09F48DCF0E9426122F
:10AC90008ACF8091730490917404C29788F4809154
:10ACA00073049091740401969093740480937304D8
:10ACB000809172048F5F843688F48093720473CF1E
:10ACC000109274041092730489B1869581708093F8
:10ACD000061C89B181708093071CEACF1092720420
:10ACE00080915A1B90915B1BA0915C1BB0915D1BE6
:10ACF0000196A11DB11D80935A1B90935B1BA093DD
:10AD00005C1BB0935D1B4FCFCF93DF93CDB7DEB706
:10AD1000C957D1090FB6F894DEBF0FBECDBF9A9ABE
:10AD2000819A829A879A9D9A6B9A80910101886094
:10AD300080930101809101018062809301018091E3
:10AD40000101806480930101089A839A579A0E94B6
:10AD50007413F89410922001109221011092250191
:10AD60001092240183EC99E09093290180932801AB
:10AD7000809121018860809321018091210183606D
:10AD80008093210180917300826080937300789496
:10AD90005198599A5098589A84988C9880917E002E
:10ADA000806180937E0010927C0080917C008064A2
:10ADB00080937C0080917C00846080937C008091F3
:10ADC0007A00876080937A0080917A00806880930F
:10ADD0007A0010927F0410928004109281041092E5
:10ADE00082041092830410928404109285041092BD
:10ADF000860410928804109287041092890410929D
:10AE00008A0410928B0410928C0410928D0410927C
:10AE10008E0410928F04109290041092910410925C
:10AE20009204109293048091C00082608093C000CD
:10AE30001092C50090E19093C4008091C100886990
:10AE40008093C1008091C80082608093C8001092F6
:10AE5000CD0082E28093CC008091C9008869809304
:10AE6000C9008091D0008D7F8093D0001092D500D2
:10AE700087E68093D4008091D10088698093D100C7
:10AE8000809130018260809330011092350190935F
:10AE900034018091310188698093310180913101C1
:10AEA0008F768093310190E080E00E94D7128A3043
:10AEB00009F47FC187E00E9472098FEF0E94CF23BF
:10AEC0000E94F70981B18E6F81B987B18E6F87B902
:10AED000809181008F7E80938100809181008860C5
:10AEE00080938100809180008C7F8093800080918E
:10AEF00080008F708093800080916E00887F8093A7
:10AF00006E0014BC15BC80916E00816080936E0051
:10AF100080910701857780930701809108018577EB
:10AF20008093080180916D008A6880936D00809104
:10AF30006800846080936800789481E08093E91BC6
:10AF400044E6C42E8091E91BA9EEBBE1E9E21D9223
:10AF5000EA95E9F78093E91BC092F01BC092F11BC0
:10AF6000C092F21B80915A1B90915B1BA0915C1BBD
:10AF7000B0915D1B8093FA1B9093FB1BA093FC1B6D
:10AF8000B093FD1B1092730E1092541B1092551B20
:10AF90001092561B1092571B8091460880934508CB
:10AFA000AEE5BBE1EBE61D92EA95E9F78091341D31
:10AFB0009091351DA091361DB091371D8093C91B0E
:10AFC0009093CA1BA093CB1BB093CC1B61E97BE190
:10AFD00080E00E94AE23811103C087E00E947209C5
:10AFE0000E94701D0E94CD1180910A018C7F809378
:10AFF0000A0180910B01836080930B0185988D9AE3
:10B0000086988E9A80910A018F7C80930A018091A4
:10B010000B01806380930B0180910A01837F8093F1
:10B020000A0180910B018C6080930B0180E00E94EB
:10B0300044060E9474130E9438130E943A1C6C9AB2
:10B04000749A80910A01806880930A0180910A01B4
:10B05000806480930A01999A989A0E94B00401E052
:10B0600010E021E030E041E050E061E070E081E09C
:10B0700090E00E94652681E00E942C270E94DC0B54
:10B080000E9469128091231D83FF11C00E94A211AA
:10B09000882369F081E08093E91B8AE595E00E94AE
:10B0A000AD0881E195E00E94AD080E948A0B809175
:10B0B000E91B817809F489C08AE595E00E94AD0812
:10B0C0008CE495E00E94AD080E948A0B81E0809399
:10B0D000E91B00E0E12C10E0F12C909145088091F3
:10B0E00046089813B8C08091111C5301420188236F
:10B0F00009F454C090914B0C80914C0C981304C1EE
:10B1000080905A1B90905B1BA0905C1BB0905D1BC5
:10B11000481459046A047B0409F440C08CE1EDEC46
:10B12000FBE1DE01AB5ABF4F01900D928A95E1F72A
:10B13000BE016B5A7F4FCE01C9960E947404BE01B6
:10B140006B5A7F4FCE014D960E9474048CE30E948F
:10B15000E0058091121DF82FF170E696FFAFE6979B
:10B1600080FFFCC08091F51B882309F4F7C086EDB1
:10B1700092E00E949F08CE01C9960E94F7068FECCC
:10B1800092E00E949F08CE014D960E94F7068EE342
:10B190000E94E0058CEC92E00E949F080E94200F24
:10B1A0000E9435228091EA1B8111CCCE2401350109
:10B1B00094CF47E451E061E070E08EE99CE10E94A9
:10B1C000DF12892B09F07ECE75CE1092E91B80919B
:10B1D000060184E995E00E9411417BCF843229F475
:10B1E00084E995E00E94244257C08091E91B817256
:10B1F00021F089E00E9472096ECF84E995E00E94F7
:10B20000C12F4AC0FF2031F0893209F066CFE8949F
:10B21000F1F863CF813208F460CF8F3209F45DCF4B
:10B22000883281F08B3389F01F3F91F0E12FF0E0FD
:10B23000EC56FA4F1F5F9FE9980F9A3108F480523D
:10B2400080834BCF32E0F32E48CF24E0F22E45CF5F
:10B25000FF24F39442CFE92FF0E0EB5BF84F8081BD
:10B260009F5F909345088F3F09F43DCF8A3011F0DE
:10B270008D3041F60E9435228091EA1B811162CE09
:10B28000E12FF0E0EC56FA4F10828BE0F0FCB2CFE9
:10B29000809194058111A2CF0E947E091CCF8091DC
:10B2A000E91B817209F057C084E994E00E94C12F24
:10B2B00052C0EE2031F0893209F01CCFE894E1F859
:10B2C00019CF982F9B7F9B3209F414CF813208F459
:10B2D00011CF883281F08B3389F00F3F91F0E02F4E
:10B2E000F0E0EC56FB4F0F5F9FE9980F9A3108F49E
:10B2F00080528083FFCE92E0E92EFCCE84E0E82EDF
:10B30000F9CEEE24E394F6CEE92FF0E0E55BF44FBE
:10B3100080819F5F90934B0C8F3F09F4F1CE8A3070
:10B3200011F08D3031F60E9435228091EA1B811197
:10B3300009CEE02FF0E0EC56FB4F1082E0FC0BC092
:10B3400080919404882339F0843209F0A8CF84E9ED
:10B3500094E00E94244200E0E12CCCCE8091C91BF5
:10B360009091CA1BA091CB1BB091CC1BEA968CAFDD
:10B370009DAFAEAFBFAFEA97A1E9BBE1E596BFAF26
:10B38000AEAFE597FE013196E396FFAFEEAFE397E0
:10B39000CE014D961C01DD24D394E596AEADBFAD34
:10B3A000E5976D917D918D919D91E596BFAFAEAF83
:10B3B000E59758962D913D914D915C915B970E9438
:10B3C000515AE396EEADFFADE3976193719381938C
:10B3D0009193E396FFAFEEAFE397F3E0DF122FC058
:10B3E000EA962CAD3DAD4EAD5FADEA970E94515A45
:10B3F00069877A878B879C87E6962FADE697211120
:10B4000019C0E396EEADFFADE3973497208131810B
:10B4100042815381D1016D917D918D919C910E94CA
:10B42000505AF101608371838283938327E0D2169F
:10B4300009F49DCED39494E0290E311CAECFE6964C
:10B44000FFADE697FF23E9F2F1CF45EE5DE10C9405
:10B45000295AFA01A191B081009719F41097E1F0EF
:10B46000CD01DC01CD010D90002011F4C00113C00D
:10B47000FB012191222319F02015D9F7F3CFFB010D
:10B480002191201519F41E92119606C02223C1F7AE
:10B490000D900020A1F7D001FA01A193B083089587
:10B4A0005058BB27AA270E94685A0C94025D0E943C
:10B4B000C95C38F00E94D05C20F039F49F3F19F449
:10B4C00026F40C949F5C0EF4E095E7FB0C94705C02
:10B4D000E92F0E94275D58F3BA17620773078407A4
:10B4E000950720F079F4A6F50C94615D0EF4E095D3
:10B4F0000B2EBA2FA02D0B01B90190010C01CA012E
:10B50000A0011124FF27591B99F0593F50F4503ED8
:10B5100068F11A16F040A22F232F342F4427585FCA
:10B52000F3CF469537952795A795F0405395C9F7E2
:10B530007EF41F16BA0B620B730B840BBAF091509A
:10B54000A1F0FF0FBB1F661F771F881FC2F70EC039
:10B55000BA0F621F731F841F48F48795779567950C
:10B56000B795F7959E3F08F0B0CF9395880F08F0F8
:10B570009927EE0F9795879508950E94C95C60F012
:10B5800080E891E009F49EEF0E94D05C28F040E84A
:10B5900051E071F45EEF0CC00C949F5C0C94615D03
:10B5A000E92FE0780E94275D40F3092E052AB1F3C8
:10B5B000261737074807590738F00E2E07F8E025F9
:10B5C00069F0E025E0640AC0EF6307F8009407FA29
:10B5D000DB01B9019D01DC01CA01AD01EF930E94BD
:10B5E000675B0E94025D0E94005B5F91552339F00A
:10B5F0002BED3FE049E450FD49EC0C94515A08957D
:10B60000DF93DD27B92FBF7740E85FE316161706F3
:10B6100048075B0718F4D92F0E946D5D9F938F93A5
:10B620007F936F930E94875EE4EEF0E00E94A25C3D
:10B630000E94025D2F913F914F915F910E94BB5DEF
:10B64000DD2351F09058A2EA2AED3FE049EC5FE398
:10B65000D0785D270E94685ADF910C94025D0E94A9
:10B66000495D90F09F3748F4911116F40C94625D97
:10B6700060E070E080E89FE3089526F01B16611DEE
:10B68000711D811D0C94765C0C94915C0E944C5C45
:10B6900008F481E008950E94D95CE3950C94135D51
:10B6A0000E94645B0C94025D0E94D05C58F00E9482
:10B6B000C95C40F029F45F3F29F00C94705C511193
:10B6C0000C94625D0C949F5C0E94275D68F3992343
:10B6D000B1F3552391F3951B550BBB27AA2762178E
:10B6E0007307840738F09F5F5F4F220F331F441F9B
:10B6F000AA1FA9F335D00E2E3AF0E0E832D09150CF
:10B700005040E695001CCAF72BD0FE2F29D0660FBB
:10B71000771F881FBB1F261737074807AB07B0E8FE
:10B7200009F0BB0B802DBF01FF2793585F4F3AF004
:10B730009E3F510578F00C94705C0C94625D5F3F05
:10B74000E4F3983ED4F3869577956795B795F7958A
:10B750009F5FC9F7880F911D9695879597F9089572
:10B76000E1E0660F771F881FBB1F6217730784070E
:10B77000BA0720F0621B730B840BBA0BEE1F88F71D
:10B78000E09508950E94C95B6894B1110C94625DC4
:10B7900008950E942F5D88F09F5798F0B92F992740
:10B7A000B751B0F0E1F0660F771F881F991F1AF0AC
:10B7B000BA95C9F714C0B13091F00E94615DB1E053
:10B7C00008950C94615D672F782F8827B85F39F052
:10B7D000B93FCCF3869577956795B395D9F73EF445
:10B7E00090958095709561957F4F8F4F9F4F0895ED
:10B7F000E89409C097FB3EF490958095709561950B
:10B800007F4F8F4F9F4F9923A9F0F92F96E9BB27C0
:10B810009395F695879577956795B795F111F8CF3C
:10B82000FAF4BB0F11F460FF1BC06F5F7F4F8F4FA7
:10B830009F4F16C0882311F096E911C0772321F09D
:10B840009EE8872F762F05C0662371F096E8862F35
:10B8500070E060E02AF09A95660F771F881FDAF78C
:10B86000880F9695879597F908950E94495D90F005
:10B870009F3748F4911116F00C94625D60E070E01F
:10B8800080E89FEB089526F41B16611D711D811D34
:10B890000C94765C0C94915C990F0008550FAA0BE0
:10B8A000E0E8FEEF16161706E807F907C0F01216D3
:10B8B0001306E407F50798F0621B730B840B950BD6
:10B8C00039F40A2661F0232B242B252B21F408952B
:10B8D0000A2609F4A140A6958FEF811D811D0895C8
:10B8E00097F99F6780E870E060E00895882371F41D
:10B8F000772321F09850872B762F07C0662311F409
:10B9000099270DC09051862B70E060E02AF09A953F
:10B91000660F771F881FDAF7880F9695879597F936
:10B9200008959F3F31F0915020F487957795679562
:10B93000B795880F911D9695879597F908959FEF74
:10B9400080EC0895DF93CF931F930F93FF92EF92B4
:10B95000DF927B018C01689406C0DA2EEF010E9411
:10B96000BB5DFE01E894A5912591359145915591D6
:10B97000A6F3EF010E94685AFE019701A801DA942C
:10B9800069F7DF90EF90FF900F911F91CF91DF91BA
:10B99000089500240A941616170618060906089535
:10B9A00000240A94121613061406050608950C9432
:10B9B0009F5C0E942F5DD8F3E894E0E0BB279F577F
:10B9C000F0F02AED3FE049EC06C0EE0FBB0F661F1A
:10B9D000771F881F28F0B23A62077307840728F0A0
:10B9E000B25A620B730B840BE3959A9572F7803809
:10B9F00030F49A95BB0F661F771F881FD2F79048C7
:10BA00000C94935C092E0394000C11F4882352F0DB
:10BA1000BB0F40F4BF2B11F460FF04C06F5F7F4F7A
:10BA20008F4F9F4F0895EF93E0FF07C0A2EA2AEDE2
:10BA30003FE049EC5FEB0E94685A0E94025D0F9064
:10BA4000039401FC9058E1E1F1E00C949D5E57FDF8
:10BA50009058440F551F59F05F3F71F04795880F7C
:10BA600097FB991F61F09F3F79F087950895121613
:10BA700013061406551FF2CF4695F1DF08C01616BF
:10BA800017061806991FF1CF869571056105089470
:10BA900008950E942F5DA0F0BEE7B91788F4BB2778
:10BAA0009F3860F41616B11D672F782F8827985F8E
:10BAB000F7CF869577956795B11D93959639C8F31D
:10BAC0000895E894BB2766277727CB0197F9089557
:10BAD0000E944C5C08F48FEF08959B01AC0160E07C
:10BAE00070E080E89FE30C94505B0E942F5D58F15A
:10BAF0009E5760F19851A0F0E9F0983020F5092E9A
:10BB00009927660F771F881F991F0A94D1F712C0D3
:10BB1000062E672F782F8827985F11F4000C07C036
:10BB2000993FB4F38695779567959395D9F7611DFD
:10BB3000711D811D3EF490958095709561957F4FA4
:10BB40008F4F9F4F089568940C94625D0C94615DD3
:10BB50000E94BB5D0C94025D0E94C95C38F00E949B
:10BB6000D05C20F0952311F00C94705C0C949F5CD9
:10BB700011240C94625D0E94275D70F3959FC1F3C0
:10BB8000950F50E0551F629FF001729FBB27F00D8B
:10BB9000B11D639FAA27F00DB11DAA1F649F6627E0
:10BBA000B00DA11D661F829F2227B00DA11D621F2F
:10BBB000739FB00DA11D621F839FA00D611D221FE9
:10BBC000749F3327A00D611D231F849F600D211DCD
:10BBD000822F762F6A2F11249F5750409AF0F1F050
:10BBE00088234AF0EE0FFF1FBB1F661F771F881FB9
:10BBF00091505040A9F79E3F510580F00C94705C25
:10BC00000C94625D5F3FE4F3983ED4F3869577959C
:10BC10006795B795F795E7959F5FC1F7FE2B880F5E
:10BC2000911D9695879597F908950E942F5DE8F0EC
:10BC30009E37E8F09639B8F49E3848F4672F782F8D
:10BC40008827985FF9CF869577956795939595396D
:10BC5000D0F3B62FB1706B0F711D811D20F4879545
:10BC60007795679593950C94765C0C94915C0C9405
:10BC7000625D9F930E94D95C0F9007FCEE5F0C946D
:10BC8000135D19F416F40C949F5C0C94915C0E9463
:10BC90002F5DB8F39923C9F3B6F39F57550B87FF70
:10BCA0000E94965E0024A0E640EA900180585695D6
:10BCB000979528F4805C660F771F881F20F0261761
:10BCC0003707480730F4621B730B840B2029312996
:10BCD0004A2BA69517940794202531254A2758F713
:10BCE000660F771F881F20F026173707480730F4A4
:10BCF000620B730B840B200D311D411DA09581F744
:10BD0000B901842F9158880F9695879508959B01C6
:10BD1000AC010C94A85D0E94495D30F09F3710F48F
:10BD20000C94625D0C94765C0C94915C9150504044
:10BD3000660F771F881FD2F708959F938F937F9385
:10BD40006F93FF93EF939B01AC010E94A85DEF916D
:10BD5000FF910E94A25C2F913F914F915F910C94B3
:10BD6000A85D991B79E004C0991F961708F0961BEF
:10BD7000881F7A95C9F78095089587FB082E0626B7
:10BD800087FD819567FD61950E94B15E0EF49195E6
:10BD900007FC81950895AA1BBB1B51E107C0AA1F90
:10BDA000BB1FA617B70710F0A61BB70B881F991F5C
:10BDB0005A95A9F780959095BC01CD010895A1E20F
:10BDC0001A2EAA1BBB1BFD010DC0AA1FBB1FEE1F15
:10BDD000FF1FA217B307E407F50720F0A21BB30B60
:10BDE000E40BF50B661F771F881F991F1A9469F7DC
:10BDF00060957095809590959B01AC01BD01CF0138
:10BE00000895052E97FB1EF400940E94185F57FDBD
:10BE100007D00E94DF5E07FC03D04EF40C94185F3D
:10BE200050954095309521953F4F4F4F5F4F089566
:10BE300090958095709561957F4F8F4F9F4F089596
:10BE4000EE0FFF1F881F8BBF0790F691E02D19940E
:10BE50000E94335FA59F900DB49F900DA49F800D0D
:10BE6000911D11240895A29FB001B39FC001A39F0B
:10BE7000700D811D1124911DB29F700D811D112423
:10BE8000911D0895FB01DC0104C08D910190801982
:10BE900021F441505040C8F7881B990B08950F9327
:10BEA0001F93CF93DF93CDB7DEB72E970FB6F894DD
:10BEB000DEBF0FBECDBF0E891F8986E08C831A833B
:10BEC00009838FEF9FE79E838D83AE01465E5F4FB0
:10BED000688D798DCE0101960E947F5F2F81388514
:10BEE000020F131FF80110822E960FB6F894DEBFD2
:10BEF0000FBECDBFDF91CF911F910F9108952F926B
:10BF00003F924F925F926F927F928F929F92AF92E9
:10BF1000BF92CF92DF92EF92FF920F931F93CF9336
:10BF2000DF9300D000D000D01F921F92CDB7DEB7B4
:10BF30007C013B018A01FC0117821682838181FF0B
:10BF4000DDC1CE0101965C01F7019381F30193FD00
:10BF5000859193FF81913F01882309F453C1853274
:10BF600039F493FD859193FF81913F01853229F446
:10BF7000B70190E00E949761E7CF912C212C312CE2
:10BF8000FFE1F31538F08B3211F190F4803209F1B2
:10BF9000833229F137FC3CC020ED280F2A3050F5C0
:10BFA00036FE20C08AE0989E200D1124922E06C0F5
:10BFB0008D3291F0803371F7689430F8F30193FD7E
:10BFC000859193FF81913F018111DACF21C068945F
:10BFD00031F8689432F8F2CF689433F8EFCF689470
:10BFE00034F8ECCFEAE02E9E200D1124222E689426
:10BFF00035F8E4CF8E3229F436FC04C1689436F863
:10C00000DDCF8C3619F4689437F8D8CF8836B1F282
:10C01000982F9F7D95549330E0F08336A1F18337BC
:10C02000C1F1833509F063C02801F2E04F0E511CC5
:10C03000F801C080D180692D70E036FC02C06FEF3E
:10C040007FEFC6010E9481614C01689437F882013C
:10C050000AC00C5F1F4FFFE3F98388248394912C5F
:10C060006501E89437F833FE2DC0522C81149104F9
:10C0700071F5552009F468CFB70180E290E00E9485
:10C0800097615A94F6CFF801808189830E5F1F4F24
:10C09000E4CF2801F2E04F0E511CF801C080D1809E
:10C0A000692D70E036FC02C06FEF7FEFC6010E9481
:10C0B0008C614C018201D5CFB70180E290E00E94F3
:10C0C00097612A942814190409F0B0F7CECFF6012D
:10C0D00037FC859137FE81916F01B70190E00E9496
:10C0E000976151105A94F1E08F1A9108BFCF8436AE
:10C0F00019F0893609F077C0F80137FE6BC060810E
:10C100007181828193810C5F1F4FF32DFF763F2E4B
:10C1100097FF09C090958095709561957F4F8F4FDF
:10C120009F4F689437F82AE030E0A5010E94C7616C
:10C13000C82ECA188C2C432C36FE0CC0E89440F84C
:10C14000C91440F434FE05C032FC03C0F32DFE7E5A
:10C150004F2E892C44FEAAC0FE01EC0DF11D8081FA
:10C16000803309F09CC0242D297E422E842D8870B6
:10C17000582E43FCAAC040FEA4C09C2C821418F484
:10C180002C0C922C981844FEA6C0B70180E390E0D6
:10C190000E94976142FE09C088E790E041FE02C01C
:10C1A00088E590E0B7010E949761C91408F49FC028
:10C1B000CA94D12C9FEFC91AD90ACA0CDB1CF6010C
:10C1C00082916F01B70190E00E949761AC14BD04A9
:10C1D000B1F74FCF60817181072E000C880B990B4E
:10C1E0000E5F1F4F92CFD32CE894D4F82AE030E0B2
:10C1F0008537E1F1232D297FD22E8F36A9F1F0F476
:10C20000883551F1F701868197812B960FB6F89406
:10C21000DEBF0FBECDBFDF91CF911F910F91FF9079
:10C22000EF90DF90CF90BF90AF909F908F907F90D6
:10C230006F905F904F903F902F900895803749F016
:10C24000883701F7D4FE02C06894D2F820E130E0CC
:10C250000DC06894D4F8F6CF34FE03C0822F8660F8
:10C26000D82E20E132E002C028E030E0F801D7FE0D
:10C270000FC060817181828193810C5F1F4FA50186
:10C280000E94C761C82ECA183D2CE89437F852CFD7
:10C290006081718190E080E00E5F1F4FF0CF42FC23
:10C2A00002C0839463CF8394839460CF842D867877
:10C2B00009F45CCFF6CFB70180E290E00E9497616D
:10C2C00083948214C0F3512C5ECF522C58188214E0
:10C2D00008F459CFF8CF842D867809F466CF8BE225
:10C2E00041FE80E247FC8DE2B70190E05CCFB701F0
:10C2F00080E390E00E9497619A9457CF8FEF9FEF71
:10C3000084CFFC010590615070400110D8F78095F2
:10C3100090958E0F9F1F0895FC0161507040019011
:10C320000110D8F7809590958E0F9F1F08950F9359
:10C330001F93CF93DF93182F092FEB018B8181FD82
:10C3400009C01FEF0FEF812F902FDF91CF911F9129
:10C350000F91089582FF14C02E813F818C819D81B1
:10C36000281739073CF4E881F981CF0101969983B8
:10C37000888310838E819F8101969F838E83E3CF74
:10C38000E885F985812F1995892BA1F3DACFFA0178
:10C39000AA27283051F1203181F1E8946F936E7F04
:10C3A0006E5F7F4F8F4F9F4FAF4FB1E03ED0B4E0F5
:10C3B0003CD0670F781F891F9A1FA11D680F791F36
:10C3C0008A1F911DA11D6A0F711D811D911DA11D47
:10C3D00020D009F468943F912AE0269F1124301957
:10C3E000305D3193DEF6CF010895462F4770405DF2
:10C3F0004193B3E00FD0C9F7F6CF462F4F70405DA1
:10C400004A3318F0495D31FD4052419302D0A9F7FB
:10C41000EACFB4E0A6959795879577956795BA95F5
:10C42000C9F700976105710508959B01AC010A2EBB
:10C4300006945795479537952795BA95C9F7620F92
:0EC44000731F841F951FA01D0895F894FFCF51
:10C44E0001010102010101010101062000000601A6
:10C45E000620000002010620000001AA021055AAC3
:10C46E00021255AA1B25000000000101094000FE22
:10C47E00FE12010400000000000000000000000099
:10C48E00000000FAFEFE0501010800FAFEFE05019D
:10C49E000109F6FAFEFE030102FAAA020155AA04E8
:10C4AE0002011A5547393047353347305A2D35007A
:10C4BE004739304735334730582573592573004770
:10C4CE00393047353347305A2573004732314739B3
:10C4DE00314733382E325A2D333046323030004702
:10C4EE00305A31004733382E325A2D32463330000F
:10C4FE004D345332333030004739304735334730BF
:10C50E00315A25734631353030004D3500473930BC
:10C51E004735334730592573004739304735334750
:10C52E0030582D35592D3500473930473533473082
:10C53E00582D35592D323030004D3353323930307D
:10C54E00004739304735334730315A257346313835
:10C55E00303000473931473143322E354631303095
:10C56E003000473931473143314631303030007B6E
:10C57E0027746F6F6C00273A007D0D0A0066696E96
:10C58E00697368004739304735334730582D353099
:10C59E00592D323030004739304735334730582D1A
:10C5AE003530592D35004739304735334730582D02
:10C5BE00313030592D3500473930473533473058F3
:10C5CE002D313030592D3230300047393047353328
:10C5DE004730582D313530592D32303000473930F3
:10C5EE004735334730582D313530592D35004739C1
:10C5FE00304735334730582D323030592D350047BE
:10C60E0039304735334730582D323030592D32308E
:10C61E0030004739304735334730582D3130592D9A
:10C62E0031300047393047353347305A2D333000DB
:10C63E004739304735334730582573592D31383007
:10C64E000047393047353347305825735930002469
:02C65E000000DA
:00000001FF
