:020000040000FA
:100000000C9471020C9492020C9492020C94920241
:100010000C9492020C9492020C9492020C94920210
:100020000C9492020C9430450C9492020C944E3F26
:100030000C94BE440C94183F0C9492020C949202BF
:100040000C9492020C94833F0C9492020C949202B2
:100050000C9492020C9492020C9492020C946D3FB8
:100060000C9492020C94ED430C9493440C949202E1
:100070000C9492020C9492020C9492020C949202B0
:100080000C9492020C9492020C9492020C944643AB
:100090000C94C5430C949A430C9492020C949202D3
:1000A0000C9492020C9492020C9492020C94920280
:1000B0000C9492020C9492020C9492020C9445457A
:1000C0000C9492020C9492020C9492020C9482432F
:1000D0000C9457430C9492020C9492020C9492024A
:1000E0000C949202084AD73B3BCE016E84BCBFFD04
:1000F000C12F3D6C74319ABD56833DDA3D00C77FF8
:1001000011BED9E4BB4C3E916BAAAABE0000008090
:100110003F05A84CCDB2D44EB93836A9020C50B91F
:10012000918688083CA6AAAA2ABE000000803F004B
:100130000C94A5500C94CF500C9475440C94114C15
:100140000C949E4B0C94292E0C949B500C94F54BC4
:100150000C94BA500C9440440C9457320C940E51A9
:100160000C948B300C94ED4B0C945F440C947D44B8
:100170000C9498500C94BB4B0C9428510C94E55063
:100180000C944A320C9490500C94E54B0C946744B8
:100190000C9471440C94A3300C94C74B0C94C6502F
:1001A0000C94DB500C94B9490C9405510C9479448F
:1001B0000C94AA4B0C9456300C941D510C94AD30F9
:1001C0000C94014C0C9457440C946D300C946D4479
:1001D0000C947B440C948A500C94D94B0C94FC5096
:1001E0000C94FB4B0C9465440C94CD4B0C946F44D5
:1001F0000C94BD500C9431510C9459440C94774498
:100200000C94AD500C9469440C94FB2F0C942F303B
:100210000C94F1500C9493500C94B7300C94074C00
:100220000C9414510C9463440C94B34B0C9481447F
:100230000C9449300C9499300C943C300C946B44E1
:100240000C9487300C9464320C94F9500C947F44D5
:100250000C9460300C947A300D0A005374617274FF
:1002600020746F6F6C2073657474696E67000D0A7B
:10027000006E6F77546F6F6C3A00244E005B4F50E6
:10028000543A005B5645523A312E31652E323031A8
:1002900037303131343A005B5A706F733A005B5437
:1002A0004C4F3A005B4739323A0033300032380065
:1002B0005B4700204700204D0020530020460020CF
:1002C000540033382E005B47433A47000D0A005371
:1002D0007461727420746F6F6C2073657474696ECE
:1002E00067000D0A005D005B746F6F6C537461747E
:1002F00075733A20007D0D0A00273A007B27746F42
:100300006F6C005D7D0D0A002C007B27746F6F6C95
:1003100044617461273A5B00416C61726D3A00532D
:100320006C656570696E6700526573746F72696E93
:1003300067207370696E646C6500526573746F72C8
:10034000696E672064656661756C74730050726FC6
:100350006772616D20656E64656400436865636BF8
:10036000206C696D69747300436865636B20646F0A
:100370006F720044697361626C656400456E61620E
:100380006C65640043617574696F6E3A20556E6CDC
:100390006F636B656400506C6561736520756E6C8E
:1003A0006F636B00506C6561736520526573657493
:1003B000005B4D53473A000D0A005BE68EA2E992BE
:1003C000883A00312E302E32005B76657273696F89
:1003D0006E3A007C46533A007C4C6E3A007C426692
:1003E0003A007C473A007C4D3A007C533A007C420C
:1003F000463A007C53463A007C41463A007C4C3AEF
:10040000007C433A007C44523A007C443A007C54DD
:10041000443A007C523A007C52573A007C4C573A9E
:10042000007C5246543A007C4C46543A007C53546B
:100430003A007C463A007C543A007C57506F733A3D
:10044000007C4D506F733A00536C65657000446FCB
:100450006F723A00436865636B00416C61726D00B6
:10046000486F6D696E67004D6F76696E6700506109
:10047000757365004D6F76696E67005265616479CA
:10048000006572726F723A005D002C002C002C0027
:100490002C002C002C002C006E756C6C5D002774F9
:1004A0006872656164272C002764696C6C272C00D6
:1004B00027636F6E65272C002762616C6C272C0008
:1004C00027656E646D696C6C272C005B000D0A005B
:1004D0006265666F7265546F6F6C3A006F6B0D0AE0
:1004E000000011241FBECFEFD1E2DEBFCDBF00E080
:1004F0000CBF13E0A0E0B2E0E2EBF2EB00E00BBFD8
:1005000002C007900D92A237B107D9F728E1A2E700
:10051000B3E001C01D92AD3AB207E1F70E949346E5
:100520000C9457590C9400002F923F924F925F9277
:100530006F927F928F929F92AF92BF92CF92DF92F3
:10054000EF92FF920F931F93CF93DF93CDB7DEB758
:100550002E970FB6F894DEBF0FBECDBF4B015C01E6
:100560007A0120E030E0A9010E94975210E087FF55
:1005700005C0B7FAB094B7F8B09411E0C501B40162
:100580000E941A536B877C878D879E87112331F0D9
:100590008DE2F7018083C70101967C016B857C8524
:1005A0008D859E858E010F5F1F4F68013AE0232ED7
:1005B000312C412C512C3801EFEF6E1A7E0AA2012A
:1005C00091010E943056605DF8016083B901CA0153
:1005D0008301611571058105910569F7D701F30163
:1005E000CE16DF06E1F583010C191D090F5F1F4FC1
:1005F0000E0D1F1D6B857C858D859E850E94495340
:100600009B01AC01C501B4010E94A15193012C19B9
:100610003D09E20EF31E2EE2F7012083680124E07B
:10062000F22EFA94F1101EC0F80113822E960FB626
:10063000F894DEBF0FBECDBFDF91CF911F910F9118
:10064000FF90EF90DF90CF90BF90AF909F908F90F2
:100650007F906F905F904F903F902F900895829180
:100660008D93BECF20E030E040E251E40E94F95487
:100670004B015C010E94135320E3260FF6012193E6
:100680006F01072E000C880B990B0E944B539B01A6
:10069000AC01C501B4010E94A151C3CF882361F010
:1006A000813061F0823061F0833061F0843061F03C
:1006B000853061F082E0089584E0089588E008952F
:1006C00080E1089580E2089580E4089580E8089527
:1006D0002FB7F8949091A515892B8093A5152FBF5E
:1006E00008952FB7F8949091A415892B8093A415A1
:1006F0002FBF08959FB7F8948093A8159FBF0895C2
:100700009FB7F8942091A915809582238093A9150D
:100710009FBF08952FB7F8949091A915892B8093C6
:10072000A9152FBF08954F925F926F927F928F927B
:100730009F92AF92BF92CF92DF92EF92FF920F9370
:100740001F93CF93DF938090FD16912C2BECA22E5C
:1007500026E1B22E8C01D0E0C0E0F501C190D1902D
:10076000E190F1905F0120E030E0A901C701B601FE
:100770000E949752882381F1F80140805180628065
:100780007380C4010C2E02C0959587950A94E2F7F8
:1007900020E030E0A90180FF11C0C301B2010E9436
:1007A000975287FD09C0C701B6019058A301920175
:1007B0000E94975287FF10C081E016C0C301B201AA
:1007C0000E94B9541816C4F3A3019201C701B601DF
:1007D0000E94B954181684F321960C5F1F4FC7303E
:1007E000D10509F0BACF80E0DF91CF911F910F9131
:1007F000FF90EF90DF90CF90BF90AF909F908F9041
:100800007F906F905F904F9008958F929F92AF92DC
:10081000BF92CF92DF92EF92FF920F931F93CF93ED
:10082000DF93EB0127E7E22E26E1F22E8C016B012C
:100830008CE1C80ED11C6991799189919991F70148
:1008400081909190A190B1907F010E944B53A5019E
:1008500094010E94A152F801619371938193919345
:100860008F01CC15DD0539F7DF91CF911F910F91E5
:10087000FF90EF90DF90CF90BF90AF909F908F90C0
:1008800008958A9A0895CF93DF93C0919F15D091D0
:10089000A0152097C9F080916F15816080936F1526
:1008A00060918515709186158091871590918815B6
:1008B0009B01AC010E94F9546EA37FA388A799A75E
:1008C0001092A01510929F15DF91CF910895E9EC39
:1008D000F9E08091C609868F8091E7168250990BC6
:1008E000880F8195858FEFE6F0E0808182608083BC
:1008F00008952091FC1621FF0BC09093AB008093CC
:10090000AA00892B31F48091A0008F7D8093A000F4
:1009100008958091A0008062F9CF882361F0813032
:1009200061F0823061F0833061F0843061F08530B5
:1009300061F082E0089580E8089580E4089580E2FF
:10094000089580E1089588E0089584E00895AF92C5
:10095000BF92CF92DF92EF92FF920F931F93CF93AC
:10096000DF93E090E816F12CC090E916D12CD0E08E
:10097000C0E010E000E0BC2EAC2EC7010C2E02C07F
:10098000959587950A94E2F780FF04C08C2F0E940A
:100990004E03082BC60102C095958795AA94E2F7ED
:1009A00080FF04C08B2D0E948D04182B2196C73028
:1009B000D10509F70093C6091093C709DF91CF91BC
:1009C0001F910F91FF90EF90DF90CF90BF90AF906D
:1009D00008952091A209DC0180E0861301C00895EA
:1009E0009091A1092917D9F3E92FF0E0EF55F74FBE
:1009F00030813D938F5F9F5F9093A109EECF9091DF
:100A0000A1098091A209891749F0E92FF0E0EF557B
:100A1000F74F80819F5F9093A10908958FEF08950C
:100A2000E0919F0791E09E0F2091A008291761F0A7
:100A3000F0E0E056F84F808390939F078091D100BB
:100A400080628093D10004C02091A91524FFECCFCF
:100A50000895E0919B0691E09E0F20919C07291735
:100A600061F0F0E0E456F94F808390939B0680910B
:100A7000C90080628093C90004C02091A91524FF99
:100A8000ECCF0895E0919704DC0180E091E09E0FA7
:100A900020919805291308C0E09397049091C10014
:100AA00090629093C10008952D91F0E0E856FB4FBD
:100AB00020838F5FE92F6813E9CFEECFE091970491
:100AC00091E09E0F20919805291761F0F0E0E8561B
:100AD000FB4F8083909397048091C1008062809344
:100AE000C10004C02091A91524FFECCF08951092F5
:100AF000A8099091FC1697FD03C09CE09093A8096B
:100B0000882331F08091A8099CE089278093A80967
:100B100008958F929F92AF92BF92CF92DF92EF9201
:100B2000FF920F931F93CF93DF93CDB7DEB72D972F
:100B30000FB6F894DEBF0FBECDBF6B017C01042F52
:100B400020E030E0A9010E94975287FF07C08DE2A4
:100B50000E945E05F7FAF094F7F8F094102F123027
:100B600008F054C000FF0AC020E030E040E251E449
:100B7000C701B6010E94F9546B017C0120E030E00E
:100B800040E05FE3C701B6010E94A2510E941353E7
:100B900010E03AE0832E912CA12CB12CE12FF0E053
:100BA0006115710581059105E9F581E090E08C0FF3
:100BB0009D1FE80FF91F80E3101708F445C01013BC
:100BC00009C0E1E0F0E0EC0FFD1FE10FF11D80E353
:100BD00080831F5FEE24E394F12CEC0EFD1EE10EEA
:100BE000F11C111134C02D960FB6F894DEBF0FBE64
:100BF000CDBFDF91CF911F910F91FF90EF90DF90CC
:100C0000CF90BF90AF909F908F90089520E030E0FC
:100C100048EC52E4C701B6010E94F9546B017C0113
:100C200012509DCFEE24E394F12CEC0EFD1EEE0E3F
:100C3000FF1EA50194010E943056605DF70160839C
:100C4000B901CA011F5FAACF1F5F8193B5CF1013EF
:100C500003C08EE20E945E05F70182917F010E942F
:100C60005E051150BECF2091FC1640E020FF07C06A
:100C70002BE832E441E25DE30E94F95441E00C9438
:100C800089052091FC1643E020FF07C02BE832E4E1
:100C900041E25DE30E94F95444E00C9489050F930E
:100CA0001F93CF938C01C0E0F80161917191819104
:100CB00091918F010E944106C33019F08CE20E948D
:100CC0005E05CF5FC43081F7CF911F910F910895DA
:100CD0008F929F92AF92BF92CF92DF92EF92FF924C
:100CE0000F931F93CF93DF9300D000D000D01F92BB
:100CF000CDB7DEB76115710581059105A9F480E3D3
:100D00002A960FB6F894DEBF0FBECDBFDF91CF910C
:100D10001F910F91FF90EF90DF90CF90BF90AF9019
:100D20009F908F900C945E0500E09E012F5F3F4FD7
:100D300079012AE0822E912CA12CB12C6701C00EE2
:100D4000D11CA50194010E943056F6016083B901BF
:100D5000CA010F5F611571058105910579F70E0DC7
:100D60001F2D111DE016F10699F42A960FB6F8947E
:100D7000DEBF0FBECDBFDF91CF911F910F91FF90CE
:100D8000EF90DF90CF90BF90AF909F908F9008959D
:100D9000F80182918F01805D0E945E05E3CFCF92C2
:100DA000DF92EF92FF9297FF0CC06B017C018DE206
:100DB0000E945E0566277727CB016C197D098E0995
:100DC0009F09FF90EF90DF90CF900C946806CF932F
:100DD000DF93843658F06AE00E940256C0E3C90FE0
:100DE0006AE00E940256D0E3D90F04C0C0E0D0E010
:100DF0008A30B0F7805D0E945E05DD2319F08D2FEB
:100E00000E945E05CC2329F08C2FDF91CF910C94AA
:100E10005E05DF91CF910895CF93DF93EC01FE0142
:100E200084912196811103C0DF91CF9108950E9492
:100E30005E05F5CF2F923F924F925F926F927F9215
:100E40008F929F92AF92BF92CF92DF92EF92FF92DA
:100E50000F931F93CF93DF93EC01188129803A847D
:100E6000CB84DC840D85EE84FF84FE24EF24FE24F5
:100E70006C817D81762767277627072E000C880BEB
:100E8000990B0E944B534B015C016885798576274D
:100E900067277627072E000C880B990B0E944B536F
:100EA0002B013C018BEC94E00E940C07133009F4F9
:100EB00067C050F4113009F460C088EB94E0123040
:100EC00051F088E994E045C0143009F45CC08EE923
:100ED00094E01530B1F70E940C07822D0E94E706BE
:100EE00086E994E00E940C0742E0C501B4010E942B
:100EF000890584E994E00E940C0742E0C301B20135
:100F00000E94890582E994E00E940C07832D0E94CB
:100F1000E70680E994E00E940C078C2D0E94E7060A
:100F20008EE894E00E940C078D2D0E94E7068CE865
:100F300094E00E940C07802F0E94E7068AE894E064
:100F40000E940C07B70190E080E00E94680688E8E4
:100F500094E0DF91CF911F910F91FF90EF90DF9080
:100F6000CF90BF90AF909F908F907F906F905F9049
:100F70004F903F902F900C940C0780EC94E0ABCFF7
:100F800080EB94E0A8CF88EA94E0A5CF87EB93E0CC
:100F90000C940C07CF93C82F81E894E00E940C07B3
:100FA0008C2F0E94E706CF910C94C607882321F06E
:100FB000823031F00C94CA078CED94E00C940C074D
:100FC0000895CF92DF92EF92FF92CF93DF93D82FC5
:100FD0006A017B01C22F84E20E945E058D2F0E9470
:100FE000E7068DE30E945E054C2FC701B6010E9403
:100FF0008905DF91CF91FF90EF90DF90CF900C9417
:10100000C607EF92FF920F931F93CF93DF9305E1F3
:1010100017E1C2EDD0E0EE24E394EC0E82E0F82E6E
:10102000FC0EF801D130C9F0D230F1F0408151818D
:101030006281738123E08C2F0E94E107DF5FD33050
:1010400081F7CD5F0C5F1F4FC43E21F7DF91CF9139
:101050001F910F91FF90EF900895408D518D628DFB
:10106000738D23E08E2DE8CF40A951A962A973A901
:1010700023E08F2DE1CFCF93DF93D82FC62F84E2CB
:101080000E945E058D2F0E94E7068DE30E945E059B
:101090008C2F0E94E706DF91CF910C94C607EF9248
:1010A000FF920F931F93CF93DF936091E71670E049
:1010B00080E00E943B086091EA1670E081E00E94A7
:1010C0003B086091E81670E082E00E943B08609166
:1010D000E91670E083E00E943B086091FC1662FB19
:1010E000662760F970E084E00E943B086091FC167E
:1010F00066FB662760F970E085E00E943B088091FE
:10110000FC16082E000C990B692F661F6627661FB8
:1011100070E086E00E943B086091EB1670E08AE088
:101120000E943B084091EC165091ED166091EE162E
:101130007091EF1623E08BE00E94E1074091F016DA
:101140005091F1166091F2167091F31623E08CE045
:101150000E94E1076091FC16617070E08DE00E94D2
:101160003B086091FC1665FB662760F970E084E13E
:101170000E943B086091FC1663FB662760F970E0F3
:1011800085E10E943B086091FC166295617070E0F9
:1011900086E10E943B086091FD1670E087E10E94A5
:1011A0003B084091FE165091FF1660910017709118
:1011B000011723E088E10E94E10740910217509156
:1011C0000317609104177091051723E089E10E94CD
:1011D000E10760910617709107178AE10E943B08AA
:1011E000409108175091091760910A1770910B17D9
:1011F00023E08BE10E94E1074091F4165091F5162F
:101200006091F6167091F71620E08EE10E94E107DA
:101210004091F8165091F9166091FA167091FB16EC
:1012200020E08FE10E94E1076091FC1666956170F5
:1012300070E080E20E943B0894E6F92E10E0C7E7D8
:10124000D6E100E0E02EEF0C123009F461C013305B
:1012500009F46BC0113009F456C0488159816A8184
:101260007B8123E08E2D0E94E1070F5F24960730DB
:1012700049F78AE0F80E1F5FECE8FE12E0CF6091BC
:101280000C1770E088EC0E943B0840910D175091BC
:101290000E1760910F177091101723E089EC0E94D0
:1012A000E107409111175091121760911317709137
:1012B000141723E08AEC0E94E10705E117E1C2ED73
:1012C000D0E0EE24E394EC0E82E0F82EFC0EF80160
:1012D000D130A1F1D230C9F1408151816281738155
:1012E00023E08C2F0E94E107DF5FD33081F7CD5FD1
:1012F0000C5F1F4FC43E21F7DF91CF911F910F91DB
:10130000FF90EF9008954C8D5D8D6E8D7F8DA9CFF0
:1013100020E030E041E655E468AD79AD8AAD9BADA3
:101320000E94A152AB01BC019CCFFE01EC5AFF4FC1
:101330004081518162817381705893CF408D518D6E
:10134000628D738D23E08E2DCDCF40A951A962A966
:1013500073A923E08F2DC6CF8DE50E945E050C9406
:10136000C60789EC93E00E940C0783EC93E00E948F
:101370000C070C94AC09CF93DF93CDB7DEB76C9715
:101380000FB6F894DEBF0FBECDBF8AEB93E00E948C
:101390000C0769EA79E0CE0101960E940504CE01AE
:1013A00001960E944F068AE30E945E058091CF1548
:1013B0000E94E7068CE20E945E0560911117709111
:1013C000121780911317909114170E9441060E94E2
:1013D000AC096C960FB6F894DEBF0FBECDBFDF919F
:1013E000CF910895CF93DF93EC018991811103C0D0
:1013F000DF91CF9108950E945E05F7CFEAEAF5E10B
:10140000A0EEB3E041915191619171914D935D9343
:101410006D937D9385E1E63CF807A1F70895BF92AF
:10142000CF92DF92EF92FF920F931F93CF93DF93B0
:101430007C01FC01FE9600811181D281C381FC01F7
:1014400081A180FF33C06091D21570E090E080E010
:101450000E944B532AE037ED43E25CE30E94F954CB
:101460009B01AC01B8018D2F9C2F0E94F9548B0178
:10147000D82FC92F20E030E040E85FE3B8018D2F7E
:101480009C2F0E94B954181624F000E010E0D0E818
:10149000CFE3B8018D2F9C2FDF91CF911F910F913A
:1014A000FF90EF90DF90CF90BF90089582FD17C01E
:1014B0006091D11570E090E080E00E944B532AE0EB
:1014C00037ED43E25CE30E94F9549B01AC01B801A3
:1014D0008D2F9C2F0E94F9548B01D82FC92FF70113
:1014E000B2ACC3ACD4ACF5AC98014D2F5C2F6B2DD6
:1014F0007C2D8D2D9F2D0E94975287FFBBCF0B2DEA
:101500001C2DDD2DCF2DB6CF80910D0A9091E613C5
:10151000981739F026E4829FC0011124825F954F0D
:10152000089590E080E008954F925F926F927F92CD
:101530008F929F92AF92BF92CF92DF92EF92FF92E3
:101540000F931F93CF93DF93CDB7DEB7C057D10969
:101550000FB6F894DEBF0FBECDBF8CE1EAEAF5E12D
:10156000DE01119601900D928A95E1F7BE016F5F41
:101570007F4FCE014D960E940504BE016F5F7F4FE5
:10158000CE01C9960E9405048CE30E945E058091FD
:10159000CA15883009F431C108F015C1813009F449
:1015A00035C108F425C1823009F433C1843009F40F
:1015B0002AC18091EB16282F2170E22E80FF42C1B4
:1015C0008091D615882309F43DC181E494E00E94FE
:1015D0000C07CE014D960E944F068AE394E00E94CC
:1015E0000C07CE01C9960E944F0686E394E00E9444
:1015F0000C0780910C170E94E70682E394E00E949A
:101600000C076091360470913704809138049091F2
:1016100039040E9433068DE294E00E940C07609129
:101620001C0470911D0480911E0490911F040E945F
:10163000330687E294E00E940C07609120047091C9
:10164000210480912204909123040E94330681E2B8
:1016500094E00E940C07609124047091250480910D
:101660002604909127040E9433068CE194E00E94A6
:101670000C076091E71570E090E080E00E9449530C
:101680000E94330687E194E00E940C076091E81500
:1016900070E090E080E00E9449530E94330683E1AD
:1016A00094E00E940C076091DF1570E090E080E00C
:1016B0000E9449530E9433068EE094E00E940C077A
:1016C0006091E01570E090E080E00E9449530E9434
:1016D00033068AE094E00E940C076091E11570E007
:1016E00090E080E00E9449530E94330685E094E038
:1016F0000E940C076091E91570E090E080E00E9484
:1017000049530E94330681E094E00E940C076091E7
:10171000E21570E090E080E00E9449530E94330699
:101720008DEF93E00E940C076091E31570E090E06C
:1017300080E00E9449530E94330688EF93E00E94A4
:101740000C076091E41570E090E080E00E9449533E
:101750000E94330683EF93E00E940C076091E61528
:1017600070E090E080E00E9449530E9433068EEEC4
:1017700093E00E940C076091E51570E090E080E036
:101780000E9449530E9433068AEE93E00E940C07A0
:101790006091320470913304809134049091350447
:1017A00040E00E94890586EE93E00E940C0780913C
:1017B0003104803109F498C0803209F425C18111C7
:1017C00096C085E392C08032D9F050F4803109F0A0
:1017D000F0CE8091CC1587FD13C08EE694E00AC050
:1017E0008034D1F0803809F0E4CE88E494E002C07F
:1017F0008BE794E00E940C07DCCE84E794E0FACFFC
:1018000087E694E0F7CF80E694E0F4CF8AE594E0B1
:10181000F1CF84E594E0EECF8EE494E00E940C07D3
:101820008091CC1583FF04C083E30E945E05C1CE86
:1018300082FF06C085FF02C081E3F7CF80E3F5CFCA
:1018400082E3F3CF40909304509094046090950409
:10185000709096048BE5A82E84E0B82E6E0185E585
:10186000C80ED11C8E01075C1F4FF12C4601F501FB
:1018700061917191819191915F01208D318D428DA6
:10188000538D0E94A251F6016193719381939193BC
:101890006F01F2E0FF1225C0A30192010E94A25144
:1018A000F4016087718782879387E11016C0F60183
:1018B00034972081318142815381F80160817181A7
:1018C000828193810E94A151F80160837183828398
:1018D0009383F6E0FF1609F478CEF3940C5F1F4F64
:1018E000C6CFEE2021F3F5CF83E30E945E0582EEA2
:1018F00093E00E940C0780912E048A5C0E94E70608
:101900008091EB1681FF1EC08DED93E00E940C07C5
:101910009091E61380910D0A981708F477C08D5DB9
:10192000891B0E94E7068CE20E945E058091990661
:1019300090919A06981708F46BC0981B892F809590
:101940000E94E7060E94840A009791F0FC01C2A061
:10195000D3A0E4A0F5A0C114D104E104F10441F046
:1019600088ED93E00E940C07C701B6010E94CF06E4
:1019700083ED93E00E940C078091CA158C7709F4DF
:101980004AC0609185157091861580918715909158
:1019900088150E9433068CE20E945E056091D7157F
:1019A0007091D8158091D9159091DA1540E00E9478
:1019B00089058091D615882391F181508093D615A1
:1019C0008091D5158823E1F181508093D5158EE360
:1019D0000E945E050E94C607C059DF4F0FB6F894FB
:1019E000DEBF0FBECDBFDF91CF911F910F91FF9052
:1019F000EF90DF90CF90BF90AF909F908F907F90AF
:101A00006F905F904F90089584E36FCF815088CF9F
:101A10008150891B95CF60E070E0CB01BACF8091F7
:101A2000CA158C7759F08DE18093D6158091D51524
:101A30008111C6CF81E08093D515C2CF89E0F4CF64
:101A40008091CA158C7711F083E1BFCF89E0BDCFBB
:101A50000E94840A892B19F082E00C948A0308956D
:101A60002F923F924F925F926F927F928F929F92AE
:101A7000AF92BF92CF92DF92EF92FF920F931F939C
:101A8000CF93DF9300D01F92CDB7DEB70091E6135E
:101A9000002309F486C009833981315039831091BC
:101AA0000C0A131709F466C0C32ED12CE6E43E9F3E
:101AB000C00111249C01225F354F7901F90172A404
:101AC00083A494A4A5A466A577A580A991A99B0148
:101AD000AC010E94A251F70122A933A944A955A93A
:101AE0000E94F954B62EE72EF82E9B83262F372F0F
:101AF000482F592F672D782D892D9A2D0E949752A6
:101B000087FF03C0B72C7401AB8286E48C9DF00183
:101B10008D9DF00D1124E25FF54F8B2D9E2DAF2D85
:101B2000BB8186A397A3A0A7B1A7F9818F2FF1113D
:101B300001C084E2FF24FA94F80E30900D0A1F11C0
:101B400033C0131102C00E944304E6E41E9FC0018B
:101B50001124825F954F9A83898333243394310E05
:101B6000F4E23F1201C0312C86E4282E031185C017
:101B700010930C0A0F900F900F900F90DF91CF9160
:101B80001F910F91FF90EF90DF90CF90BF90AF909B
:101B90009F908F907F906F905F904F903F902F908D
:101BA000089524E2298378CF298186E4289F900133
:101BB0001124225F354F3C832B8326E4E22E8F2CA9
:101BC000912CFE9CC0011124FC01E25FF54FFA83C9
:101BD000E983F11002C094E2F92EFA94F31002C0E6
:101BE0000E944304E89CC001E99C900D11249C01D3
:101BF000225F354F6901F90142A453A464A475A47E
:101C0000A301920166A177A180A591A50E94975298
:101C1000882339F1F60166A577A580A991A99B01D2
:101C2000AC010E94A251F60122A933A944A955A9E9
:101C30000E94F954EB81FC8126A137A140A551A552
:101C40000E94A2514B015C01AC019B01C301B20196
:101C50000E94B954F60118165CF486A297A2A0A6B9
:101C6000B1A629813A813C832B831F11A8CF6DCF68
:101C700046A257A260A671A6F4CFC32CD12C329CE9
:101C8000C00111249C01225F354F7901E981FA815D
:101C900046A057A060A471A4F90186A097A0A0A4B3
:101CA000B1A4A5019401C301B2010E94975287FF1C
:101CB00026C0E981FA8166A577A580A991A99B0133
:101CC000AC010E94A251E981FA8122A933A944A959
:101CD00055A90E94F954A30192010E94A2512B011F
:101CE0003C01AC019B01C501B4010E94B954181616
:101CF00034F4F70146A257A260A671A6132D2C9CBE
:101D0000F0012D9CF00D1124E25FF54F22A533A5C3
:101D100044A555A566A177A180A591A50E949752DB
:101D2000811101C0132D3394F4E23F1201C0312C14
:101D3000FA82E9821BCF6F927F928F929F92AF922D
:101D4000BF92CF92DF92EF92FF920F931F93CF93A8
:101D5000DF93EB018C015B018CE1A80EB11C89E9DA
:101D6000682E96E7792E26E9822E3EE7932EC990BB
:101D7000D990E990F99020E030E0A901C701B601BF
:101D80000E9497528823B9F0A7019601F80160815B
:101D90007181828193810E94A1526B017C01E89440
:101DA000F7F89301A401C701B6010E94B9541816AF
:101DB00014F0360147010C5F1F4FCA15DB05B9F659
:101DC000B301C401DF91CF911F910F91FF90EF906C
:101DD000DF90CF90BF90AF909F908F907F906F904B
:101DE00008954F925F926F927F92AF92BF92CF927F
:101DF000DF92EF92FF920F931F93CF93DF936C01CB
:101E0000FB015A01A081A80FB92FB11D8C91ED01E2
:101E10008D3249F5229611968C9101E0512C612C5E
:101E200010E020E030E0A9017E0190ED792E780EDF
:101E300089E0871528F16394A8E0A615E8F0511011
:101E40001150A5E0B0E00E945A569B01AC01220F50
:101E5000331F441F551F270D311D411D511D219654
:101E6000D7018C91E1CF8B3219F0219600E0D6CFCB
:101E7000229611968C91FACF5110F1CF1F5FEFCFC0
:101E8000BEEF7B1205C0511003C055245394E7CF19
:101E9000662009F17F01CA01B9010E9449532B0153
:101EA0003C0120E030E0A9010E94975281112EC030
:101EB000002309F448C077FA709477F87094F5011C
:101EC0004082518262827382CC19DD09C150F701D0
:101ED000C08366246394862DDF91CF911F910F916B
:101EE000FF90EF90DF90CF90BF90AF907F906F907A
:101EF0005F904F9008952AE037ED43E25CE3C30121
:101F0000B2010E94F9542B013C011E5F1F3F9CF35C
:101F10001F3F59F42DEC3CEC4CEC5DE3C301B201E6
:101F20000E94F9542B013C01C3CF112309F220E098
:101F300030E040E251E4C301B2010E94F9542B01A8
:101F40003C011150F2CFD5014D925D926D927C9281
:101F50001397BACF93B18091FC1686FF9095992381
:101F600099F094FB882780F995FD826096FD846046
:101F7000292F247092FD886091FD8061211180627B
:101F800093FF03C08064089580E00895EBE6F0E0DD
:101F900080811082E8E6F0E080818E7F8083089562
:101FA00084B114B8809107018B7F809307018091E1
:101FB000080184608093080185B18FEF85B9909105
:101FC000FC1693FF15C090916B0080936B0080917D
:101FD000680081608093680084B7877F84BF8091A8
:101FE000600088618093600081E0809360000895C4
:101FF0000E94C60FF1CF27E030E090E0AC01022E46
:1020000002C0559547950A94E2F7A09A40FF11C087
:1020100000000000000000000000000000000000C0
:1020200000000000A098000000002150310930F7A6
:10203000089500000000A0980000000000000000CB
:10204000000000000000000000000000EECF27E0CC
:1020500030E090E0AC01022E02C0559547950A94FD
:10206000E2F740FF1AC040910B01406440930B011E
:102070000000000000000000000000000000000060
:102080000000000040910B014F7B40930B010000CA
:10209000000021503109F0F6089540910B01406491
:1020A00040930B010000000040910B014F7B4093D7
:1020B0000B01000000000000000000000000000014
:1020C000000000000000E5CFCF93DF93D82F862FCC
:1020D000C42F0E9427108D2F0E9427108C2FDF9174
:1020E000CF910C942710811103C08098889A08958D
:1020F000813019F43898409A08956D98759A08952A
:10210000811102C0809A0895813011F4389A08959F
:102110006D9A08956AEA75E18FE394E00C940504E2
:10212000F894F999FECF92BD81BD81E08FBB20B5B7
:10213000862F8227082E000C990B50E086239523CA
:10214000892B49F084E16F3F11F060BD84E08FBBC3
:10215000F99A789408952617E1F360BD84E2F7CFE9
:102160009F92AF92BF92CF92DF92EF92FF920F9326
:102170001F93CF93DF935C018A017B01E40EF51E70
:10218000EB01912C6C01C61AD70ACE018C0D9D1D56
:1021900021E0911007C0292D990C330B232F221F0A
:1021A0002227221F6991962E920E0E949010CE1522
:1021B000DF0559F7692DC501800F911FDF91CF9180
:1021C0001F910F91FF90EF90DF90CF90BF90AF9055
:1021D0009F900C9490106AE090E080E00E94901034
:1021E00046E351E067E776E181E090E00C94B010BF
:1021F000F999FECF92BD81BD81E08FBB80B5089576
:102200009F92AF92BF92CF92DF92EF92FF920F9385
:102210001F93CF93DF935B018A017C01E40EF51ECF
:10222000EC01912C6B01C81AD90AC6018C0F9D1FB5
:102230000E94F81021E0911007C0292D990C330B52
:10224000232F221F2227221F982E920E8993CE150C
:10225000DF0559F7C501800F911F0E94F81021E09A
:1022600030E0891511F030E020E0C901DF91CF9115
:102270001F910F91FF90EF90DF90CF90BF90AF90A4
:102280009F9008958A9889980895A29889988A9825
:102290008F98A5987398E2E0F1E080818F7D80832C
:1022A00080818F7B808310988B985F988081877F57
:1022B000808308959A9A819A829A879A9D9A6B9AB6
:1022C000E1E0F1E0808188608083808180628083AA
:1022D000808180648083089A839A579A0C94451170
:1022E000E9ECF0E080818F7E808380818061808353
:1022F0008091A2098093A109E1EAF8E080E091E0F1
:10230000DF019C011D9221503040E1F70895E0EE7D
:10231000F3E08CE3DF011D928A95E9F710920D0A34
:102320001092E61381E08093DF0310920C0A089567
:102330004F925F926F927F92AF92BF92CF92DF9255
:10234000EF92FF920F931F93CF93DF93EC015C0109
:102350002CE1A20EB11C8C01C12CD12C7601F8010C
:1023600041905190619071908F0120E030E0A9017F
:10237000C301B2010E949752882371F0A301920118
:10238000C301B2010E94F9549B01AC01C701B6011F
:102390000E94A2516B017C010A151B0501F7C701C0
:1023A000B6010E9498556B017C01AC019B0160E075
:1023B00070E080E89FE30E94A1522B013C016991EB
:1023C0007991899199915E01F4E0AF1AB108A30166
:1023D00092010E94F954F501608371838283938393
:1023E000C017D10761F7C701B601DF91CF911F91E7
:1023F0000F91FF90EF90DF90CF90BF90AF907F90C4
:102400006F905F904F9008954F925F926F927F927E
:102410008F929F92AF92BF92CF92DF92EF92FF92F4
:102420006B017C018090F8169090F916A090FA1636
:10243000B090FB164090F4165090F5166090F6168A
:102440007090F716A3019201C501B4010E94B9541E
:1024500087FF1BC06091D31570E090E080E00E9480
:102460004B532AE037ED43E25CE30E94F954A701A5
:1024700096010E94F9546B017C01AC019B01C301E0
:10248000B2010E9497521816BCF04092D715509294
:10249000D8156092D9157092DA1580E094E0FF901B
:1024A000EF90DF90CF90BF90AF909F908F907F90F4
:1024B0006F905F904F900895A7019601C501B401F8
:1024C0000E94B95487FD1FC020E030E0A901C70178
:1024D000B6010E94975281110BC01092D71510922D
:1024E000D8151092D9151092DA1590E080E0D7CF68
:1024F0008092D7159092D815A092D915B092DA157E
:1025000081E090E0CCCFC092D715D092D815E09260
:10251000D915F092DA15A5019401C701B6010E9400
:10252000A1512091A4093091A5094091A60950918B
:10253000A7090E94F9540E94865320E030E040E849
:102540005FE30E94A2510E941A53CB01A8CF2F92A1
:102550003F924F925F926F927F928F929F92AF9233
:10256000BF92CF92DF92EF92FF920F931F93CF9380
:10257000DF93CDB7DEB7C054D1090FB6F894DEBFF4
:102580000FBECDBF8091CE1580FD75C29091E7132F
:102590008091E813981709F46EC280919F1590916D
:1025A000A015892B09F07EC01091CE1512FF7DC2B7
:1025B0008091E61326E4829FC0011124825F954F2B
:1025C0009093A01580939F1540919F155091A01551
:1025D0005E834D83452B09F44EC200916F1500FFB9
:1025E00067C210926F151092811510928215109289
:1025F000831510928415AD81BE819E962D913D91DB
:102600004D915C91D19729833A834B835C8360E041
:1026100070E080E09FE30E94A15269877A878B87F0
:102620009C87ED81FE8142A853A864A875A886A066
:1026300097A0A0A4B1A411FF29C3F2E0F0938015E4
:10264000A50194010E94F9549B01AC01C301B201A0
:102650000E94A1516B017C0120E030E0A9010E94A1
:10266000975287FF02C329813A814B815C81CA015D
:10267000B9010E94A251A30192010E94F9549B0149
:10268000AC01C501B4010E94A1510E94985560930C
:102690008D1570938E1580938F15909390151860FB
:1026A0001093CE15E0913914F8E0EF9FD00111247A
:1026B000BA87A987FD01E751FC4E80916E1584838E
:1026C00040909F155090A015D201D296BC91BEA308
:1026D000F201F3A9FFA3D201D496BC91B8A7F201ED
:1026E000F5A9F9A720917C1530917D1540917E15B3
:1026F00050917F156EA17FA18B2F9F2F0E94A1511A
:102700006AAB7BAB8CAB9DAB20E030E0A9010E94B3
:10271000975287FF04C01AAA1BAA1CAA1DAA2091BF
:1027200091152E8B309192153F8B40919315488FC8
:1027300050919415598F809189158E8F90918A159B
:102740009F8FA0918B15A8A3B0918C15B9A3E09190
:102750009515EAA7F0919615FBA7209197152CA740
:10276000309198153DA7409185154FAF5091861532
:1027700021965FAF219760908715709088158091A2
:1027800080158983909181159EA7A0918215AFA78E
:10279000B0918315B8ABE0918415E9ABF0918D153C
:1027A000FBAF20918E152CAF30918F153DAF40912E
:1027B00090154EAF2AA53BA54CA55DA56E897F89D6
:1027C000888D998D0E9497528111EFC352E05EABC4
:1027D0009EA19D83AFA1AD87B8A5B98BE9A5ED8B6F
:1027E0008EE3C82E83ECD82E8EE2E82E89E3F82EF5
:1027F0001A8E1B8E1C8E1D8EA70196012AA33BA349
:102800004CA35DA33981313009F449C4D201313080
:1028100008F4D3C3333009F075C49E962D913D91D1
:102820004D915C91D197C701B6010E94F9544B01BB
:102830005C0120E030E040E05FE30E94F9549B013E
:10284000AC016FAD21967FAD2197C3010E94A151CC
:10285000A70196010E94F9546FAB78AF89AF9AAF88
:102860009B01AC016D817D8589899D890E94A15163
:102870001B018C012E893F89488D598D0E949752EA
:1028800087FD0CC020E030E0A9016FA978AD89ADCB
:102890009AAD0E94975218160CF472C42E893F8983
:1028A000488D598D6EA17FA188A599A50E94A1513F
:1028B0009B01AC010E94A2516B017C012E8D3F8DCA
:1028C00048A159A16FAD21967FAD2197C3010E9408
:1028D000A2519B01AC01C701B6010E94A1526B013C
:1028E0007C01BE8DBFAFEF8D2196EFAF219768A021
:1028F00079A02E883F88088D198DF1E0F983A70112
:1029000096016A8D7B8D8C8D9D8D0E94A2516A8F60
:102910007B8F8C8F9D8F2AA13BA14CA15DA10E9432
:10292000975287FF67C42A8D3B8D4C8D5D8D6AA1C0
:102930007BA18CA19DA10E94A1516B017C01910101
:10294000A8016EA57FA588A999A90E94975287FD25
:102950002FC38FAD21969FAD2197D301809385150D
:1029600090938615A0938715B0938815F981F093FD
:102970008015E0913A14F0913B1481A1811104C0BB
:102980009091CE1593FF33C0D20191969C91907394
:1029900009F45EC4F201EE5BFF4FC080D180E2809B
:1029A000F3808823B9F02091991530919A154091C0
:1029B0009B1550919C156FAD21967FAD2197C3015A
:1029C0000E94F9549B01AC01C701B6010E94F95461
:1029D0006B017C01C701B6010E94041290939E1501
:1029E00080939D158091CE15877F8093CE15809121
:1029F0009D1590919E15E985FA85E751FC4EFE8361
:102A0000ED839783868320917815309179154091D5
:102A10007A1550917B15B101C8010E94F9542B0120
:102A20003C010E9480526B017C0160917415709191
:102A3000751580917615909177150E9480524B0103
:102A40005C01A70196010E94A1510E941A5369835B
:102A50007A838B839C83E981FA81AD81BE81ED937A
:102A6000FC93EF2B09F001C48091CE1581FFFDC3CB
:102A700081608093CE15C05CDF4F0FB6F894DEBF47
:102A80000FBECDBFDF91CF911F910F91FF90EF90BF
:102A9000DF90CF90BF90AF909F908F907F906F907E
:102AA0005F904F903F902F9008950E94840A88CDA8
:102AB00080916E158F5F893009F480E080936E15E8
:102AC000282F30E052E2859FC0011124DC01A45C74
:102AD000BB4E7D01B0933B14A0933A14ED81FE816F
:102AE00080A190968C9390E080E04191519161910A
:102AF0007191D701A80FB91F689412F8440F551FA0
:102B0000661F771F1694D1F74D935D936D937C9359
:102B1000139704968C31910541F7AD81BE815C9687
:102B20006D917D918D919C915F97B2E2B29FA001D2
:102B3000B39F500D1124FA01E45CFB4E4B015C0184
:102B400023E0880C991CAA1CBB1C2A95D1F7848E03
:102B5000958EA68EB78E0E9449536093741570931C
:102B600075158093761590937715ED81FE8122A9D6
:102B700033A944A955A90E94A1529B01AC012093FD
:102B800078153093791540937A1550937B1560E052
:102B900070E080EA9FE30E94A15260937C157093DD
:102BA0007D1580937E1590937F151092701510926D
:102BB0007115109272151092731511FD02C003FF6A
:102BC00043C060918D1570918E1580918F159091F5
:102BD0009015609385157093861580938715909353
:102BE00088159B01AC010E94F954AD81BE81969677
:102BF0006D937D938D939C939997077F00936F15A9
:102C0000D70191961C928091FC1681FFECCCED814E
:102C1000FE8181A185FFE7CCFE9620813181428132
:102C2000538160E070E080E89FE30E94A1526093CE
:102C3000991570939A1580939B1590939C15E1E0DC
:102C4000D7019196EC93CFCCED81FE8166A177A15F
:102C500080A591A50E94985560938515709386155F
:102C60008093871590938815CBCFC0928115D09211
:102C70008215E0928315F092841510928D151092B2
:102C80008E1510928F151092901509CD1092801507
:102C900040929115509292156092931570929415EE
:102CA00012FF6AC010928D1510928E1510928F151A
:102CB00010929015C12CD12C76018D819E810E949D
:102CC0000F0A698B7A8B8B8B9C8B9B01AC010E94CA
:102CD000F9546D837E838F839887A50194010E94A8
:102CE000975287FF93C02D813E814F815885C50142
:102CF000B4010E94A15129853A854B855C850E94CB
:102D0000F9549B01AC01C301B2010E94A15160932F
:102D1000911570939215809393159093941520E0DC
:102D200030E0A9010E94975218160CF449C032E015
:102D30003093801529813A814B815C81CA01B901A8
:102D40000E94A251A30192010E94F9549B01AC017F
:102D5000C501B4010E94A1510E94985560938D1540
:102D600070938E1580938F159093901580916F15A9
:102D7000886080936F1593CCE0910D0AEF5FE43289
:102D800009F4E0E08091E613C12CD12C76018E1776
:102D900051F026E42E9FF0011124E25FF54FC6A00A
:102DA000D7A0E0A4F1A4C701B6010E949855609392
:102DB0008D1570938E1580938F15909390157DCF00
:102DC000A70196016D817E818F8198850E94A15116
:102DD00029853A854B855C850E94F9546093951549
:102DE00070939615809397159093981589899A8971
:102DF000AB89BC898093891590938A15A0938B1514
:102E0000B0938C1593E09093801549CCA70196015F
:102E1000C501B4010E94A15129853A854B855C8585
:102E20000E94F954A30192010E94A25120E030E0D7
:102E300040E05FE30E94F9546D877E878F87988B0F
:102E400020E030E0A9010E94B95418160CF094C09B
:102E5000A30192016D857E858F8598890E94975286
:102E600087FF88C0A70196016D817E818F8198853B
:102E70000E94A15129853A854B855C850E94F954B1
:102E80009B01AC01209395153093961540939715AF
:102E9000509398156D857E858F8598890E94B954C9
:102EA0001816BCF529893A894B895C8920938915C4
:102EB00030938A1540938B1550938C15A50194017E
:102EC0006D817E818F8198850E949752811104C007
:102ED00031E030938015E3CBA50194016D817E81B3
:102EE0008F8198850E94A15129853A854B855C8503
:102EF0000E94F9549B01AC01C301B2010E94A1518F
:102F000060939115709392158093931590939415F7
:102F1000C6CB8D859E85AF85B8898093911590939A
:102F20009215A0939315B093941580939515909353
:102F30009615A0939715B093981529813A814B81E6
:102F40005C81CA01B9010E94A2512D853E854F8541
:102F500058890E94F954A70196010E94A2510E942B
:102F600098556093891570938A1580938B1590936B
:102F70008C1595CB92E047CF80918D1590918E1551
:102F8000A0918F15B09190151092911510929215F5
:102F900010929315109294158093891590938A1529
:102FA000A0938B15B0938C157ACB81E08EAB10CCAF
:102FB0002D823D86098B1D8B25CC9E962D913D91B2
:102FC0004D915C91D197C701B6010E94F9544B0114
:102FD0005C0120E030E040E05FE30E94F9542FAD57
:102FE00021963FAD2197A3010E94A251A70196010E
:102FF0000E94F9549B01AC016D817D8589899D8971
:103000000E94A1511B018C019B01AC016E897F893B
:10301000888D998D0E94B954181694F52E893F8990
:10302000488D598D6EA17FA188A599A50E94A151B7
:103030009B01AC010E94A2516B017C012E8D3F8D42
:1030400048A159A16FAD21967FAD2197C3010E9480
:10305000A2519B01AC01C701B6010E94A1526B01B4
:103060007C01BEA9B983EE8DEFAFFF8D2196FFAF36
:10307000219768A079A02E883F88088D198D3FCCB4
:10308000A50194016FAD21967FAD2197C3010E94E8
:10309000A2516FAF21967FAF21973C0130CC2E8D8E
:1030A0003F8D48A159A1C701B6010E94F9549B0167
:1030B000AC016D817D8589899D890E94A1511B018B
:1030C0008C012AA53BA54CA55DA50E94975287FFC0
:1030D00016CC2AA53BA54CA55DA56D817D8589896A
:1030E0009D890E94A1512E8D3F8D48A159A10E941A
:1030F000A1526B017C012AA43BA40CA51DA522E0D2
:103100002983FDCB9E962D913D914D915C91D19758
:10311000C701B6010E94F9544B015C01AC019B014F
:103120006FAD21967FAD2197C3010E94B954181647
:103130008CF520E030E040E05FE3C501B4010E947F
:10314000F9549B01AC016FAD21967FAD2197C3016E
:103150000E94A151A70196010E94F9549B01AC0164
:103160006D817D8589899D890E94A1511B018C01FA
:103170002EA53FA548A959A90E94B954181654F480
:10318000A50194016FAD21967FAD2197C3010E94E7
:10319000A1517FCF2EA53FA548A959A96D817D8555
:1031A00089899D890E94A1519B01AC010E94A25175
:1031B0006B017C012BAD3CAD4DAD5EAD6FAD21968D
:1031C0007FAD2197C3010E94A2519B01AC01C701B1
:1031D000B6010E94A1526B017C01BBADBFAFECAD4B
:1031E0002196EFAF21976DAC7EAC2EA43FA408A929
:1031F00019A985CB2AA93BA94CA95DA9B101C80190
:103200000E94B95418169CF42EE333EC4EE259E3B5
:103210006AA17BA18CA19DA10E94A2516AA37BA35C
:103220008CA39DA32A8D3B8D4C8D5D8D84CB8FAD62
:1032300021969FAD2197D301809385159093861594
:10324000A0938715B093881529812093801591CB81
:103250001092D7151092D8151092D9151092DA1530
:1032600010929E1510929D15BDCB20917015309136
:10327000711540917215509173156A8D7B8D8C8DEF
:103280009D8D0E94A2516D837E838F839887A301B9
:103290009201C501B4010E94A1519B01AC016D8155
:1032A0007E818F8198850E94A1524B015C0120ECA8
:1032B00031EE44E65EE40E94F9540E9480520E947E
:1032C0001A53E985FA85E751FC4E603D37E07307F4
:1032D0008105910508F054C01582E985FA85E7510A
:1032E000FC4E738362838091E813809339148F5F5F
:1032F0008A3009F47BC08093E813E0919F15F09128
:10330000A015C101D80182AB93ABA4ABB5ABC09201
:103310007415D0927515E0927615F0927715A30189
:103320009201C701B6010E94A151A50194010E941A
:10333000F954609370157093711580937215909382
:10334000731520918115309182154091831550910C
:103350008415B101C8010E949752811117C990913B
:10336000CE15998320E030E0A901B101C8010E9487
:10337000B9541816F4F5A981A160A093CE157BCBA2
:10338000603A4FE074078105910520F551E05583BF
:10339000E985FA85E751FC4E2581022E04C09695F9
:1033A0008795779567950A94D2F749815A8102C02B
:1033B000440F551F2A95E2F751834083611571052B
:1033C00051E08507910508F488CF8FEF9FEF938335
:1033D000828389CF6034AFE17A078105910518F4C3
:1033E000B2E0B583D5CF23E02583D2CF1092E81386
:1033F00084CFB981B2FF04C0B160B093CE153BCB8E
:103400001092A01510929F1590910D0A8091E613CD
:10341000891709F4BBC881E0890F843209F480E080
:1034200020910C0A921302C080930C0A80930D0A1B
:10343000ADC8019708F40895EFE9FFE03197F1F77F
:1034400000C00000F6CF80916F008D7F80936F00E9
:1034500080918100887F8160809381001092C809EB
:103460008091EA169091CA158F3F49F42091A815D2
:10347000211105C0903829F490E00C94191A943069
:10348000D9F70895CF93DF930E94231AEEE6F5E172
:1034900081E3DF011D928A95E9F7C9ECD9E083E465
:1034A000FE0111928A95E9F71092A01510929F15CE
:1034B0001092E7131092391481E08093E813109270
:1034C000C8090E94A7048091C7098F8F82B18170BB
:1034D0009091C609892B82B988B181709091C709F2
:1034E000892B88B9DF91CF910895EF92FF920F93C6
:1034F0001F93CF93DF93EC01FC0127E08FEF9FEF49
:103500002150D9F48C017E0186E0E80EF11C8991EE
:103510000E941005EC16FD06D1F7802F0E941005C1
:10352000812F0E94100582E390E0DF91CF911F91DF
:103530000F91FF90EF900C94191A3191832748E076
:1035400050E0BC016170772796958795672B21F035
:1035500031E0832730EA93274150510991F7D0CFCA
:10356000CF93DF9300D000D0CDB7DEB78091FC16AB
:1035700081FF0EC08091A0008F7D8093A0002696D1
:103580000FB6F894DEBF0FBECDBFDF91CF91089587
:1035900086E0E9E0F2E0DE01119601900D928A9555
:1035A000E1F7CE0101960E94751AE9CFCF92DF9222
:1035B000EF92FF92CF93DF9300D000D0CDB7DEB76C
:1035C0009091CB15911110C06A017B01811119C036
:1035D0001092D7151092D8151092D9151092DA15AD
:1035E0000E94B01A1092D51526960FB6F894DEBF39
:1035F0000FBECDBFDF91CF91FF90EF90DF90CF90C6
:1036000008959091FC169270803181F486E0EFE08D
:10361000F2E0992381F08091FC1681FF17C0C70169
:10362000B6010E9404120E947904DCCF9111F3CFFD
:1036300086E0E5E1F2E0DE01119601900D928A95B7
:10364000E1F7CE0101960E94751AE5CF20E030E047
:1036500040EC50E4C701B6010E94A1520E941A53E7
:1036600081E0898386E08A8380EF8B8388E08C8386
:103670007D836E83CE0101960E94751AB3CFE1E07F
:10368000F1E080818061808383E08093A0008AE103
:103690008093A10080E094E09093A9008093A8001B
:1036A0002091F8163091F9164091FA165091FB16B8
:1036B0006091F4167091F5168091F6169091F716B8
:1036C0000E94A1519B01AC0160E070EC8FE794E493
:1036D0000E94A1526093A4097093A5098093A60942
:1036E0009093A7090C94B01A2F923F924F925F9239
:1036F0006F927F928F929F92AF92BF92CF92DF9202
:10370000EF92FF920F931F93CF93DF93CDB7DEB766
:103710002F970FB6F894DEBF0FBECDBF082F4B0119
:103720002DB73EB73F872E878CE0EBE1F2E0DE015C
:10373000119601900D928A95E1F70E94701110E0A8
:10374000180184E0220C331C8A95E1F733E03D87B1
:103750002E018DE0480E511C81010959194E380186
:1037600094EF690E711C0B501F4F9E012F5F3F4F4E
:103770007901F70181917F010E942905E414F50484
:10378000C1F7F12CE12CF101EE0DFF1DE35BF84ECA
:1037900080810E942905FFEFEF1AFF0A2EE0E21652
:1037A000F10489F7F301E080F8018081FE2CE82E16
:1037B000E80CF91C8F2D0E942905FE2DFF70EF2EBD
:1037C0008F2F0E94290585E50E942905F301F082CB
:1037D000F801E08284E690E00E94191A0E94FF043A
:1037E0008A3A19F50E94FF04CDB6DEB6A82EB12C98
:1037F0002DB73EB72A193B090FB6F8943EBF0FBE4E
:103800002DBFEDB7FEB731967F01682FCF010E9423
:10381000E904EA0CFB1CF70131978081853559F0EA
:103820000FB6F894DEBE0FBECDBEFD85F150FD870C
:10383000F1119BCF05C00FB6F894DEBE0FBECDBE12
:103840008E859F850FB6F8949EBF0FBE8DBF2F96B5
:103850000FB6F894DEBF0FBECDBFDF91CF911F91A1
:103860000F91FF90EF90DF90CF90BF90AF909F901F
:103870008F907F906F905F904F903F902F90089522
:103880005F926F927F928F929F92AF92BF92CF92F0
:10389000DF92EF92FF920F931F93CF93DF9300D0AD
:1038A00000D000D01F921F92CDB7DEB74C016DB68D
:1038B0007EB68BE0E7E2F2E0DE01119601900D9218
:1038C0008A95E1F70E94701183E0582E5E012CE08A
:1038D000A20EB11C8E010F5F1F4FF80181918F0165
:1038E0000E942905A016B106C1F784E690E00E9467
:1038F000191A0E94FF048A3A09F04BC00E94FF0483
:10390000CDB6DEB6082F10E02DB73EB7201B310B29
:103910000FB6F8943EBF0FBE2DBFEDB7FEB7319680
:103920007F01682FCF010E94E9040E0D1F1DF801D1
:1039300031978081853541F5F701369680E1D401D4
:1039400001900D928A95E1F70FB6F894DEBE0FBE96
:10395000CDBE0FB6F8947EBE0FBE6DBE2B960FB6D1
:10396000F894DEBF0FBECDBFDF91CF911F910F91B5
:10397000FF90EF90DF90CF90BF90AF909F908F908F
:103980007F906F905F9008950FB6F894DEBE0FBEE3
:10399000CDBE5A9451109ECFDCCF4F925F926F9262
:1039A0007F928F929F92AF92BF92CF92DF92EF92CF
:1039B000FF920F931F93CF93DF93C091A815CC2351
:1039C00049F181E08093CA1588E193E00E940C07D9
:1039D0008C2F0E94E7060E94C60784EF91E00E94A8
:1039E000191AC150C23088F481EB93E00E940C0791
:1039F00084EA93E00E940C070E94AC0980E10E94D7
:103A000080038091A91584FFFCCF8FB7F8941092A2
:103A1000A8158FBFC091A915CC2309F4DBC0C4FF42
:103A200014C081E08093CB15DF91CF911F910F914E
:103A3000FF90EF90DF90CF90BF90AF909F908F90CE
:103A40007F906F905F904F900895C0FF05C00E94D7
:103A5000940A81E00E9480038C2F887E09F46AC05A
:103A60008091CA15982F937009F053C08872A9F0FD
:103A70008091CC15807C89F40E94430482E080937D
:103A8000CE158091CA15803241F480E2C7FD0CC08A
:103A90008091CC1580688093CC158091CA158111D6
:103AA00003C091E09093CC15C6FF07C085FD05C00B
:103AB0009091CC1590649093CC15C3FF05C0807E87
:103AC00019F480E18093CA15C5FF23C081EB93E010
:103AD0000E940C0788E693E00E940C070E94AC0944
:103AE0008091CC1587FD10C09091CA15903451F487
:103AF00083FF04C0837E82608093CC1580E4809332
:103B0000CA1502C09038D1F78091CC15806280939D
:103B1000CC15C7FF0CC08091CA15813029F4809163
:103B2000CC1585608093CC1580E88093CA1588EE0B
:103B30000E948003C1FF28C08C2F887611F58091E8
:103B4000CA15803441F48091CC1585FD04C084FFF2
:103B5000F4C01092CA158091CA15882309F4F3C0E5
:103B600084FF0FC09091CC1590FF0BC0803109F0FD
:103B7000EAC08091D415882309F4E5C08860809359
:103B8000D41582E00E948003C2FF24C09091CC151E
:103B90008091CA15807D09F4EFC08091CD15811107
:103BA000EBC097FDEBC00E94430480910D0A809307
:103BB0000C0A0E94300D8091CE1581FF05C09091B6
:103BC000CC1591609093CC15897F8093CE1584E0BD
:103BD0000E9480039091A415992309F44DC08FB7DA
:103BE000F8941092A4158FBF4091D115842F90FDA9
:103BF00084E691FD865F92FD8A5093FD8F5F94FD70
:103C00008150893C08F088EC8A3008F48AE03091D1
:103C1000D215232F95FD24E696FD22E397FD29E199
:103C2000481302C0231741F18093D1152093D21578
:103C30001092D51580900D0A4090E613C82D89E9A1
:103C4000B82E96E7E92E26E9F22EDEE736E4532E6B
:103C5000C411AFC08B2D9E2DAF2DBD2F80931804A6
:103C600090931904A0931A04B0931B040E94430478
:103C700080920C0A0E94300D9091A515992309F4A9
:103C800045C08FB7F8941092A5158FBF2091D3151A
:103C9000822F90FD84E691FD865F92FD8A5093FD10
:103CA0008F5F94FD8150893C08F088EC8A3008F4DD
:103CB0008AE0281749F02091CE1528602093CE1570
:103CC0008093D3151092D5158091CA1595FF09C020
:103CD000803139F42091D4152111C0C022E0209305
:103CE000D415292F207C91F0882311F0887171F070
:103CF0008091300497FF03C087FFB4C08F7796FF91
:103D000003C086FFB1C08F7B809330048091CA15B9
:103D10008C7F09F489CEDF91CF911F910F91FF9095
:103D2000EF90DF90CF90BF90AF909F908F907F905B
:103D30006F905F904F900C94A71282FF0CCF886019
:103D40008093CC1508CF1092CE150E94840A892B3F
:103D500071F08091CC1586FD0AC01092CC1588E0D8
:103D60008093CA150E94A7120E9467040ACF10927E
:103D7000CC151092CA1505CF97FF0AC01092CE1528
:103D80000E9487110E94421A0E948A100E94FE0916
:103D90008091CC1585FF08C08F7781608093CC150A
:103DA00080E48093CA1513CF1092CC151092CA15D7
:103DB0000ECFCC2ED12CC59DC0011124825F954F12
:103DC0000E940F0A3B01982EA92E2B2D3E2D4F2D20
:103DD0005D2F0E94B9545C9C80015D9C100D1124E4
:103DE000025F154F18169CF52B2D3E2D4F2D5D2F84
:103DF0006B2D7E2D8F2D9D2F0E94F954F80162A707
:103E000073A784A795A75C9C80015D9C100D11246D
:103E1000025F154FF801C6A8D7A8E0ACF1ACA70126
:103E2000960162A573A584A595A50E94B95418169C
:103E30002CF4F801C2A6D3A6E4A6F5A6CF5FC4323F
:103E400009F4C0E0B62CE72CF92CDA2D01CF930150
:103E5000492D5A2DB301892D9A2DCECF20FF41CF68
:103E600024603DCF80684BCF80644ECFCF92DF92ED
:103E7000EF92FF920F931F93CF93DF930E94CD1C7D
:103E80008091CC15882309F460C00E94840A0097B1
:103E9000D1F5C091310480913004C82BC090320418
:103EA000D0903304E0903404F09035048091FC16F7
:103EB00081FF03C080E20E946803C073D1E080915B
:103EC000CC15882309F441C09091CB1591113DC0C8
:103ED00080FF16C09091CA15292F207C09F484C058
:103EE00082FD1BC01092D41540E050E0BA0180E082
:103EF0000E94D61A8091CC158D7F84608093CC155A
:103F00000E94CD1CDCCFFC01C1A18E5B9F4FFC0148
:103F1000C080D180E280F380C9CF903811F581EB69
:103F200093E00E940C078FE193E00E940C070E942F
:103F3000AC0940E050E0BA0180E00E94D61A0E942D
:103F4000231A8091CB15882349F0DF91CF911F91DF
:103F50000F91FF90EF90DF90CF9008950E94CD1CBD
:103F6000F0CF903429F4909106018F7D8093CC1589
:103F70008091CC1583FFC4CF90913104992359F0DF
:103F800081FDBECF8091FC1681FF10C08091CE15BF
:103F900088608093CE158091CC1581FDB1CF806172
:103FA0008093CC1582E00E948A03AACFB701A601B4
:103FB0008C2F0E94D61A01E510E00150110959F327
:103FC0008091CB158111E7CF0E94CD1C8091CC153B
:103FD00081FD96CFFFEF20E782E0F1502040804046
:103FE000E1F700C00000E9CF8091D4158823C9F122
:103FF00081FF0DC080913104882351F140E050E0F1
:10400000BA0180E00E94D61AD093D41579CF8C7073
:1040100009F476CF80913104882399F081EB93E005
:104020000E940C0788E293E00E940C070E94AC09F2
:104030008091FC1681FF0FC08091CE15886080931F
:10404000CE158091D41583FF03C082E00E948A03BD
:104050001092D41555CFB701A6018C2F0E94D61A05
:10406000F0CF8091CE1583FF4BCFB701A6018C2FE7
:104070000E94D61A8091CE15877F8093CE1540CFAF
:104080000E94280D0E94361F8091CB15811108C017
:104090000E94840A892BB1F78091CA15883091F368
:1040A0000895CF93DF9321E031E0829FE001839F69
:1040B000D00D1124DD5F40E051E0BE018DEA97E1B3
:1040C0000E940011892B79F41092AD170E944020B4
:1040D00040E051E06DEA77E1CE010E94B01080E04F
:1040E000DF91CF91089581E0FBCF0E944020109294
:1040F000D6150895CF92DF92EF92FF92CF939091D1
:10410000CA15923079F06A017B01C82F0E944020C5
:10411000B701A6018C2FCF91FF90EF90DF90CF9049
:104120000C94D61ACF91FF90EF90DF90CF90089526
:104130000F931F93CF93C82F8B010E9440202DE136
:10414000C29FC00111244CE150E0B8019E5FCF91A5
:104150001F910F910C94B0101F93CF93DF93182FE2
:10416000EB018DE1189FB00111247E5F4CE150E01E
:10417000CE010E940011892B71F48CE1FE01119295
:104180008A95E9F7BE01812F0E94982080E0DF9197
:10419000CF911F91089581E0FACF4F925F926F9275
:1041A0007F928F929F92AF92BF92CF92DF92EF92C7
:1041B000FF920F931F93CF93DF93CDB7DEB76C972A
:1041C0000FB6F894DEBF0FBECDBF182F80FFF7C12A
:1041D0008AE08093E71689E18093EA161092E81648
:1041E00084E08093E91682E08093EB168AE097EDF5
:1041F000A3E2BCE38093EC169093ED16A093EE1629
:10420000B093EF168FE692E1A3E0BBE38093F01644
:104210009093F116A093F216B093F31680E090E419
:10422000ACE9B6E48093F4169093F516A093F616D5
:10423000B093F7161092F8161092F9161092FA161B
:104240001092FB161092FD1680E090E0A8ECB1E40D
:104250008093FE169093FF16A0930017B09301175A
:1042600080E090E0A6E1B4E48093021790930317F6
:10427000A0930417B09305178AEF90E09093071767
:104280008093061780E090E0A0E0B0E480930817E8
:1042900090930917A0930A17B0930B1788E18093A6
:1042A000FC1680E090E0A8ECB3E48093771690933E
:1042B0007816A0937916B0937A1680937B16909314
:1042C0007C16A0937D16B0937E1680937F169093F4
:1042D0008016A0938116B093821680E090E0AAE742
:1042E000B5E48093931690939416A0939516B0938B
:1042F00096168093971690939816A0939916B0935C
:104300009A1680939B1690939C16A0939D16B0933B
:104310009E1680E098ECAFEAB9E48093AF169093D4
:10432000B016A093B116B093B2168093B3169093C3
:10433000B416A093B516B093B6168093B7169093A3
:10434000B816A093B916B093BA1680E090E0A8EC26
:10435000B3EC8093CB169093CC16A093CD16B0936C
:10436000CE168093CF169093D016A093D116B0930B
:10437000D2168093D3169093D416A093D516B093EB
:10438000D61681E080930C1710920D1710920E171D
:1043900010920F17109210171092111710921217F7
:1043A000109213171092141735E1C32E37E1D32E54
:1043B0004CEEE42EFF24FA94412C512C50EA652E49
:1043C00050EC752E812C912C68E4A62E62ECB62E52
:1043D000F60141925192619271926F01B7010F2CD7
:1043E000000C880B990B0E944B53F601648B758B64
:1043F000868B978B84A695A6A6A6B7A6FEE1EF1A94
:10440000F10878E3E7167FEFF70611F7EDE5F7E13E
:1044100061E050E440EC33E02AE096E082E3608320
:10442000118252834383148215821682178210866A
:10443000118632872387948785871686178670961C
:1044400077E1ED39F70759F710929D1710929E17F3
:1044500010929F171092A0171092A1171092A217F6
:104460001092A3171092A4171092A5171092A617D6
:104470001092A7171092A8171092A9171092AA17B6
:104480001092AB171092AC178FE195ECA1E3B3E457
:104490008093831690938416A0938516B093861606
:1044A00040E050E06AE775E440939F165093A016F1
:1044B0006093A1167093A216C12C88ECD82E8FEAB7
:1044C000E82E89E4F82EC092BB16D092BC16E0927A
:1044D000BD16F092BE1680E090E0A8E4B3EC8093A5
:1044E000D7169093D816A093D916B093DA16812CCC
:1044F000912C20EAA22E23E4B22E8092871690926D
:104500008816A0928916B0928A164093A3165093EB
:10451000A4166093A5167093A616C092BF16D092EB
:10452000C016E092C116F092C2168093DB169093EB
:10453000DC16A093DD16B093DE1680928B16909257
:104540008C16A0928D16B0928E16C092C316D09281
:10455000C416E092C516F092C6164093A716509363
:10456000A8166093A9167093AA168093DF169093ED
:10457000E016A093E116B093E21680928F16909207
:104580009016A0929116B0929216C092C716D09231
:10459000C816E092C916F092CA164093AB16509313
:1045A000AC166093AD167093AE168093E31690939D
:1045B000E416A093E516B093E6160E94EB1011FFE7
:1045C00010C0CE0101967C018CE1F70111928A9511
:1045D000E9F700E0B701802F0E9498200F5F0830B4
:1045E000C9F712FF14C060E080E093E00E949010D1
:1045F00060E081E093E00E94901060E081E094E050
:104600000E94901060E082E094E00E94901013FFFE
:104610000AC060E08EEA93E00E94901060E08FEAAA
:1046200093E00E9490106C960FB6F894DEBF0FBE18
:10463000CDBFDF91CF911F910F91FF90EF90DF9051
:10464000CF90BF90AF909F908F907F906F905F9032
:104650004F900895CF92DF92EF92FF920F931F93A6
:10466000CF93DF936B017A01E90120910B012F7742
:1046700020930B0120910B01206820930B01F894EB
:104680008230910591F030F44FEF6FEF019779F0A0
:1046900040E008C040E06FEF8330910521F04FEF1C
:1046A0000497B1F760E080E003C040E060E08FEF86
:1046B0000E94641082E0C816D104B1F038F44FEFC4
:1046C0006FEFCA94CD2891F040E00BC040E06FEF4F
:1046D00093E0C916D10431F04FEF84E0C816D1043D
:1046E00099F760E080E003C040E060E08FEF0E9457
:1046F000641092E0E916F104B1F038F44FEF6FEF77
:10470000EA94EF2891F040E00BC040E06FEF83E0C7
:10471000E816F10431F04FEF94E0E916F10499F74F
:1047200060E080E003C040E060E08FEF0E94641032
:10473000C230D10591F030F44FEF6FEF219779F04F
:1047400040E008C040E06FEFC330D10521F04FEFEB
:104750002497B1F760E080E003C040E060E08FEFB5
:104760000E94641002301105A1F038F44FEF6FEF92
:104770000130110581F040E009C040E06FEF0330E7
:10478000110529F04FEF04301105A9F760E080E032
:1047900003C040E060E08FEF0E94641078948FEED9
:1047A00090E00197F1F700C00000DF91CF911F91D9
:1047B0000F91FF90EF90DF90CF900895CF93DF930C
:1047C000D82FA198A19AF894CFE0D130A9F480E035
:1047D0000E94FB0F8FEF0E94FB0F80E00E94FB0FF7
:1047E000C15099F778948FEE90E00197F1F700C0EF
:1047F0000000DF91CF910895D23029F48FEF0E940D
:10480000FB0F80E0E8CF80E00E94FB0F80E00E9479
:10481000FB0F8FEFE3CF8091A91584FD20C080E1CD
:104820000E948A030E94B01A0E9445119091CA15F5
:10483000892F8C7221F48091CE15867059F09430B6
:1048400061F48091A815811103C086E00E947A036B
:104850000E94231A81E00C94DE2383E0F7CF0895B1
:10486000CF93C82F0E948010C1111DC088988FE778
:1048700097E00197F1F700C000008C2F0E947310A1
:10488000E7E1F1E03197F1F700C00000C11111C07C
:104890008FB180958170E7E6F6E03197F1F700C0BF
:1048A0000000CF910895C13011F44098E0CF759881
:1048B000DECFC13011F486B1ECCF8CB185FB8827F7
:1048C00080F991E08927E7CF0F931F93CF93DF9370
:1048D000C82F08E010E0D0E0D6958C2F0E94801001
:1048E000C11120C0889880E18A95F1F78C2F0E9431
:1048F0007310E5E3EA95F1F70000C11119C08FB11B
:104900008170E7ECF0E03197F1F700C00000811111
:10491000D0680150110901F78D2FDF91CF911F91C0
:104920000F910895C13011F44098DDCF7598DBCF19
:10493000C13011F486B1E4CF8CB185FB882780F9B2
:10494000E0CF0F931F93CF93DF93C82FD62F08E0AC
:1049500010E08C2F0E948010D0FF1FC0C11117C023
:1049600088988AE18A95F1F700C08C2F0E94731015
:104970008BED90E00197F1F700C00000D695015053
:10498000110939F7DF91CF911F910F910895C1302F
:1049900011F44098E6CF7598E4CFC1110FC0889804
:1049A00083E091E00197F1F700C000008C2F0E9496
:1049B00073109AE19A95F1F700C0E0CFC13011F47D
:1049C0004098EECF7598ECCF8F929F92AF92BF92A6
:1049D000CF92DF92EF92FF92CF93C82F61111AC04E
:1049E0000E94302481110DC060E070E0CB01CF91B6
:1049F000FF90EF90DF90CF90BF90AF909F908F90FF
:104A000008956CEC8C2F0E94A12464E48C2F0E94EA
:104A1000A124EACF442341F30E9430246CEC8C2F74
:104A20000E94A1246EEB8C2F0E94A1248C2F0E9447
:104A30006424C82E8C2F0E946424D82E0D2C000CC8
:104A4000EE08FF08C701B601C1112FC00E944B53E9
:104A500020E030E040E85DE30E94F9544B015C0146
:104A600020E030E040EA50E40E94B954181694F473
:104A700020E030E040EA52E4C501B4010E949752C0
:104A800087FF08C080921C0490921D04A0921E040F
:104A9000B0921F04C701B6010E944B5320E030E0E2
:104AA00040E85DE30E94F954A2CF0E944B5320E0FE
:104AB00030E040E85DE30E94F9544B015C0120E0E6
:104AC00030E040EA50E4C130B9F40E94B9541816FD
:104AD0000CF720E030E040EA52E4C501B4010E9446
:104AE000975287FFD7CF8092200490922104A09202
:104AF0002204B0922304CECF0E94B954181654F663
:104B000020E030E040EA52E4C501B4010E9497522F
:104B100087FFC0CF8092240490922504A09226049F
:104B2000B0922704B7CF2F923F924F925F926F922D
:104B30007F928F929F92AF92BF92CF92DF92EF922D
:104B4000FF920F931F93CF93DF93CDB7DEB7C65875
:104B5000D1090FB6F894DEBF0FBECDBFE9967FAF87
:104B60006EAFE997B090E6132B2D30E0E3963FAFA0
:104B70002EAFE39726E4B29EA0011124BA01625F32
:104B8000754FEB967FAF6EAFEB97DB011D922A95C9
:104B9000E9F7E996EEADFFADE9972485DB01919643
:104BA0002C93FB01EE5BFF4FE996AEADBFADE997ED
:104BB00014964D915D916D917C911797408351832F
:104BC0006283738318964D915D916D917C911B97D3
:104BD000EB96EEADFFADEB9742A353A364A375A391
:104BE00021FFE9C12CE1EAEAF5E1DE01D996019065
:104BF0000D922A95E1F7E4968FAFE497E5969FAF83
:104C0000E59727E736E1CD57DF4F39832883C3582F
:104C1000D040BE01635E7F4FCF57DF4F79836883FB
:104C2000C158D040CE01C996C158DF4F99838883BF
:104C3000CF57D040EB96AEADBFADEB97EF96BFAF81
:104C4000AEAFEF974E01B5E58B0E911CED969FAE82
:104C50008EAEED9710E086E4E396EEADFFADE39700
:104C60008E9F10018F9F300C11249101225F354FD0
:104C70001901B901645E7F4FCB57DF4F7983688399
:104C8000C558D04070E2270E311CE596AEADBFADE1
:104C9000E5976D917D918D919D91E596BFAFAEAFFA
:104CA000E597CD57DF4FE881F981C358D040419057
:104CB000519061907190CD57DF4FF983E883C358CD
:104CC000D040A30192010E94F9540E94C654CF57CC
:104CD000DF4FA881B981C158D0406D937D938D93EA
:104CE0009D93CF57DF4FB983A883C158D040C15897
:104CF000DF4FE881F981CF57D040C190D190E1904A
:104D0000F190C158DF4FF983E883CF57D0406C1939
:104D10007D098E099F099B01AC0197FF07C02227DF
:104D20003327A901261B370B480B590BEF96AEAD65
:104D3000BFADEF972D933D934D935D93EF96BFAF2E
:104D4000AEAFEF97CB57DF4FE881F981C558D04020
:104D5000C080D180E280F380C216D306E406F50657
:104D600010F469017A01CB57DF4FA881B981C5588A
:104D7000D040CD92DD92ED92FC9213970E944B535E
:104D8000A30192010E94A152ED96EEADFFADED9709
:104D90006193719381939193ED96FFAFEEAFED9791
:104DA00020E030E0A9010E94975287FF07C0812FC1
:104DB0000E948D04D1019C91892B8C931F5F173029
:104DC00009F063CF80E0CD28CE28CF2809F4D9C0E0
:104DD000CE018B5A9F4F0E9498116B017C0186E493
:104DE000E396EEADFFADE3978E9F80018F9F100D90
:104DF0001124025F154FD801D296CD92DD92ED922B
:104E0000FC92D597BE016B5A7F4F8FEA96E10E94C4
:104E10009B0EF80166A777A780AB91ABBE016B5ADA
:104E20007F4F83E996E10E949B0ED801DA966D933D
:104E30007D938D939C93DD979196AC90025C1F4F70
:104E4000A0FEBDC0F801608371838283938380914B
:104E50000D0AB81611F0A1FECDC086E4E3962EAD82
:104E60003FADE397829FF001839FF00D1124E25F35
:104E7000F54F16A217A210A611A616AA17AA10AED1
:104E800011AE86E4E396EEADFFADE3978E9F800111
:104E90008F9F100D1124025F154FD80191968C91B0
:104EA00081FD6EC0EB968EAD9FADEB970E940F0A11
:104EB0006B017C018090180490901904A0901A0452
:104EC000B0901B04AC019B01C501B4010E94975234
:104ED00087FF6DC1A5019401C501B4010E94F95479
:104EE000F80162A773A784A795A786E4E396EEADC1
:104EF000FFADE3978E9F80018F9F100D1124025FFD
:104F0000154FD801D6968D909D90AD90BC90D997B5
:104F1000A50194019A966D917D918D919C919D979B
:104F20000E94B95418162CF4F80182A693A6A4A6E0
:104F3000B5A6C0921804D0921904E0921A04F09217
:104F40001B048CE1FE01EB5AFF4FACEFB3E0019084
:104F50000D928A95E1F78CE1FE017D96A0EEB3E01B
:104F600001900D928A95E1F78091DF038093E6131B
:104F70008F5F843209F480E08093DF030E94300D5C
:104F800081E0CA57DF4F0FB6F894DEBF0FBECDBF2A
:104F9000DF91CF911F910F91FF90EF90DF90CF9015
:104FA000BF90AF909F908F907F906F905F904F9049
:104FB0003F902F9008952CE1E0EEF3E016CEE996B5
:104FC000AEADBFADE9972D913D914D915C91A3FCA4
:104FD00006C0F801208331834283538338CFC70151
:104FE000B6010E94F954D8016D937D938D939C93E3
:104FF00013972DCF6CEF73E0E9967FAF6EAFE99713
:105000008E010F5F1F4F14017CE1270E311CC12C54
:10501000D12C76015801E996EEADFFADE99781916B
:105020009191A191B191E996FFAFEEAFE997E79623
:105030008CAF9DAFAEAFBFAFE797D4014D905D9001
:105040006D907D904D01A3019201E7966CAD7DAD11
:105050008EAD9FADE7970E94F9549B01AC01C7014B
:10506000B6010E94A1516B017C01E7962CAD3DADCC
:105070004EAD5FADE797C301B2010E94A151F801A7
:1050800061937193819391938F012814390419F6D8
:105090002FEE3FEF4FE75FE3C701B6010E94B9541F
:1050A00018166CF486E4E3962EAD3FADE397829F2D
:1050B000F001839FF00D1124E25FF54FDECE2FEE5D
:1050C0003FEF4FE75FEBC701B6010E94975287FFA2
:1050D00015C086E4E3966EAD7FADE397869FF00141
:1050E000879FF00D1124E25FF54F89E996E7A6E965
:1050F000BEE786AB97ABA0AFB1AFC3CEC5010E94F0
:105100009811B5018FEA96E10E949B0E4B015C015C
:10511000A701960160E070E080E89FE30E94A15142
:1051200020E030E040E05FE30E94F9540E9498558F
:105130006B017C012091EC163091ED164091EE163A
:105140005091EF16C501B4010E94F954A7019601D0
:105150000E94F9544B015C01A701960160E070E0E8
:1051600080E89FE30E94A1519B01AC01C501B401FD
:105170000E94A1526B017C0120E030E0A9010E9455
:10518000975287FF03C0C12CD12C760186E4E396A9
:10519000AEADBFADE3978A9FF0018B9FF00D112458
:1051A000E25FF54FC6AAD7AAE0AEF1AE6ACEA7017C
:1051B0009601C701B6010E94F954D8019A966D93E1
:1051C0007D938D939C939D9790CEBF92CF92DF92CB
:1051D000EF92FF920F931F93CF93DF93CDB7DEB77C
:1051E000A9970FB6F894DEBF0FBECDBFB82E0E94B0
:1051F00040200E94C60F8091CB15811179C08E018D
:10520000035E1F4F8DE0F80111928A95E9F786E061
:1052100089A720E030E040E450EC6091E316709103
:10522000E4168091E5169091E6160E94F9546B0100
:105230007C0120E030E0A9010E94975287FF03C063
:10524000C12CD12C76016AEA75E1CE0101960E944B
:1052500005041092C2151092C3151092C415109235
:10526000C515BB2021F0F7FAF094F7F8F094C98E39
:10527000DA8EEB8EFC8E82E08093D01580E090E099
:10528000A8E4B2E48D8F9E8FAF8FB8A3B801CE0192
:1052900001960E94932584E08093CE150E94A71268
:1052A0000E94670412E0809109018095BB2081F182
:1052B0008071811110E01093D0150E94A712809187
:1052C000A915847309F448C01091A91514FF03C0EF
:1052D00086E00E947A0315FF03C087E00E947A03EC
:1052E0008091A8158823B1F00E940B240E94361FDC
:1052F000A9960FB6F894DEBF0FBECDBFDF91CF9158
:105300001F910F91FF90EF90DF90CF90BF90089585
:105310008072CFCF84E00E9480030E94421A809165
:105320000617909107170E94191A1092C215109231
:10533000C3151092C4151092C5151092CE150E9477
:10534000361F8091CB158111D3CF0E948A100E9405
:10535000FE090E94D00FCCCF1111A5CFDECFBF9296
:10536000CF92DF92EF92FF920F931F93CF93DF9331
:10537000CDB7DEB7A9970FB6F894DEBF0FBECDBF8D
:10538000B82E0E9440205F9A0E94C60F8091CB15D4
:10539000811176C08E01035E1F4F8DE0F8011192DE
:1053A0008A95E9F786E089A720E030E040E450ECF8
:1053B0006091DB167091DC168091DD169091DE16FF
:1053C0000E94F9546B017C0120E030E0A9010E94A9
:1053D000975287FF03C0C12CD12C76016AEA75E190
:1053E000CE0101960E9405041092BA151092BB15C9
:1053F0001092BC151092BD15BB2009F451C0F7FAEC
:10540000F094F7F8F094C98ADA8AEB8AFC8A80E48F
:105410008093D01580E090E0A8E4B2E48D8F9E8F59
:10542000AF8FB8A3B801CE0101960E94932584E006
:105430008093CE150E94A7120E94670410E4BB203F
:1054400011F07D9B10E01093D0150E94A71280915F
:10545000A915847309F452C01091A91514FF03C053
:1054600086E00E947A0315FF03C087E00E947A035A
:105470008091A8158823E9F00E940B240E94361F12
:10548000A9960FB6F894DEBF0FBECDBFDF91CF91C6
:105490001F910F91FF90EF90DF90CF90BF900895F4
:1054A00080E090E0A0ECBFE3898B9A8BAB8BBC8B48
:1054B000AECF84E00E9480030E94421A80910617BA
:1054C000909107170E94191A1092BA151092BB15E5
:1054D0001092BC151092BD151092CE150E94361F69
:1054E0008091CB158111CCCF0E948A100E94FE09B9
:1054F0000E94D00F0E9440205F98C2CF11119FCF11
:10550000DBCFAF92BF92CF92DF92EF92FF920F93D9
:105510001F93CF93DF93CDB7DEB7A9970FB6F8945B
:10552000DEBF0FBECDBF082F0E9440200E94C60FD5
:105530008091CB15811175C05E018DE1A80EB11C63
:105540008DE0F50111928A95E9F786E089A720E0C0
:1055500030E040E450EC6091DF167091E0168091ED
:10556000E1169091E2160E94F9546B017C0120E053
:1055700030E0A9010E94975287FF03C0C12CD12CB3
:1055800076016AEA75E1CE0101960E940504109247
:10559000BE151092BF151092C0151092C1150023B0
:1055A00009F450C0CD8ADE8AEF8AF88E80E88093B5
:1055B000D01580E090E0AAEFB4E48D8F9E8FAF8F7E
:1055C000B8A3B501CE0101960E94932584E0809393
:1055D000CE150E94A7120E94670410E8002321F054
:1055E0008091090181FF10E01093D0150E94A7124D
:1055F0008091A915847309F450C01091A91514FF66
:1056000003C086E00E947A0315FF03C087E00E9472
:105610007A038091A8158823F1F00E940B240E9440
:10562000361FA9960FB6F894DEBF0FBECDBFDF912F
:10563000CF911F910F91FF90EF90DF90CF90BF908F
:10564000AF90089580E090E0A8ECB2EC8D8B9E8B3B
:10565000AF8BB88FABCF84E00E9480030E94421AC8
:1056600080910617909107170E94191A1092BE1583
:105670001092BF151092C0151092C1151092CE1540
:105680000E94361F8091CB158111CBCF0E948A10CA
:105690000E94FE090E94D00FC4CF11119FCFDECF10
:1056A000EF92FF921F93CF93DF93EC017B018091E8
:1056B000FC1685FF22C01091CA15103211F1CE01DF
:1056C0000E9493038823C9F081E08093CD151830A0
:1056D00069F488E00E948A030E94361F8091CB15EE
:1056E00081110BC08091CA158111F6CF0E940B2445
:1056F00082E00E947A030E94361F8091CA15823090
:10570000C1F00E94361F8091CB15811112C090917B
:105710000D0A8091DF03981303C00E94280DF1CF7A
:10572000B701CE01DF91CF911F91FF90EF900C94C4
:105730009325DF91CF911F91FF90EF9008952F92C5
:105740003F924F925F926F927F928F929F92AF9211
:10575000BF92CF92DF92EF92FF920F931F93CF935E
:10576000DF93CDB7DEB7E7970FB6F894DEBF0FBE75
:10577000CDBF9091CB15911114C18DAB9E01235ECD
:105780003F4F3AAB29AB8DE0D9011D928A95E9F7DD
:1057900086E089A727E7A22E26E1B22EFE01BA965F
:1057A0004F0110E000E0C12CD12C7601FDA92F2E75
:1057B000312C802F0E944E03D4018D934D01C101E5
:1057C000002E02C0959587950A94E2F780FF1BC0D2
:1057D00020E030E040EC5FEBF501EC5AFF4F6081D8
:1057E0007181828193810E94F954762E472E582E22
:1057F000692EA70196010E94975287FD04C0C72C0D
:10580000D42CE52CF62C0F5F1F4FB4E0AB0EB11C6F
:105810000730110571F68090021790900317A09041
:105820000417B090051794E0692E01E06AEA75E16B
:10583000CE0101960E9405048091FD16E82FF0E04C
:10584000FCABEBABFE0131968AEA482E85E1582E7F
:105850005FAA4EAA712C10E030E020E0B701A6014B
:105860007058C101022E02C0959587950A94E2F7FF
:1058700080FF28C07394AEA9BFA91D921D921D92EE
:105880001C9213978BA99CA9022E02C0959587950F
:105890000A94E2F780FF07C0002339F04083518368
:1058A0006283738306C00023C9F3C082D182E2827F
:1058B000F3828AE290E08C0F9D1F820F931FDC0120
:1058C0008C91182B2F5F3F4F34968EA99FA9049679
:1058D0009FAB8EAB2730310521F6672D70E090E04D
:1058E00080E00E9449530E9498551093D015A5015D
:1058F00094010E94F9546D8F7E8F8F8F98A3BE0103
:10590000635E7F4FCE0101960E94932594E09093B1
:10591000CE150E94A7120E9467040023E9F00E949E
:10592000AA0FFE01BA9630E020E090E06191462F88
:10593000412359F0AC01022E02C0559547950A94B7
:10594000E2F740FF02C0609516232F5F3F4F2730DC
:10595000310561F71093D0150E94A7128091A91507
:10596000847309F47AC01091A91514FF03C086E06E
:105970000E947A0315FF03C087E00E947A03011199
:1059800082C00E94AA0FADA98A2319F088E00E9464
:105990007A038091A8158823E9F00E940B240E94C5
:1059A000361FE7960FB6F894DEBF0FBECDBFDF916E
:1059B000CF911F910F91FF90EF90DF90CF90BF900C
:1059C000AF909F908F907F906F905F904F903F909F
:1059D0002F90089584E00E9480030E94421A8091D3
:1059E0000617909107170E94191AB1E00B27D1F101
:1059F00020E030E040EA50E4609108177091091708
:105A000080910A1790910B170E94F9546B017C0149
:105A10008090FE169090FF16A0900017B09001178E
:105A20006A94611003CF90E080E09101082E02C0DB
:105A3000359527950A94E2F720FF05C0F201108200
:105A40001182128213820196F4E04F0E511C8730AE
:105A5000910559F71092CE15A4CF812F8E7F09F0B2
:105A60005CCFBBCFC0900817D0900917E0900A1701
:105A7000F0900B178090021790900317A0900417D6
:105A8000B0900517CDCF12FF84CF89E080CFCF93A0
:105A9000C82F0E94C60F8C2FC11104C084E00E9441
:105AA0009F2B83E00E949F2B0E94361F8091CB1575
:105AB000811107C00E948A100E94FE09CF910C94A8
:105AC000D00FCF9108952F923F924F925F926F9295
:105AD0007F928F929F92AF92BF92CF92DF92EF927E
:105AE000FF920F931F93CF93DF93CDB7DEB7C256CC
:105AF000D1090FB6F894DEBF0FBECDBF7C01E4E73D
:105B0000F3E089E5DF011D928A95E9F78AE0E8E292
:105B1000F4E0A5E7B3E001900D928A95E1F7F70173
:105B20008081843291F01EA61FAA312C212C279649
:105B30001FAE1EAE27971FAE1FA61BAA64E0A62E9F
:105B40007FEF872E75E1972E7CC181E080937503EE
:105B50001092760383E08EA7F1E0FFABE6CF0FEB68
:105B6000010F0A3110F00C94883D8F5F8EA7AE01B3
:105B7000465D5F4FBE01625D7F4FC7010E94F10E1F
:105B8000882311F40C948B3D4AA45BA46CA47DA4DF
:105B9000C301B2010E94DC550E941A53B62EC62ED4
:105BA000D12CB6010D2C000C880B990B0E944B5385
:105BB0009B01AC01C301B2010E94A15120E030E081
:105BC00048EC52E40E94F9540E9466550E941A5310
:105BD000CB01173409F426C01D3409F48DC1E02F20
:105BE000000FFF0B8827E850F24D8F4F0C94525650
:105BF000FB2F2F303C304930292E5630292E292EAC
:105C000060306D307A308730292E8B30292E9930D4
:105C1000292EA330AD30B730292E292E292E4A3215
:105C20005732643228E2B21609F4FDC02B1580F118
:105C300033E13B1580F041E1B41608F0B1C0A4E0B7
:105C4000BA1609F489C0BA16E0F0BAE0BB1609F436
:105C50007BC084E1ADC0ECE1BE1609F475C0EB1564
:105C600048F0F5E1FB15A8F325E12B192093770304
:105C700026E09BC02EE1B21609F466C036E2B312EC
:105C8000E8CF3BA931110C948E3D42E04BAB33C0C1
:105C90004DE3B41609F4C2C04B1518F1A5E3BA16CA
:105CA00009F45AC0AB1598F0BBE2BB1619F0E1E35A
:105CB000BE12CFCFEBA9E1110C948E3DF1E3BF12E0
:105CC000A3C010927A0328E033E03BAB57C0FBE35C
:105CD000FB1508F4BECF6AEC6B0D60937B0329E0E3
:105CE00064C02BE52B1518F13AE5B31608F07AC01D
:105CF00040E5B412AECFB0927503A6E221E0BA122D
:105D000054C08431910551F08E31910539F08832BB
:105D1000910521F08233910509F09BCF6AE070E094
:105D20000E941C5666576093750321E027C0ACE5BE
:105D3000BA1651F0BEE5BB1508F48BCF2EE52B1932
:105D40002093760325E031C0009731F4EBA9E111EF
:105D50000C948E3DF1E0FBABB09274032B2D2D7FA4
:105D60002C3119F02CE5B21260C0009719F00A9797
:105D700009F06FCF6B0D6093740320E081E090E039
:105D800002C0880F991F2A95E2F727962EAD3FADE6
:105D9000279728233923232B09F449C085E108C01C
:105DA0006FEE6B0D6093790322E0892B39F387E165
:105DB000CE59DF4F0FB6F894DEBF0FBECDBFDF91D7
:105DC000CF911F910F91FF90EF90DF90CF90BF90F8
:105DD000AF909F908F907F906F905F904F903F908B
:105DE0002F900895892B31F466EA6B0D6093780348
:105DF00023E0C4CF6A30710509F02BCFBAE5BB169A
:105E000009F427CF24E0BACF0A9709F022CF81E026
:105E100080937A0328E043E04BABB0CF892B09F0A5
:105E200018CF2AE0ABCF27E0C0CF20E0BECF279627
:105E3000AEADBFAD2797A82BB92B2796BFAFAEAF9E
:105E400027978EA5F701E80FF11D1081111187CE5C
:105E5000BFA5BB2329F0EBA9E11102C0F2E0FBAB27
:105E600025FE0FC08091A0039091A103A091A203F1
:105E7000B091A30381389649A849B10514F00C9458
:105E80009A3D3FA9332309F42CC320FE3CC38091E3
:105E900077038130B1F423E333E34BEC51E46091B9
:105EA0007F037091800380918103909182030E940F
:105EB000F95460937F0370938003809381039093E0
:105EC000820330FC10C08091320490913304A09181
:105ED0003404B09135048093AC039093AD03A09348
:105EE000AE03B093AF0380917403843009F026C3EE
:105EF00026FC22C38CE15CCF892B09F058CFB5E09A
:105F0000BB1548F1E3E0BE1678F144E0B416B9F1F0
:105F100085E0B816B1F180E180937E038CE0E1E08A
:105F2000F0E002C0EE0FFF1F8A95E2F7CF0127963F
:105F30002EAD3FAD27972E233923232B09F02ECFEB
:105F400027962EAD3FAD27972E2B392B27963FAFA7
:105F50002EAF279776CFF9E0FB15B0F42EE1B21201
:105F600078CEB0927C0305C0BB2029F031E0B3129B
:105F7000F8CF8BE0D4CF83E080937C03FACF80E22C
:105F8000CBCF10927E03CACF98E0B916C1F0A9E03A
:105F9000BA16F9F0B7E0BB1210C080E880937D0319
:105FA00081E08093E215809102018062809302017A
:105FB000809102018860809302018DE0B0CF80E47F
:105FC00080937D0382E08093E215809102018064DA
:105FD000EDCF10927D031092E21580910201877F30
:105FE00080930201809102018F7D80930201809154
:105FF00002018F7BE0CF4092BD035092BE036092BE
:10600000BF037092C0033FA538603FA78DE001E059
:1060100010E0082E02C0000F111F0A94E2F7980149
:1060200022213321232B11F00C94943DA1E6B3E0FF
:1060300002C0B595A7958A95E2F7A0FF0DC020E0B4
:1060400030E0A9016AA57BA58CA59DA50E94975269
:1060500087FF02C00C94973D202A312AF2CE40924D
:10606000C1035092C2036092C3037092C4034FA550
:1060700040614FA78EE0CBCF4092C5035092C6033C
:106080006092C7037092C8038FA580628FA78FE0CC
:10609000BECF4092C9035092CA036092CB03709264
:1060A000CC039FA590649FA780E1B1CF40927F036E
:1060B00050928003609281037092820380E0A7CFA8
:1060C000409283035092840360928503709286030A
:1060D000AFADA160AFAF81E09ACF409287035092FD
:1060E00088036092890370928A03BFADB260BFAF2C
:1060F00082E08DCF40928B0350928C0360928D038F
:1061000070928E03EFADE460EFAF83E080CFB0928A
:106110009F0384E07CCFC301B2010E9413536093BC
:10612000A0037093A1038093A2039093A30385E03F
:106130006ECF4092A4035092A5036092A603709282
:10614000A70386E064CF4092A8035092A90360920F
:10615000AA037092AB0387E05ACF4092AC035092EF
:10616000AD036092AE037092AF0388E050CF20E0A1
:1061700030E040E051E4C301B2010E94B954181666
:1061800014F40C94913D80910C178B1589F182E3E6
:1061900092E00E94632D0E9440200E9441048EE301
:1061A00092E00E94632D8DE492E00E94632D0E9494
:1061B00040208A9881E00E94E528B1101BC00E940F
:1061C000E13D0E94402080E00E94E528B0920C173B
:1061D0000E94EB1081E792E00E940C076B2D70E0AB
:1061E00090E080E00E94CF068EE692E00E940C07CD
:1061F00089E00DCF0E94E13D90E080E0F1E0CF1A10
:10620000D1088C159D0521F4FC01EC5FFD4FA082A7
:10621000019685309105A9F70091080210E02091C0
:10622000070230E04091060250E06091050270E004
:106230008091040290E00E942A2382E392E00E946F
:10624000632D0E9440208EE592E00E94632D86011E
:10625000000F111F000F111F0958194EF801E256C7
:10626000FF4F608171818281938143E656E10E94F4
:106270009402F801EA54FF4F608171818281938119
:106280004FE456E10E9494028FE496E19F938F932E
:1062900083E696E19F938F9326E632E03F932F9318
:1062A0009F928F920E9481568FEF95E10E94632DFD
:1062B000F801E253FF4F60817181828193814BEE3F
:1062C00055E10E9494028BEE95E19F938F9385E7B1
:1062D00092E09F938F939F928F920E9481568FEFAF
:1062E00095E10E94632D0E94402084EF91E00E947E
:1062F000191A82E392E00E94632D0E94402087E8F1
:1063000092E00E94632D0FB6F894DEBF0FBECDBFA2
:106310008091DF15882381F08091C6159091C71573
:10632000A091C815B091C9158093DB159093DC1529
:10633000A093DD15B093DE1503E010E023E030E01C
:1063400043E050E063E070E083E090E00E942A23A5
:106350008BE592E00E940C0788E592E00E940C0712
:1063600082E392E00E94632D6091291770912A17B1
:1063700080912B1790912C1743E656E10E949402CE
:106380006091411770914217809143179091441783
:106390004FE456E10E9494028FE496E19F938F931D
:1063A00083E696E19F938F9326E632E03F932F9307
:1063B0009F928F920E9481568FEF95E10E94632DEC
:1063C0006091591770915A1780915B1790915C17E3
:1063D0004BEE55E10E9494028BEE95E19F938F93D3
:1063E0008AE892E09F938F939F928F920E948156AA
:1063F0008FEF95E10E94632D86E992E00E94632D64
:106400008BEA92E00E94632D80EB92E00E94632D64
:106410006AEA75E1CE0101960E94050449845A8416
:106420006B847C84209111173091121740911317BF
:1064300050911417C301B2010E94A15120910D1770
:1064400030910E1740910F17509110170E94A251D2
:1064500060939304709394048093950490939604AE
:1064600060930D1770930E1780930F17909310176A
:1064700040921117509212176092131770921417CE
:1064800082E392E00E94632D0FB6F894DEBF0FBE48
:10649000CDBF97CE4092B1035092B2036092B30346
:1064A0007092B403FFA5F160FFA78AE0B0CD4092DF
:1064B000B5035092B6036092B7037092B8032FA54C
:1064C00022602FA78BE0A3CD4092B9035092BA036C
:1064D0006092BB037092BC033FA534603FA78CE081
:1064E00096CD80917603813081F44BA9423009F03A
:1064F000E8CC80917503803509F4E3CC882309F456
:10650000E0CC20FCDECC86E153CC809129048111C3
:10651000D8CC20FCBCCC8091360490913704A0915B
:106520003804B091390480937F0390938003A09343
:106530008103B0938203C5CCE89426F88091790357
:10654000882379F0813009F4C1C068961FAE68973E
:10655000A2E06096AFAF6097B1E02E96BFAF2E97E6
:106560000BC082E068968FAF689791E060969FAF0E
:1065700060972E961FAE2E9780917703813051F54C
:1065800051EBE52E53E0F52E10E000E02FA5C22ED2
:10659000D12CC601002E02C0959587950A94E2F78A
:1065A00080FF10C023E333E34BEC51E4D7016D913E
:1065B0007D918D919C910E94F954F70160837183C4
:1065C000828393830F5F1F4FF4E0EF0EF11C0730BF
:1065D0001105F9F62BA9233049F480917A03813013
:1065E00029F43FA585E2343009F0E2CB8CE1EBE5FC
:1065F000F4E0DE01119601900D928A95E1F727965D
:106600008EAD9FAD279791FD6DC0109174031A3028
:1066100009F47CC01C3509F422C18BA98330F1F147
:106620009FA59923D9F100917803809193049091CB
:106630009404A0919504B09196048BAF9CAFADAF3C
:10664000BEAFB8E2AB2EB4E0BB2E81EBC82E83E028
:10665000D82EF12CE12C9FA5892E912CC4010E2C53
:1066600002C0959587950A94E2F780FD63C1F50114
:106670008789908DA18DB28DF60180839183A2834D
:10668000B383BFEFEB1AFB0AE4E0AE0EB11CF4E0FB
:10669000CF0ED11C27E0E216F10401F71E3109F4F8
:1066A00097C1153309F4BBC163E873E086E01C3180
:1066B00009F02FC10E94AC20882331F13FA5311190
:1066C0008BC124961FAE24971BAAB1C0E1E0689647
:1066D000EFAF689760961FAE6097F2E02E96FFAF1F
:1066E0002E974ACF80917B03873010F08DE160CBED
:1066F00090912E04891709F488CFBE016F5F7F4FF8
:106700000E94AC20811181CF87E052CB9FA59111CF
:1067100002C08AE14DCBC10180759927892B09F40C
:10672000E9CB6091A4037091A5038091A603909199
:10673000A7030E94DC550E941A536730B8F6809177
:106740009F03843129F0823009F083CA27FC81CA73
:10675000662309F478C0615024966FAF249763E8EC
:1067600073E024968FAD24970E94AC20882361F2B9
:10677000B0919F03BBAF40909304509094046090FD
:1067800095047090960444E7E42E43E0F42E10E064
:1067900000E0EFA5CE2ED12CC601002E02C09595AB
:1067A00087950A94E2F780FF37C0F701FD96808055
:1067B0009180A280B380FBADF43109F04AC0F801AA
:1067C000EE0FFF1FEE0FFF1FE85DFB4FDF01A15B28
:1067D000BF4F2D913D914D915C916789708D818D59
:1067E000928D0E94A151A50194010E94A151D7014F
:1067F0001F966D937D938D939C935297023061F415
:10680000A30192010E94A15160938B0370938C03AA
:1068100080938D0390938E030F5F1F4FF4E0EF0E74
:10682000F11C0730110509F0B7CF2FEA2222809121
:1068300075038BAF803509F0F9C09FA5992309F442
:10684000FFC08FE1B5CAA0917B032496AFAF249718
:1068500086CFF7018786908AA18AB28ADDCF3FA5CD
:10686000332309F456CF40909304509094046090E1
:1068700095047090960498E2A92E94E0B92E8E01AA
:106880000F5F1F4F21EBC22E23E0D22EF12CE12C03
:10689000832E912CC4010E2C02C0959587950A94E5
:1068A000E2F780FF3AC0D8012D913D914D915C9166
:1068B000F5016789708D818D928D0E94A151D6015D
:1068C0002D913D914D915C910E94A151F601608303
:1068D000718382839383F2E0EF120CC0A3019201D3
:1068E0000E94A1516093B9037093BA038093BB03D4
:1068F0009093BC03FFEFEF1AFF0A24E0A20EB11C35
:106900000C5F1F4F34E0C30ED11C47E0E416F104C6
:1069100009F624961FAE24978ACFF501E15BFF4F5D
:1069200080819181A281B381F60180839183A283CA
:10693000B383E0CF153309F4A4CED6014D905D901A
:106940006D907C90011134C0F701EE0FFF1FEE0F28
:10695000FF1F21E030E02C0F3D1FE20FF31FD50198
:10696000A15BBF4F2D913D914D915C9160817181F3
:10697000828193810E94A251A30192010E94A2519F
:10698000D6016D937D938D939C931397B2E0EB1298
:1069900078CE2BAD3CAD4DAD5EAD0E94A251609363
:1069A000B9037093BA038093BB039093BC0369CE81
:1069B000A3019201F5016789708D818D928D0E94EE
:1069C000A251D6016D937D938D939C93139759CECD
:1069D00063E873E087E06ECEA8E2B4E0E4E7F3E0BA
:1069E00090E080E04FA5242F30E0A901082E02C0DE
:1069F000559547950A94E2F740FD0AC057964D9188
:106A00005D916D917C915A974787508B618B728B0A
:106A10000196149634968730910539F77ACF809194
:106A20007503823008F475CF8EE1C2C9ABA9A230DC
:106A300039F4BBADB11182C0EFA5EE2309F49CC0BF
:106A40002FA92170EFA9C101E0FF02C38E7DFBA930
:106A5000F1119370892B11F00C94A33D8E01035E0C
:106A60001F4F8DE0D8011D928A95E9F7222309F482
:106A7000F2C227968EAD9FAD2797867B892B11F0AA
:106A80000C94A63D80917403853319F081110C9408
:106A9000A63D8091320490913304A0913404B091CA
:106AA000350489A39AA3ABA3BCA380913104909130
:106AB0003004892B40917F035091800360918103C2
:106AC000709182034D8F5E8F6F8F78A3846089A74A
:106AD0008091A0039091A103A091A203B091A30380
:106AE0008DA39EA3AFA3B8A78091FC1685FF07C016
:106AF00081EB93E00E94930381110C94A93DB801AE
:106B000081EB93E00E94502B8091CA1581110BC03C
:106B10000E94840A892B39F080E28093CA150E9472
:106B2000A7120E9467048CE1E1EBF3E0AFE3B4E06D
:106B300001900D928A95E1F780E03AC920E030E0BB
:106B4000A90160917F0370918003809181039091EE
:106B500082030E949752882309F4D5CCFBADFC3800
:106B6000B9F060F4F23059F1F33061F1F13009F02D
:106B700067CF3FA5311164CF1BAA62CF2BAD2E3852
:106B800039F018F02F3809F05BCF9FA990619FABC7
:106B90008BAD8E58823018F4AFA9A860AFABBFA5FB
:106BA000BB2309F4B6CD4CE150E061EB73E08FE319
:106BB00094E00E947456892B09F042CF79C04FA906
:106BC00044604FAB8FA5882309F4A3CD2E96BFADAB
:106BD0002E97AB2FB0E02B96BFAFAEAF2B97609642
:106BE000FFAD6097EF2FF0E06596FFAFEEAF6597D2
:106BF00081E090E07C012E960FAC2E9702C0EE0C47
:106C0000FF1C0A94E2F760960FAC609702C0880FF1
:106C1000991F0A94E2F7E82AF92A2FA5822F90E01B
:106C20008E219F21892B09F488C7CD01880F991FD8
:106C3000880F991FFC01EF54FC4F885D9B4FDC01CE
:106C400057962D913D914D915C915A97608171813C
:106C5000828193810E94A1512B013C0165968EADEA
:106C60009FAD6597880F991F880F991FFC01EF54FE
:106C7000FC4F885D9B4FDC0157962D913D914D91C6
:106C80005C915A9760817181828193810E94A151A8
:106C90004B015C0127FE04C1E89427F84CE150E069
:106CA00061EB73E08FE394E00E947456892B11F43A
:106CB00081E27EC86091A8037091A9038091AA0324
:106CC0009091AB0320917703213071F423E333E3F8
:106CD0004BEC51E40E94F9546093A8037093A9030C
:106CE0008093AA039093AB038091A8039091A9038A
:106CF000A091AA03B091AB0323968CAF9DAFAEAF2A
:106D0000BFAF2397A3019201C301B2010E94F954BE
:106D10006F966CAF7DAF8EAF9FAF6F97A50194015B
:106D2000C501B4010E94F954A3966CAF7DAF8EAF3C
:106D30009FAFA39720E030E040E850E423966CAD8D
:106D40007DAD8EAD9FAD23970E94F95423962CAD57
:106D50003DAD4EAD5FAD23970E94F9546F962CADBB
:106D60003DAD4EAD5FAD6F970E94A151A3962CAD86
:106D70003DAD4EAD5FADA3970E94A1516B017C016B
:106D800020E030E0A9010E94975287FDD9C6C701D3
:106D9000B6010E9498556B017C01A3962CAD3DADC8
:106DA0004EAD5FADA3976F966CAD7DAD8EAD9FADD3
:106DB0006F970E94A2510E9498559B01AC01C70198
:106DC000B60190580E94A1526B017C019BAD93309B
:106DD00021F4F7FAF094F7F8F09420E030E0A901FC
:106DE00023966CAD7DAD8EAD9FAD23970E949752DB
:106DF00087FF13C0F7FAF094F7F8F09423968CAD60
:106E00009DADAEADBFAD2397B0588093A8039093CE
:106E1000A903A093AA03B093AB032B960EAD1FADAD
:106E20002B97000F111F000F111F08581C4FA501B1
:106E30009401C701B6010E94F9549B01AC01C30142
:106E4000B2010E94A15120E030E040E05FE30E94E7
:106E5000F954D8011B966D937D938D939C931E9747
:106E600065960EAD1FAD6597000F111F000F111F26
:106E700008581C4FA3019201C701B6010E94F954A2
:106E8000A50194010E94A25120E030E040E05FE3C0
:106E90000E94F954F8016387748785879687D0CD5F
:106EA000FFADCF2ED12CEF22FD2083E2EF2811F48D
:106EB0000C94D82E21EF222280917703813059F54E
:106EC000F12CE12CC6010E2C02C0959587950A94F1
:106ED000E2F780FF19C08701000F111F000F111F7B
:106EE0000C581C4F23E333E34BEC51E4D8011F96BD
:106EF0006D917D918D919C9152970E94F954F8016A
:106F00006787708B818B928BFFEFEF1AFF0A27E068
:106F1000E216F104B9F62B96EEADFFAD2B97EE0F0E
:106F2000FF1FEE0FFF1FE858FC4FC384D484E58495
:106F3000F684A7019601C301B2010E94A1512B0161
:106F40003C016596EEADFFAD6597EE0FFF1FEE0FAE
:106F5000FF1FE858FC4F83859485A585B685239649
:106F60008CAF9DAFAEAFBFAF23979C01AD01C50104
:106F7000B4010E94A1514B015C01A3019201C30124
:106F8000B2010E94F9542B013C01A5019401C501F5
:106F9000B4010E94F9549B01AC01C301B2010E94EB
:106FA000A2510E9498554B015C01A7019601C701AF
:106FB000B6010E94F9546B017C0123962CAD3DADC6
:106FC0004EAD5FAD2397CA01B9010E94F9549B01F0
:106FD000AC01C701B6010E94A2510E9498556B01F5
:106FE0007C01C092A803D092A903E092AA03F09278
:106FF000AB03AC019B01C501B4010E94A1514B013F
:107000005C01E894B7F82AE037ED43EA5BE3C50199
:10701000B4010E94B95418160CF012CD20E030E0F3
:1070200040E05FE3C501B4010E94B95418160CF4A6
:107030003FCE2FE632E143E85AE3C701B6010E9492
:10704000F954A50194010E94975287FFF9CC30CEE4
:107050008E7D9C7FFCCC8091FC16F090310481FFEA
:1070600012C08BAD8150833018F0BFA9B064BFABA4
:10707000EFA5EE2309F427C1FBA9F23009F023C1E3
:107080002FA920682FAB8091A0039091A103A0911C
:10709000A203B091A30380933B0490933C04A0937C
:1070A0003D04B0933E048DA39EA3AFA3B8A78091E7
:1070B000760380932904882311F088E089A78091C2
:1070C0007F0390918003A0918103B091820380930C
:1070D000360490933704A0933804B09339048D8F0D
:1070E0009E8FAF8FB8A38090AC039090AD03A0901B
:1070F000AE03B090AF03A50194016091320470918A
:10710000330480913404909135040E9497529FA9D2
:107110009074E92E811103C0AFA9A5FF1FC0FF2005
:1071200069F0BFA9B7FD0AC040E050E0BA01E11024
:1071300002C0B501A4018F2D0E947A208091AC037A
:107140009091AD03A091AE03B091AF038093320450
:1071500090933304A0933404B0933504E1100CC031
:107160008091320490913304A0913404B09135049D
:1071700089A39AA3ABA3BCA380910C1780933A0474
:1071800080917E0390913104981751F049A15AA142
:107190006BA17CA10E947A2080917E0380933104B0
:1071A00089A590913104892B89A78091740384303B
:1071B00009F4A0C08091790380932C048091770317
:1071C00080932A04EBA9E330C1F580917A03809380
:1071D0002D04811108C01092B9031092BA031092C5
:1071E000BB031092BC03C090B903D090BA03E090E7
:1071F000BB03F090BC03A7019601609193047091CA
:10720000940480919504909196040E94975288234B
:10721000A1F0C0929304D0929404E0929504F0926D
:107220009604C0920D17D0920E17E0920F17F092AD
:1072300010170E94EB100E94752080917B039091A3
:107240002E04981769F080932E048CE1FE0131968C
:10725000ABE5B4E001900D928A95E1F70E947520AC
:107260008091780380932B0480917403863209F413
:10727000B5C008F072C08C3109F496C08E3109F4A3
:1072800093C08A3009F476C08091750380932804F6
:10729000803509F4ABC3BBA9B23009F0A7C3813074
:1072A00009F0B0C0BE01635E7F4F81EB93E00E94A6
:1072B000502B8CE1E1EBF3E0AFE3B4E001900D92F1
:1072C0008A95E1F793C330E1F312DDCE9FA9907464
:1072D000809128048150833038F4992309F4D3CE67
:1072E0004FA940624FABCFCE9111CDCE8FA9806216
:1072F0008FABC9CE8091CA15823009F45BCFC090A4
:10730000A403D090A503E090A603F090A7030E94E9
:10731000402020E030E040EA51E4C701B6010E947D
:10732000F9540E9480520E941A537B01E114F10427
:1073300009F440CFF1E0EF1AF1088091CB158111EB
:1073400039CF0E94361F2FEF30E742E02150304006
:107350004040E1F700C00000E9CF8C3509F444C09B
:10736000863609F447C0883209F08ECF6FE374E0A7
:1073700087E037C063E873E024968FAD24970E94BE
:10738000982080912E0424969FAD249789137CCF5A
:107390008CE1E3E8F3E0ABE5B4E001900D928A956F
:1073A000E1F70E94752070CF89A5816089A7ABA9FC
:1073B000AA2329F0B80181EB93E00E94502BB80179
:1073C00083E893E00E94502B8CE1E3E8F3E0AFE325
:1073D000B4E001900D928A95E1F756CF6FE374E027
:1073E00086E00E94982050CF8CE1E1EBF3E0A7E724
:1073F000B4E0D3CFE7E7F4E08CE1DF011D928A959A
:10740000E9F7CFCF811105C089A5816089A7B801AF
:107410004CCF8250823008F0BFC28091A803909177
:10742000A903A091AA03B091AB038BAB9CABADAB0E
:10743000BEAB2E96AFAD2E9794E0A99F700111249C
:10744000F701E15CFB4FFCAFEBAF97012D573C4FD1
:1074500025963FAF2EAF2597D9014D905D906D9049
:107460007C902081318142815381C301B2010E940D
:10747000A25129966CAF7DAF8EAF9FAF29976096D2
:10748000EFAD6097B4E0EB9F800111249801215C7F
:107490003B4F21963FAF2EAF2197C8018D579C4F90
:1074A0002F969FAF8EAF2F97DC018D909D90AD9062
:1074B000BC90F9012081318142815381C501B40121
:1074C0000E94A25163966CAF7DAF8EAF9FAF639762
:1074D00077FA709477F87094D501C401B0588FA7EB
:1074E00098ABA9ABBAABF701EF54FC4F29962CAD82
:1074F0003DAD4EAD5FAD29976081718182819381F1
:107500000E94A1516B017C01F801EF54FC4F63967E
:107510002CAD3DAD4EAD5FAD6397608171818281D1
:1075200093810E94A1514B015C01A7019601C30107
:10753000B2010E94F9542D966CAF7DAF8EAF9FAF14
:107540002D97A50194016FA578A989A99AA90E94F0
:10755000F9549B01AC012D966CAD7DAD8EAD9FAD08
:107560002D970E94A2512D966CAF7DAF8EAF9FAF2D
:107570002D97A5019401C301B2010E94F9544B015A
:107580005C01A70196016FA578A989A99AA90E9413
:10759000F9549B01AC01C501B4010E94A1512D9683
:1075A0002CAD3DAD4EAD5FAD2D970E9421526B01CC
:1075B0007C019FA992FF72C127E137EB41E558EBAF
:1075C000C701B6010E94B95487FD0AC02BED3FE008
:1075D00049EC50E4C701B6010E94A1516B017C0146
:1075E0008090F0169090F116A090F216B090F316DD
:1075F0002BA93CA94DA95EA9CA01B9010E94A251BB
:10760000A50194010E94A151A50194010E94F95481
:107610000E9498554B015C0120E030E040E05FE3C0
:10762000C701B6010E94F9542BA93CA94DA95EA936
:107630000E94F9549F77A50194010E94A1520E94D3
:1076400086530E941A532B967FAF6EAF2B97DB01A8
:10765000AB2B09F427CE19A590E080E00E94495396
:107660004B015C0113FF0EC0AC019B016D8D7E8D43
:107670008F8D98A10E94F9546D8F7E8F8F8F98A364
:10768000177F19A7A5019401C701B6010E94A15255
:107690006FAB78AF89AF9AAF6896EFAD6897B4E0FB
:1076A000EB9FC00111248C01015C1B4F8F549C4F38
:1076B000D8012D913D914D915C91FC0160817181CA
:1076C000828193810E94A151A50194010E94A1523F
:1076D0006F966CAF7DAF8EAF9FAF6F972FA938AD10
:1076E00049AD5AADCA01B9010E94F9549B01AC01E0
:1076F00060E070E080E090E40E94A1516B017C01A9
:107700002BEA3AEA4AE25EE36FA978AD89AD9AAD19
:107710000E94F9544B015C0120E030E040E850E465
:10772000C701B6010E94A2519B01AC01C501B40181
:107730000E94F95467966CAF7DAF8EAF9FAF67978D
:1077400020E030E040E05FE3C701B6010E94F95459
:107750006B966CAF7DAF8EAF9FAF6B971BAA222449
:107760002394312C2B96EEADFFAD2B97E215F3054C
:1077700009F498CDFBA9FC3008F0A4C0A301920144
:1077800067966CAD7DAD8EAD9FAD67970E94F95445
:107790006B017C012FA538A949A95AA96B966CAD3C
:1077A0007DAD8EAD9FAD6B970E94F9549B01AC01EE
:1077B000C701B6010E94A2517B016C01A301920195
:1077C0006B966CAD7DAD8EAD9FAD6B970E94F954FD
:1077D0004B015C012FA538A949A95AA967966CAD40
:1077E0007DAD8EAD9FAD67970E94F9549B01AC01B2
:1077F000C501B4010E94A1512B013C012BA92F5FAF
:107800002BAB470156018FA698AAA9AABAAAA30131
:10781000920129966CAD7DAD8EAD9FAD29970E94EA
:10782000A251EBADFCAD60837183828393832FA55E
:1078300038A949A95AA963966CAD7DAD8EAD9FADAF
:1078400063970E94A2512196AEADBFAD21976D9373
:107850007D938D939C9313976F962CAD3DAD4EAD5C
:107860005FAD6F97F80160817181828193810E9481
:10787000A251D8016D937D938D939C931397BE0174
:10788000635E7F4F8FE394E00E94502B8091CB1575
:1078900081110FCDBFEF2B1A3B0A64CF27E137EBE5
:1078A00041E558E3C701B6010E94975218160CF43F
:1078B00097CE2BED3FE049EC50E4C701B6010E94A2
:1078C000A2518CCEB10190E080E00E9449532FA9D3
:1078D00038AD49AD5AAD0E94F9546B017C010E944C
:1078E0009C526FA778AB89AB9AABC701B6010E94D7
:1078F0008A554B015C012596AEADBFAD2597CD9065
:10790000DD90ED90FC90F7FAF094F7F8F0942F9654
:10791000AEADBFAD2F978D919D910D90BC91A02DD7
:107920008BAB9CABADABBEABA70196016FA578A9A5
:1079300089A99AA90E94F9542B013C012BA93CA9C1
:107940004DA95EA9C501B4010E94F9549B01AC0187
:10795000C301B2010E94A2512B013C01A701960173
:10796000C501B4010E94F9546B017C012BA93CA90B
:107970004DA95EA96FA578A989A99AA90E94F95471
:107980009B01AC01C701B6010E94A1516FA778AB62
:1079900089AB9AAB1BAA3BCF89A5846089A780914C
:1079A000CA15823009F485CC0E9440208091CB1505
:1079B00081111CC0FFA9F071FF2E1092CF152FA9C5
:1079C00023FB882780F90E947705809109018C703C
:1079D0009091A809891729F184E00E947A030E94F6
:1079E0000B240E94361F80E00E94770580917C0363
:1079F00080932F04882311F40C94D82E0E944020E9
:107A000080912F049091CA15833009F04DC09230B7
:107A100029F088E00E948A030E94361F10922F04EA
:107A20008BC8B80181EB93E00E94502B81E08093DA
:107A3000C50982E00E948A030E94361F8091CB15FF
:107A40008111D4CF8091CA158111F6CF8091C509DB
:107A5000813031F5FF2001F18CE1EAEAF5E1A9EA94
:107A6000B9E001900D928A95E1F71092C50980E086
:107A70000E9477050E94361F0E94421A0E948711B9
:107A80000E94FE090E94BB098091CF15882309F44A
:107A900010CC0E948A10AACF85E00E947A03E5CF1D
:107AA00081E08093CF15E1CF81E08093280410928C
:107AB0002C0410922B041092290410922E04109280
:107AC00031041092300484E68093D1158093D2154E
:107AD0008093D315923089F06BE574E080E00E94CA
:107AE000AC20882311F40C9484330E94752040E06C
:107AF00050E0BA0180E00E94D61A81EB93E00E9428
:107B00000C078DE493E00E940C070E94AC0986CF1D
:107B100081E00C94D82E82E00C94D82E88E10C944D
:107B2000D82E86E20C94D82E89E10C94D82E84E0CD
:107B30000C94D82E8BE10C94D82E80E20C94D82E85
:107B400082E20C94D82E84E20C94D82E80E10C941E
:107B5000D82E8FE00C94D82ECF93DF93C0E08C2FDB
:107B60000E945120811116C01092AD178EE30E9421
:107B70005E058DEA97E10E94F2098AE30E945E05A4
:107B800087E00E94CA07C13019F4DF91CF910895B0
:107B9000C1E0E5CF8091AD178823A9F38DEA97E185
:107BA0000E94632DD82F8EE30E945E058DEA97E137
:107BB0000E94F2098AE30E945E058D2F0E94D6077B
:107BC000E2CFCF92DF92EF92FF920F931F93CF936A
:107BD000DF93CDB7DEB7C456D1090FB6F894DEBF38
:107BE0000FBECDBF20910C172150330B90E080E0E9
:107BF000F901EC5FFD4F44E02817390709F4408391
:107C0000019685309105C1F70091080210E020919E
:107C1000070230E04091060250E06091050270E0FA
:107C20008091040290E00E942A2380ED94E00E945B
:107C30000C0760910C1770E090E080E00E94CF0686
:107C40008DEC94E00E940C0782E392E00E94632D89
:107C50008CEB92E00E94632D0E944020E0910C1773
:107C6000EE2309F4D5C0E150FF0BEE0FFF1FEE0F1E
:107C7000FF1FEB5EF84E608171818281938143E644
:107C800056E10E949402E0910C17E150FF0BEE0FB9
:107C9000FF1FEE0FFF1FE35DF84E6081718182814F
:107CA00093814FE456E10E9494028FE496E19F9302
:107CB0008F9383E696E19F938F9386E692E09F935E
:107CC0008F930FEF15E11F930F930E948156C80108
:107CD0000E94632DE0910C17E150FF0BEE0FFF1F88
:107CE000EE0FFF1FEB5BF84E608171818281938103
:107CF0004BEE55E10E9494028BEE95E19F938F939A
:107D000085E792E09F938F931F930F930E94815674
:107D1000C8010E94632D82E392E00E94632D0E94BD
:107D2000402087E892E00E94632D0FB6F894DEBFF2
:107D30000FBECDBF8091DF15882309F45DC060912F
:107D4000C6157091C7158091C8159091C9150091FD
:107D5000DB151091DC152091DD153091DE15601BCF
:107D6000710B820B930B2CE330E040E050E00E945B
:107D70003056690182E392E00E94632D0E94402008
:107D800080E00E94AF298E010F5A1F4FE0910C171F
:107D9000E150FF0BEE0FFF1FEE0FFF1FE35DF84EEC
:107DA00020E030E040EF51E4608171818281938175
:107DB0000E94A151A8010E9494021F930F9384EC8A
:107DC00092E09F938F93005511091F930F930E9488
:107DD0008156C8010E94632D0E944020B601809107
:107DE0000C170E94741B81E00E94AF290F900F9026
:107DF0000F900F900F900F9003E010E023E030E021
:107E000043E050E063E070E083E090E00E942A23CA
:107E1000CC59DF4F0FB6F894DEBF0FBECDBFDF9158
:107E2000CF911F910F91FF90EF90DF90CF90089529
:107E30001F920F920FB60F9211248F939F93AF93BF
:107E4000BF938091A6159091A71501968D3391054A
:107E500068F49093A7158093A615BF91AF919F9159
:107E60008F910F900FBE0F901F9018951092A7152D
:107E70001092A6158091C6159091C715A091C815AE
:107E8000B091C9150196A11DB11D8093C61590939F
:107E9000C715A093C815B093C915DFCF1F920F92D5
:107EA0000FB60F9211248F939F93809106018095B6
:107EB00088789091A315981749F08093A315809125
:107EC00003028093A21581E08093A1159F918F9169
:107ED0000F900FBE0F901F9018951F920F920FB624
:107EE0000F9211248F939F9392B18091C6098E7F38
:107EF0009170892B82B915BC9F918F910F900FBE05
:107F00000F901F9018951F920F920FB60F92112489
:107F10000BB60F920F931F932F933F934F935F9343
:107F20006F937F938F939F93AF93BF93EF93FF9341
:107F30008091C809811173C398B18091E8098E7F3F
:107F40009170892B88B982B181709091E709892B52
:107F500082B98091E60986BD82E085BD81E080938B
:107F6000C809789480910A0A90910B0A892B09F02C
:107F7000F8C08091E71390913914981709F43FC322
:107F80008091E71398E0899FD0011124FD01E7510A
:107F9000FC4EF0930B0AE0930A0A2281338130935E
:107FA000890020938800208131813093060A209334
:107FB000050AE4812091070A2E17A1F1E093070A30
:107FC00082E2E89FF0011124E45CFB4EF093090A81
:107FD000E093080A448D558D668D778D769567956B
:107FE000579547954093D1095093D2096093D3098F
:107FF0007093D4094093CD095093CE096093CF0973
:108000007093D0094093C9095093CA096093CB0972
:108010007093CC094093D5095093D6096093D70942
:108020007093D809E091080AF091090A20A13091D3
:10803000C70923272093E809A751BC4E15969C91A8
:1080400015974081518162817381092E04C0769514
:108050006795579547950A94D2F74093E90950934D
:10806000EA096093EB097093EC09448155816681BC
:108070007781092E04C076956795579547950A94A0
:10808000D2F74093ED095093EE096093EF09709396
:10809000F0094085518562857385092E04C0769567
:1080A0006795579547950A94D2F74093F1095093F5
:1080B000F2096093F3097093F40944855585668548
:1080C0007785092E04C076956795579547950A944C
:1080D000D2F74093F5095093F6096093F70970932E
:1080E000F8094089518962897389092E04C07695FF
:1080F0006795579547950A94D2F74093F90950939D
:10810000FA096093FB097093FC09448955896689D3
:108110007789092E04C076956795579547950A94F7
:10812000D2F74093FD095093FE096093FF097093C5
:10813000000A408D518D628D738D04C076956795D0
:10814000579547959A95D2F74093010A5093020AA2
:108150006093030A7093040A16968D919C910E9475
:1081600079048091C5098130B9F4809109018C703E
:108170009091A809891781F01092C5098CE1EAEA6B
:10818000F5E1A9EAB9E001900D928A95E1F78091B5
:10819000A91580648093A9151092E7094091C90937
:1081A0005091CA096091CB097091CC098091E9097D
:1081B0009091EA09A091EB09B091EC09480F591F81
:1081C0006A1F7B1F4093C9095093CA096093CB096A
:1081D0007093CC09E091080AF091090A848D958D7D
:1081E000A68DB78D84179507A607B70730F524E04D
:1081F0002093E709481B590B6A0B7B0B4093C90975
:108200005093CA096093CB097093CC094091AA1589
:108210005091AB156091AC157091AD1520A127FF61
:1082200013C241505109610971094093AA15509335
:10823000AB156093AC157093AD154091CD0950917D
:10824000CE096091CF097091D0090091ED0910918C
:10825000EE092091EF093091F009400F511F621F84
:10826000731F4093CD095093CE096093CF0970934B
:10827000D00984179507A607B70740F52091E709AD
:1082800028602093E709481B590B6A0B7B0B40932E
:10829000CD095093CE096093CF097093D0094091D6
:1082A000AE155091AF156091B0157091B11520A128
:1082B00026FFCFC141505109610971094093AE15A4
:1082C0005093AF156093B0157093B1154091D109DB
:1082D0005091D2096091D3097091D4090091F109AC
:1082E0001091F2092091F3093091F409400F511FC8
:1082F000621F731F4093D1095093D2096093D30931
:108300007093D40984179507A607B70740F5209105
:10831000E70920612093E709481B590B6A0B7B0B87
:108320004093D1095093D2096093D3097093D40933
:108330004091B2155091B3156091B4157091B51577
:1083400020A125FF8BC1415051096109710940935A
:10835000B2155093B3156093B4157093B515409151
:10836000D5095091D6096091D7097091D80900912B
:10837000F5091091F6092091F7093091F809400F9D
:10838000511F621F731F4093D5095093D609609304
:10839000D7097093D80984179507A607B70740F542
:1083A0002091E70920622093E709481B590B6A0BCB
:1083B0007B0B4093D5095093D6096093D7097093EE
:1083C000D8094091B6155091B7156091B8157091C4
:1083D000B91520A124FF47C1415051096109710914
:1083E0004093B6155093B7156093B8157093B915AF
:1083F0004091D9095091DA096091DB097091DC094B
:108400000091F9091091FA092091FB093091FC09BA
:10841000400F511F621F731F4093D9095093DA090F
:108420006093DB097093DC0984179507A607B707EB
:1084300040F52091E70920642093E709481B590B78
:108440006A0B7B0B4093D9095093DA096093DB09DF
:108450007093DC094091BA155091BB156091BC1521
:108460007091BD1520A123FF03C14150510961093D
:1084700071094093BA155093BB156093BC15709366
:10848000BD154091DD095091DE096091DF097091C1
:10849000E0090091FD091091FE092091FF0930913A
:1084A000000A400F511F621F731F4093DD09509354
:1084B000DE096093DF097093E00984179507A6072A
:1084C000B70740F52091E70920682093E709481B8A
:1084D000590B6A0B7B0B4093DD095093DE096093C7
:1084E000DF097093E0094091BE155091BF1560916E
:1084F000C0157091C11520A122FFBFC04150510984
:10850000610971094093BE155093BF156093C01562
:108510007093C1154091E1095091E2096091E3091E
:108520007091E4090091010A1091020A2091030A56
:108530003091040A400F511F621F731F4093E109DD
:108540005093E2096093E3097093E4098417950757
:10855000A607B70738F52091E70922602093E709BD
:10856000481B590B6A0B7B0B4093E1095093E209BE
:108570006093E3097093E4098091C2159091C3154B
:10858000A091C415B091C51520A121FF7BC0019712
:10859000A109B1098093C2159093C315A093C41586
:1085A000B093C5158091CA15843039F48091D015E7
:1085B0009091E70989238093E7098091050A9091BA
:1085C000060A01979093060A8093050A892B69F49D
:1085D00010920B0A10920A0A8091E7138F5F809322
:1085E000E7138A3011F41092E7138091E709909114
:1085F000C60989278093E7091092C80910C00E9414
:10860000231AE091080AF091090A81A1882321F038
:1086100090E080E00E94790484E00E948A03FF9148
:10862000EF91BF91AF919F918F917F916F915F91EA
:108630004F913F912F911F910F910F900BBE0F9073
:108640000FBE0F901F9018954F5F5F4F6F4F7F4F7A
:10865000ECCD4F5F5F4F6F4F7F4F30CE4F5F5F4F1F
:108660006F4F7F4F74CE4F5F5F4F6F4F7F4FB8CECE
:108670004F5F5F4F6F4F7F4FFCCE4F5F5F4F6F4F2E
:108680007F4F40CF0196A11DB11D84CF1F920F9245
:108690000FB60F9211248F938091A3098F5F80935F
:1086A000A3098F910F900FBE0F901F9018951F92E6
:1086B0000F920FB60F9211240BB60F928F939F93C8
:1086C000EF93FF938091A008E82FF0E0E056F84F79
:1086D00090819093D6008F5F8093A00890919F0720
:1086E000981305C08091D1008F7D8093D100FF91B8
:1086F000EF919F918F910F900BBE0F900FBE0F9037
:108700001F9018951F920F920FB60F9211248F93FE
:108710009F938091D60080919E078F5F90919D07D7
:10872000981380939E079F918F910F900FBE0F908B
:108730001F9018951F920F920FB60F9211240BB62F
:108740000F928F939F93EF93FF9380919C07E82F55
:10875000F0E0E456F94F90819093CE008F5F8093C4
:108760009C0790919B06981305C08091C9008F7D4E
:108770008093C900FF91EF919F918F910F900BBE55
:108780000F900FBE0F901F9018951F920F920FB66B
:108790000F9211240BB60F922F938F939F93EF9309
:1087A000FF939091CE00E091A20981E08E0F20917D
:1087B000A109281731F0F0E0EF55F74F908380932F
:1087C000A209FF91EF919F918F912F910F900BBE76
:1087D0000F900FBE0F901F9018951F920F920FB61B
:1087E0000F9211240BB60F922F933F934F935F93E9
:1087F0006F937F938F939F93AF93BF93EF93FF9369
:10880000E091C600E13209F450C008F02EC0E83112
:1088100009F434C0E7FF77C0E458EE3108F030C007
:10882000F0E08827E95EFB4B8F4F0C94525657447B
:1088300059444044404440444044404440444044FF
:108840004044404440445F44634465446744694451
:108850006B446D446F44404471447544774479449B
:108860007B447D4440447F448144EF33E1F082E027
:10887000EE3709F0CFCF0E948A0302C00E940B247A
:10888000FF91EF91BF91AF919F918F917F916F91E8
:108890005F914F913F912F910F900BBE0F900FBEA4
:1088A0000F901F90189581E0E6CF88E0E4CF80E23A
:1088B000E2CF8091CA1585FFE3CF80E4DCCF81E071
:1088C0000E947103DDCF82E0FBCF84E0F9CF88E026
:1088D000F7CF80E1F5CF80E2F3CF80E4F1CF80E8FD
:1088E000EFCF81E00E946803CBCF82E0FBCF84E032
:1088F000F9CF88E0F7CF80E1F5CF80E2F3CF80E4D5
:10890000F1CF80E8EFCFA0919A0681E08A0F909195
:108910009906981709F4B4CFB0E0A756BA4FEC9374
:1089200080939A06ADCF1F920F920FB60F9211242B
:108930000BB60F928F939F93EF93FF9380919805BF
:10894000E82FF0E0E856FB4F90819093C6008F5FD0
:108950008093980590919704981305C08091C10069
:108960008F7D8093C100FF91EF919F918F910F9028
:108970000BBE0F900FBE0F901F9018951F920F9275
:108980000FB60F9211240BB60F92CF92DF92EF9297
:10899000FF920F931F932F933F934F935F936F9388
:1089A0007F938F939F93AF93BF93EF93FF93CF9357
:1089B000DF93CDB7DEB72897DEBFCDBF80916000D3
:1089C0008F7B809360008091CA15813041F1809146
:1089D000A815811124C013B110951E7701F10E94D2
:1089E0000B24CE0101967C010896F701212F2170FE
:1089F00021931695E817F907C9F78F01F8018291BD
:108A00008F01805D0E945E05E016F106B9F70FB692
:108A1000F894DEBF0FBECDBF81E00E947A03289696
:108A20000FB6F894DEBF0FBECDBFDF91CF91FF919F
:108A3000EF91BF91AF919F918F917F916F915F91D6
:108A40004F913F912F911F910F91FF90EF90DF90E9
:108A5000CF900F900BBE0F900FBE0F901F901895E8
:108A60001F920F920FB60F9211248F938091600086
:108A700086FD05C0809160008064809360008F91C6
:108A80000F900FBE0F901F9018951F920F920FB668
:108A90000F9211240BB60F922F933F934F935F9336
:108AA0006F937F938F939F93AF93BF93EF93FF93B6
:108AB0008091D7039091D8038838934108F0EAC099
:108AC0008091D7039091D80301969093D803809317
:108AD000D7038091D7039091D803843F914009F048
:108AE00093C081E08093DE038093DD0380930202D4
:108AF0008091DF158823E1F18091D3039091D40315
:108B0000A091D503B091D603803A9B4BAD40B105FF
:108B100008F4C5C01092D3031092D4031092D50369
:108B20001092D6038F988091E615882309F1409121
:108B3000CF035091D0036091D1037091D203403E96
:108B400053496440710508F0CDC08091CF039091E6
:108B5000D003A091D103B091D2030196A11DB11D04
:108B60008093CF039093D003A093D103B093D2030B
:108B70008091CD039091CE038838934108F0C5C011
:108B80008091CD039091CE0301969093CE03809374
:108B9000CD038091A115882321F18091A2158150E8
:108BA0008093A2158091A21581111BC080910601AE
:108BB000809583FB992790F99093E1151092E91520
:108BC0009091A815911107C087FD05C00E940B2444
:108BD00081E00E947A031092A11580910302809394
:108BE000A215FF91EF91BF91AF919F918F917F91CE
:108BF0006F915F914F913F912F910F900BBE0F900E
:108C00000FBE0F901F9018958091D7039091D803B5
:108C1000883E934031F41092DE031092DD0381E030
:108C200065CF8091D7039091D8038C3D954041F456
:108C300081E08093DC038093DB038093010258CFB3
:108C40008091D7039091D803803D974031F41092E2
:108C5000DC031092DB0381E0F0CF8091D703909189
:108C6000D803843C994041F481E08093DA038093F7
:108C7000D903809300023CCF8091D7039091D80311
:108C8000883B9B4009F034CF1092DA031092D9034D
:108C900081E0EFCF1092D8031092D70329CF8091B3
:108CA000D3039091D403A091D503B091D60301963C
:108CB000A11DB11D8093D3039093D403A093D5033A
:108CC000B093D6038091D3039091D403A091D503A0
:108CD000B091D6038034914DAC40B10509F023CF5B
:108CE0008F9A21CF813061F489980E9441041092BB
:108CF000CF031092D0031092D1031092D20338CF39
:108D00008230A9F78A98899AF2CF1092CE031092F6
:108D1000CD0389B1869581708093E71589B1817003
:108D20008093E81536CFCF93DF93CDB7DEB7C55923
:108D3000D1090FB6F894DEBF0FBECDBF0E945A1105
:108D4000F8941092200110922101109225011092A6
:108D5000240189EF90E0909329018093280180916C
:108D6000210188608093210180912101836080939B
:108D700021018091730082608093730078945198F0
:108D8000599A5098589A8091C00082608093C00090
:108D90001092C50080E18093C4008091C100886971
:108DA0008093C1008091C80082608093C8001092B7
:108DB000CD0082E28093CC008091C90088698093C5
:108DC000C9008091D0008D7F8093D0001092D50093
:108DD00087E68093D4008091D10088698093D10088
:108DE00090E080E00E94F8108A3009F478C187E0B2
:108DF0000E94CA078FEF0E94CD200E944F0881B1C8
:108E00008E6F81B987B18E6F87B9809181008F7E17
:108E1000809381008091810088608093810080919F
:108E200080008C7F80938000809180008F70809381
:108E3000800080916E00887F80936E0014BC15BC0A
:108E400080916E00816080936E008091070187772A
:108E500080930701809108018777809308018091B2
:108E60006D00886880936D008091680084608093B5
:108E700068001092B0001092B1008091B10087603C
:108E80008093B1008FEF8093B30080917000826077
:108E900080937000789478944E0129E8820E911C9A
:108EA0006E013DE6C30ED11CEAECF5E181E2DF0183
:108EB0001D928A95E9F781E08093CA1584E6809334
:108EC000D1158093D2158093D3158091C6159091BA
:108ED000C715A091C815B091C9158093DB15909363
:108EE000DC15A093DD15B093DE151092C509109224
:108EF000A9151092A8151092A4151092A51580918D
:108F00009A0680939906E8E2F4E08BE6DF011D9271
:108F10008A95E9F780910D1790910E17A0910F1780
:108F2000B09110178093930490939404A0939504A8
:108F3000B09396046BE574E080E00E94AC20811150
:108F400003C087E00E94CA070E943F1B0E94D00F07
:108F500080910A018C7F80930A0180910B018360CC
:108F600080930B0185988D9A86988E9A80910A013C
:108F70008F7C80930A0180910B01806380930B01A9
:108F800080910A01837F80930A0180910B018C609C
:108F900080930B0180E00E9477051092910010925F
:108FA000900080919100887F8160809391008091F2
:108FB0009100836080939100809171008E7F8093F7
:108FC00071000E945A110E9487110E94421A6C9AE5
:108FD000749A80910A01806880930A0180910A0145
:108FE000806480930A01999A989A01E010E021E048
:108FF00030E041E050E061E070E081E090E00E940C
:109000002A2381E00E94DE230E94FE090E948A102A
:109010008091FC1683FF11C00E94AA0F882369F07B
:1090200081E08093CA1581EB93E00E940C078BE5E9
:1090300093E00E940C070E94AC098091CA158178C8
:1090400009F459C081EB93E00E940C0786E993E094
:109050000E940C070E94AC0981E08093CA1510E0C1
:1090600000E01E01B1E82B0E311C80910202882322
:1090700049F04091DE036091DD0380E00E94E4242A
:109080001092020280910102882349F04091DC0392
:109090006091DB0381E00E94E42410920102809140
:1090A0000002882349F04091DA036091D90382E0FD
:1090B0000E94E42410920002FE0131965F0190911B
:1090C000990680919A0698130C947A510E94280D63
:1090D0000E94361F8091CB15882339F2E5CE46E3F6
:1090E00051E061E070E087E796E10E940011892B72
:1090F00009F085CE7CCE1092CA15809106010E949F
:10910000AC3DADCF843211F00C943D5181E0CF568F
:10911000DF4F8883C159D04088E0D4011D928A95E1
:10912000E9F78091AE17863409F4E4C20CF0BBC0B5
:10913000813409F4DEC01CF5882309F40AC18432A5
:1091400009F474C39091CA15923008F07EC4893432
:1091500009F4D7C50CF060C4833209F478C48834AC
:1091600009F4D6C410E0A601BE016F567F4F8DEA08
:1091700097E10E94F10E811174C612E0EBC08334B6
:1091800009F454C30CF450C28534E1F68FEC92E03C
:109190000E940C078CEC92E00E940C0782E392E0A4
:1091A0000E94632D6091291770912A1780912B17C7
:1091B00090912C1743E656E10E949402609141176A
:1091C0007091421780914317909144174FE456E1F4
:1091D0000E9494028FE496E19F938F9383E696E139
:1091E0009F938F9386E692E09F938F930FEF15E105
:1091F0001F930F930E948156C8010E94632D6091B6
:10920000591770915A1780915B1790915C174BEE2C
:1092100055E10E9494028BEE95E19F938F938AE82B
:1092200092E09F938F931F930F930E948156C801E2
:109230000E94632D86E992E00E94632D8BEA92E002
:109240000E94632D80EB92E00E94632D6AEA75E133
:10925000C5010E94050489859A85AB85BC858093EC
:10926000111790931217A0931317B093141710921D
:109270000D1710920E1710920F17109210171092D0
:1092800093041092940410929504109296040E94F4
:10929000EB1082E392E00E94632D0FB6F894DEBFDC
:1092A0000FBECDBF56C0833509F490C1B4F48734E6
:1092B00009F4BCC28A3409F045CF8091CA158F7D6C
:1092C00009F0C3C38091AF178D3309F052C08DEA06
:1092D00097E10E94632D182F3DC0863509F473C1B4
:1092E000883509F4A3C2843509F02CCF0E94010807
:1092F00030C08091AF17811130C08AE093E00E94A6
:109300000C078DE597E10E941A0788E093E00E9420
:109310000C078DE697E10E941A0788E093E00E940F
:109320000C078DE797E10E941A0788E093E00E94FE
:109330000C078DE897E10E941A0788E093E00E94ED
:109340000C078DE997E10E941A0783E093E00E94E1
:109350000C0710E0812F0C949E511091B017111141
:1093600001C1823541F0843509F4A1C0813409F48A
:10937000E8C013E0EFCF82E392E00E94632D81E02A
:109380000E94E5280E94402080E00E94AF29EDE283
:10939000F7E1CE56DF4FF983E883C259D0404DE55F
:1093A000E42E47E1F42E54E0652E52E0752E512C48
:1093B00068E0462ED101E42D1D92EA95E9F7CE56DC
:1093C000DF4FA881B981C259D0406D917D918D91B7
:1093D0009D91CE56DF4FB983A883C259D04020E07B
:1093E00030E04CE052E40E94A151A6010E94940298
:1093F000DF92CF92E4ECF2E0FF93EF93BF92AF9253
:109400000E948156C5010E94632D0E944020C10127
:109410000E94401C80E1F101D70101900D928A95D4
:10942000E1F78CEF92E00E940C075394852D0E9487
:10943000E70689EF92E00E940C07C7010E941A0715
:1094400085EF92E00E940C070F900F900F900F9005
:109450000F900F90D7018C91811125C0F3011082DC
:109460000091080210E02091070230E040910602CE
:1094700050E06091050270E08091040290E00E944B
:109480002A23F0E1EF0EF11C2FEF621A720A35E089
:10949000531290CF81E00E94AF2980E00E94E5281E
:1094A0000E94EB1056CFE3E0D301EC93D9CF40906C
:1094B000C6155090C7156090C8157090C915809159
:1094C000DB159091DC15A091DD15B091DE15A3019F
:1094D0009201281B390B4A0B5B0BCA01B9012CE323
:1094E00030E040E050E00E943056CE56DF4F2883F7
:1094F00039834A835B83C259D0404092DB15509236
:10950000DC156092DD157092DE15CA01B90188275D
:1095100099270E94680680ED92E00E94F209C3013B
:10952000B2010E94680680ED92E00E94F209CE56D8
:10953000DF4F68817981C259D04081E00E94741B5D
:1095400008CF87EE92E00E940C078FB186FB882738
:1095500080F90E94E70685EE92E00E940C0782EEF9
:1095600092E0F5CE9091B11791112DC010531630A5
:1095700008F0FFCE8734C1F0823509F0FACEC4017D
:109580000E94401C412F4150550BDA0134E0AA0FD4
:10959000BB1F3A95E1F7A35AB84E80E1F401019060
:1095A0000D928A95E1F77CCFA12FA150BB0BCD0185
:1095B00024E0880F991F2A95E1F760E1835A984EBD
:1095C0000E944205C6CE0E94B109C3CE8091B11758
:1095D0008111BFCE64E08DEA97E10E9442051091AF
:1095E000B01710538091AF178235B1F08435C1F0B8
:1095F000803509F0AECE2091EA15812F90E0281732
:10960000190609F4A6CE0E94812A81E0111101C039
:1096100080E08093EA159DCE812F0E94AF2999CEDC
:10962000812F0E94E52895CE8091B017811191CEAF
:109630008091AF178534E9F0833509F08ACE81E057
:109640008093DF158093E61583E00E94DE238091EE
:10965000C6159091C715A091C815B091C9158093F2
:10966000DB159093DC15A093DD15B093DE15899A78
:1096700070CE1092E61582E00E94DE230E94421115
:1096800082E392E00E94632D0E9440200E944104E8
:109690008EE392E00E94632D8DE492E00E94632DA0
:1096A00083ED92E00E94632D85EE92E00E94632D8F
:1096B00085EF92E00E94632D86E093E00E94632D87
:1096C00089E193E00E94632D8CE293E00E94632D78
:1096D0008DE393E00E94632D8EE493E00E94632D5E
:1096E00081E693E00E94632D0E9440208A981092A8
:1096F000DF152FCE8091B11781112BCE1091B017AD
:109700001053E091AF17E154EE3008F032CE0E2E38
:10971000000CFF0B8827E057F44B8F4F0C945256E8
:109720009E4BAA4BB34BBB4BC74BCD4BD94BE54BD9
:10973000ED4BF54BFB4B014C114C074C112341F009
:10974000A29A81E0111101C080E08093E41501CE5E
:10975000A298F7CF112329F0899A81E08093E6152A
:10976000F8CD8998FACF112321F00E94410482E0BC
:10977000F5CF8A98FCCF112341F08F9A81E0111127
:1097800001C080E08093E515E4CD8F98F7CF1123D9
:1097900011F0A59ADECDA598DDCD112341F0739A85
:1097A00081E0111101C080E08093E315D2CD739860
:1097B000F7CF80910201112321F08860809302018C
:1097C000C8CD877F80930201C5CD8091020111230E
:1097D00011F08062F3CF8F7DF5CF809102011123CC
:1097E00011F08064EBCF8F7BEDCF112311F0109A35
:1097F000B0CD1098AFCD112311F08B9AAACD8B98D4
:10980000A9CD112311F05F9AA4CD5F98A3CD812F2C
:109810000E94E52881E0111101C080E08093E015ED
:1098200098CD0E9442111092E61593CD9091AF17FA
:1098300091119FCD833409F4D0C05CF4843209F0D7
:1098400088CD8091CA15887109F0FFC00E944F0829
:1098500080CD8734D1F0883509F07BCD8091CA1551
:10986000813009F076CD8091060181EB93E00E9472
:109870000C0784E893E00E940C070E94AC09109248
:10988000CA1582E00E94DE2364CD86EC92E00E943D
:109890000C07809128048C3838F082EC92E00E940A
:1098A0000C07809128048A580E94E70683EB92E017
:1098B0000E940C0780912E048A5C0E94E70683EBCD
:1098C00092E00E940C0780912C048F5E0E94E706B4
:1098D00083EB92E00E940C0790912A0485E1891B9A
:1098E0000E94E70683EB92E00E940C0780912B0414
:1098F000865A0E94E70683EB92E00E940C07909143
:1099000029048EE5891B0E94E70680912F04882395
:1099100091F086EB92E00E940C0780912F04833037
:1099200039F08E3111F0823031F40E94E70603C025
:1099300080E30E945E0586EB92E00E940C07809116
:109940003104803139F0803209F443C0811105C0FF
:1099500085E301C083E30E945E0586EB92E00E94EE
:109960000C07809130048823B1F187FF03C087E39F
:109970000E945E058091300486FF03C088E30E9448
:109980005E058FEB92E00E940C0780910C170E94FD
:10999000E7068CEB92E00E940C0760913604709110
:1099A000370480913804909139040E94330689EB82
:1099B00092E00E940C076091320470913304809110
:1099C00034049091350440E00E9489050E94AC095E
:1099D000C0CC84E3C0CF89E3D2CF1091CA15123036
:1099E00059F40E940B2481EB93E00E940C0783E75B
:1099F00093E00E940C07EACF111127C082E0809308
:109A0000CA1581EB93E00E940C078CE793E00E945B
:109A10000C070E94AC099ECC823509F4D4C1833571
:109A200009F45DC18E3409F09DCB82E0CF56DF4F43
:109A30008883C159D0408091AF1710E0882309F482
:109A4000F3C111E0992309F48ECB18E083CC809107
:109A5000AF1781118ECC00E0BE016F5A7F4F802F6F
:109A60000E94AC20182F811104C087E00E94CA0711
:109A700071CC80EB92E00E940C07063041F0073079
:109A800009F443C086E3800F0E94E70604C08DEA14
:109A900092E00E940C078AE30E945E05CE018F5A75
:109AA0009F4F0E944F060E94AC090F5F0830A1F63D
:109AB00084EA92E00E940C0787E794E00E944F0638
:109AC0000E94AC098EE992E00E940C076091930419
:109AD0007091940480919504909196040E9441069F
:109AE0000E94AC0987E992E00E940C07609111176F
:109AF0007091121780911317909114170E944106CC
:109B00000E94AC090E94BB0924CC8AEA92E0C1CF32
:109B10008091FC1615E084FF1DCC8091060184E045
:109B20008093CA150E94940A8091AF1781111BC0BF
:109B300081E00E94812A80E00E94E52881E08093F4
:109B4000EA1580E00E94472D1091CB15111101CC30
:109B50001092CA150E94231A8091AF178111F9CB78
:109B60000E94AC3DF7CB9091B017911102CC883593
:109B700009F498C00CF08FC0813409F0FACB0E9430
:109B800040208091CB158111DFCF8DE0D6011D9251
:109B90008A95E9F786E0F601848720E030E040E42A
:109BA00050EC6091D7167091D8168091D91690918B
:109BB000DA160E94F9542B013C0120E030E0A901A3
:109BC0000E94975287FF03C0412C512C32012091F3
:109BD0000217309103174091041750910517CE5684
:109BE000DF4F288339834A835B83C259D0406AEAB6
:109BF00075E1C5010E9405041092B6151092B715C3
:109C00001092B8151092B91577FA709477F870948D
:109C10004D865E866F86788A80E28093D015CE5618
:109C2000DF4F88819981AA81BB81C259D040F6015A
:109C300080839183A283B383B601C5010E949325DB
:109C400084E08093CE150E94A7120E94670410E260
:109C50000E94361F8091060182FD10E01093D015FE
:109C60000E94A7128091A9158473B1F11091A915D2
:109C700014FF03C086E00E947A0315FF03C087E04B
:109C80000E947A038091A815882381F00E940B24FA
:109C90000E94361F59CF893539F08A3509F069CBD2
:109CA00084E050CF81E04ECF82E04CCF84E00E9430
:109CB00080030E94421A80910617909107170E9414
:109CC000191A1092B6151092B7151092B815109275
:109CD000B9151092CE1538CF1111BACFEACF8091B5
:109CE000AF178C3409F045CB8091B017803509F05F
:109CF00040CB8091B11781113CCB80E80E948A0350
:109D000028CB82E0CF56DF4F8883C159D040809165
:109D1000AF17811132C040E051E06EEA73E08DEA86
:109D200097E10E940011892B51F41092AD1740E089
:109D300051E06DEA77E18EEA93E00E94B01083E88B
:109D400092E00E940C078DEA97E10E94F2090E94BE
:109D5000AC098DE792E00E940C0786E50E945E0543
:109D60008EE40E945E058DE40E945E058AE50E94F5
:109D70005E0588E40E945E0529CEF3E0CF56DF4FF2
:109D8000F883C159D0408D3309F0F3CA83E0282FFE
:109D900030E0F901E355F84E90812655384ED9014F
:109DA0009C938F5F90819111F2CFCF56DF4F8883C4
:109DB000C159D04040E051E06DEA77E18EEA93E08E
:109DC0000E94B010C6CA8091AF17833509F0D1CA7E
:109DD0008091B017843509F0CCCA8091B1178D33CA
:109DE00009F0C7CA8091B3178111C3CA8091B21715
:109DF000843239F08A32A9F0833209F0BACA82E09B
:109E000001C081E00E94CD2081EB93E00E940C070D
:109E10008AE393E00E940C070E94AC090E940B2485
:109E200098CA8FEFEFCF11E0812F0E94512081114E
:109E300007C087E00E94CA07113009F48ACAF3CF2D
:109E40008AE792E00E940C07812F0E94E7068DE3CB
:109E50000E945E058DEA97E10E94F2090E94C60702
:109E6000EBCFCF56DF4FE881C159D04081E08E0F54
:109E7000CF56DF4F8883C159D040F0E0E355F84E0C
:109E800090819D3309F075CA112309F440C0482F11
:109E900050E0282F30E0D901A355B84E9C91241BE7
:109EA000350BF901E355F84E90838F5F9C9191112A
:109EB000F0CFCF56DF4F8883C159D0401EE08135A7
:109EC00008F048CA8DEA97E10E94632D182F81118E
:109ED00041CAF60160817181828193810E94DC55C3
:109EE0002B013C010E944020C301B2010E941A5381
:109EF00021E031E0629FC001639F900D112440E09A
:109F000051E06DEA77E19D5F0E94B01023CAA50180
:109F1000BE016F567F4F8DEA97E10E94F10E8823B4
:109F200009F42BC9CF56DF4FE881C159D040F0E08A
:109F3000E355F84E808181111CCAD6018D919D9107
:109F40000D90BC91A02DCE56DF4F88839983AA83B4
:109F5000BB83C259D04020E030E04FE753E4BC015E
:109F6000CD010E94B95418160CF403CA49805A80D6
:109F70006B807C80CE56DF4F688179818A819B819E
:109F8000C259D0400E941A53062F88E3800F8A30AE
:109F900048F5093C69F00A3CE1F0083C31F4C301A2
:109FA000B2010E941A5360930C170E94EB10D2C9A1
:109FB00040920D1750920E1760920F177092101763
:109FC0004092930450929404609295047092960487
:109FD000ECCF4092111750921217609213177092A3
:109FE0001417E3CF023D10F18EE2800F63E00E9470
:109FF0000E56292FB4E08B9FC0011124213051F05F
:10A00000223089F08B5E984EFC0140825182628240
:10A010007382CBCF835D984EDC014D925D926D9241
:10A020007C921397C2CF8B5B984EEECF043608F428
:10A030003FC0045680E0073090F5E02FF0E0EE0FCF
:10A04000FF1FEE0FFF1F823051F0833009F1813086
:10A0500019F0E958F94ED9CFED56F94ED6CF9F01F8
:10A060002155394E790120E030E040E752E4C30148
:10A07000B2010E94F95420E030E040E752E40E942F
:10A08000F954D7016D937D938D939C9313978DCF46
:10A09000E553F94E77FA709477F87094B6CF8F5FE6
:10A0A0000A3008F466C9843009F463C90A50C3CF82
:10A0B000C301B2010E94DC550E941A53013208F01C
:10A0C00058C9E02FF0E08827E759FF4A8F4F0C94DA
:10A0D00052568A509050935098509B50A550AD5076
:10A0E000B949B949B949BA50BD50C650CF50B9491C
:10A0F000B949B949B949B949B949DB50E550F150B5
:10A10000F950FC5005510E511451B949B9491D512E
:10A1100028513151633008F4ACC06093E71645CF45
:10A120006093EA1642CF6093E8160E94A7043DCFE1
:10A130006093E916FACF8091FC16662321F08460C3
:10A140008093FC1632CF8B7FFBCF8091FC16662369
:10A1500011F08064F5CF8F7BF3CF8091FC166623DE
:10A1600039F080688093FC1680E00E9477051DCF4F
:10A170008F77F8CF6093EB1618CF4092EC16509281
:10A18000ED166092EE167092EF160FCF4092F01619
:10A190005092F1166092F2167092F31606CF8091EB
:10A1A000FC16662331F081608093FC160E947520B6
:10A1B000FCCE8E7FF9CF8091FC16662321F084FFC0
:10A1C0005AC08062BDCF8F7DBBCF8091FC166623C5
:10A1D00031F088608093FC160E94D00FE6CE877F16
:10A1E000F9CF8091FC16662311F08061A9CF8F7C96
:10A1F000A7CF6093FD16D9CE4092FE165092FF165F
:10A200006092001770920117D0CE409202175092C0
:10A2100003176092041770920517C7CE70E0709311
:10A22000071760930617C1CE40920817509209177E
:10A2300060920A1770920B17B8CE4092F4165092A3
:10A24000F5166092F6167092F7160E943F1BADCE7F
:10A250004092F8165092F9166092FA167092FB1618
:10A26000F4CF8091FC16662311F0826069CF8D7F58
:10A2700067CF16E06FC81AE06DC88091CA15817269
:10A2800039F089E00E94CA0710E000E00C945F48B2
:10A290008DEA97E10E94632D51C0002339F0893285
:10A2A00011F00C945F480D7F0C945F48813210F4DC
:10A2B0000C945F488F3211F40C945F48883289F017
:10A2C0008B3391F01F3F99F0E12FF0E0E355F84E0A
:10A2D0001F5F9FE9980F9A3108F4805280830C9495
:10A2E0005F4802E00C945F4804E00C945F4801E092
:10A2F0000C945F48E92FF0E0E756FA4F80819F5FAA
:10A30000909399068F3F11F40C9466488A3011F0AF
:10A310008D3019F60E94361F8091CB1581110C9457
:10A320005447E12FF0E0E355F84E10828BE000FD3A
:10A33000A9CF8091AD1781110C9482480E94D60755
:10A34000A3CF5058BB27AA270E94B9510C9453544D
:10A350000E941A5438F00E94215420F039F49F3F93
:10A3600019F426F40C94F0530EF4E095E7FB0C94EA
:10A37000C153E92F0E94785458F3BA176207730744
:10A380008407950720F079F4A6F50C94B2540EF4E6
:10A39000E0950B2EBA2FA02D0B01B90190010C01F5
:10A3A000CA01A0011124FF27591B99F0593F50F40D
:10A3B000503E68F11A16F040A22F232F342F442765
:10A3C000585FF3CF469537952795A795F04053955D
:10A3D000C9F77EF41F16BA0B620B730B840BBAF02D
:10A3E0009150A1F0FF0FBB1F661F771F881FC2F798
:10A3F0000EC0BA0F621F731F841F48F487957795AC
:10A400006795B795F7959E3F08F0B0CF9395880F65
:10A4100008F09927EE0F9795879508950E941A5492
:10A4200060F080E891E009F49EEF0E94215428F04A
:10A4300040E851E071F45EEF0CC00C94F0530C94C2
:10A44000B254E92FE0780E94785440F3092E052A8F
:10A45000B1F3261737074807590738F00E2E07F8CB
:10A46000E02569F0E025E0640AC0EF6307F8009496
:10A4700007FADB01B9019D01DC01CA01AD01EF93CF
:10A480000E94B8520E9453540E9451525F9155232A
:10A4900039F02BED3FE049E450FD49EC0C94A2511A
:10A4A0000895DF93DD27B92FBF7740E85FE31616E5
:10A4B000170648075B0718F4D92F0E94BE549F93D4
:10A4C0008F937F936F930E94D855E4EEF0E00E9443
:10A4D000F3530E9453542F913F914F915F910E94EB
:10A4E0000C55DD2351F09058A2EA2AED3FE049ECEB
:10A4F0005FE3D0785D270E94B951DF910C945354EB
:10A500000E949A5490F09F3748F4911116F40C94DD
:10A51000B35460E070E080E89FE3089526F01B16D6
:10A52000611D711D811D0C94C7530C94E2530E9450
:10A530009D5308F481E008950E942A54E3950C94F9
:10A5400064540E94B5520C9453540E94215458F004
:10A550000E941A5440F029F45F3F29F00C94C15333
:10A5600051110C94B3540C94F0530E94785468F336
:10A570009923B1F3552391F3951B550BBB27AA27BC
:10A5800062177307840738F09F5F5F4F220F331FF6
:10A59000441FAA1FA9F335D00E2E3AF0E0E832D0BE
:10A5A00091505040E695001CCAF72BD0FE2F29D0C1
:10A5B000660F771F881FBB1F261737074807AB0793
:10A5C000B0E809F0BB0B802DBF01FF2793585F4F08
:10A5D0003AF09E3F510578F00C94C1530C94B3545B
:10A5E0005F3FE4F3983ED4F3869577956795B795EA
:10A5F000F7959F5FC9F7880F911D9695879597F9F5
:10A600000895E1E0660F771F881FBB1F621773076D
:10A610008407BA0720F0621B730B840BBA0BEE1F82
:10A6200088F7E09508950E941A536894B1110C942C
:10A63000B35408950E94805488F09F5798F0B92F22
:10A640009927B751B0F0E1F0660F771F881F991F67
:10A650001AF0BA95C9F714C0B13091F00E94B25403
:10A66000B1E008950C94B254672F782F8827B85F13
:10A6700039F0B93FCCF3869577956795B395D9F7BF
:10A680003EF490958095709561957F4F8F4F9F4FC9
:10A690000895E89409C097FB3EF4909580957095D5
:10A6A00061957F4F8F4F9F4F9923A9F0F92F96E91E
:10A6B000BB279395F695879577956795B795F11193
:10A6C000F8CFFAF4BB0F11F460FF1BC06F5F7F4F30
:10A6D0008F4F9F4F16C0882311F096E911C0772342
:10A6E00021F09EE8872F762F05C0662371F096E84B
:10A6F000862F70E060E02AF09A95660F771F881F1A
:10A70000DAF7880F9695879597F908950E949A54DD
:10A7100090F09F3748F4911116F00C94B35460E018
:10A7200070E080E89FEB089526F41B16611D711DF3
:10A73000811D0C94C7530C94E253990F0008550FD8
:10A74000AA0BE0E8FEEF16161706E807F907C0F0B7
:10A7500012161306E407F50798F0621B730B840BBF
:10A76000950B39F40A2661F0232B242B252B21F499
:10A7700008950A2609F4A140A6958FEF811D811D39
:10A78000089597F99F6780E870E060E00895882356
:10A7900071F4772321F09850872B762F07C066231A
:10A7A00011F499270DC09051862B70E060E02AF0DB
:10A7B0009A95660F771F881FDAF7880F9695879509
:10A7C00097F908959F3F31F0915020F48795779540
:10A7D0006795B795880F911D9695879597F9089578
:10A7E0009FEF80EC0895DF93CF931F930F93FF9219
:10A7F000EF92DF927B018C01689406C0DA2EEF01A4
:10A800000E940C55FE01E894A59125913591459142
:10A810005591A6F3EF010E94B951FE019701A801DD
:10A82000DA9469F7DF90EF90FF900F911F91CF912D
:10A83000DF91089500240A941616170618060906D3
:10A84000089500240A9412161306140605060895A6
:10A850000C94F0530E948054D8F3E894E0E0BB27B6
:10A860009F57F0F02AED3FE049EC06C0EE0FBB0F1A
:10A87000661F771F881F28F0B23A620773078407A4
:10A8800028F0B25A620B730B840BE3959A9572F71A
:10A89000803830F49A95BB0F661F771F881FD2F758
:10A8A00090480C94E453092E0394000C11F488236F
:10A8B00052F0BB0F40F4BF2B11F460FF04C06F5F78
:10A8C0007F4F8F4F9F4F0895EF93E0FF07C0A2EA9D
:10A8D0002AED3FE049EC5FEB0E94B9510E945354CE
:10A8E0000F90039401FC9058E1E1F1E00C94EE55D7
:10A8F00057FD9058440F551F59F05F3F71F0479531
:10A90000880F97FB991F61F09F3F79F08795089515
:10A91000121613061406551FF2CF4695F1DF08C034
:10A92000161617061806991FF1CF86957105610551
:10A93000089408950E948054A0F0BEE7B91788F4E7
:10A94000BB279F3860F41616B11D672F782F882714
:10A95000985FF7CF869577956795B11D9395963952
:10A96000C8F30895E894BB2766277727CB0197F9AA
:10A9700008950E949D5308F48FEF08959B01AC0148
:10A9800060E070E080E89FE30C94A1520E94805444
:10A9900058F19E5760F19851A0F0E9F0983020F5F9
:10A9A000092E9927660F771F881F991F0A94D1F7E0
:10A9B00012C0062E672F782F8827985F11F4000C9D
:10A9C00007C0993FB4F38695779567959395D9F726
:10A9D000611D711D811D3EF4909580957095619566
:10A9E0007F4F8F4F9F4F089568940C94B3540C94ED
:10A9F000B2540E940C550C9453540E941A5438F0CF
:10AA00000E94215420F0952311F00C94C1530C9412
:10AA1000F05311240C94B3540E94785470F3959F12
:10AA2000C1F3950F50E0551F629FF001729FBB2745
:10AA3000F00DB11D639FAA27F00DB11DAA1F649FE1
:10AA40006627B00DA11D661F829F2227B00DA11D94
:10AA5000621F739FB00DA11D621F839FA00D611D1A
:10AA6000221F749F3327A00D611D231F849F600D3B
:10AA7000211D822F762F6A2F11249F5750409AF064
:10AA8000F1F088234AF0EE0FFF1FBB1F661F771FF0
:10AA9000881F91505040A9F79E3F510580F00C94BB
:10AAA000C1530C94B3545F3FE4F3983ED4F38695BE
:10AAB00077956795B795F795E7959F5FC1F7FE2B5B
:10AAC000880F911D9695879597F908950E94805457
:10AAD000E8F09E37E8F09639B8F49E3848F4672FCE
:10AAE000782F8827985FF9CF869577956795939506
:10AAF0009539D0F3B62FB1706B0F711D811D20F405
:10AB000087957795679593950C94C7530C94E2536A
:10AB10000C94B3549F930E942A540F9007FCEE5F4D
:10AB20000C94645419F416F40C94F0530C94E253FE
:10AB30000E948054B8F39923C9F3B6F39F57550B7D
:10AB400087FF0E94E7550024A0E640EA9001805864
:10AB50005695979528F4805C660F771F881F20F024
:10AB600026173707480730F4621B730B840B202924
:10AB700031294A2BA69517940794202531254A2779
:10AB800058F7660F771F881F20F0261737074807EA
:10AB900030F4620B730B840B200D311D411DA09509
:10ABA00081F7B901842F9158880F9695879508955C
:10ABB0009B01AC010C94F9540E949A5430F09F37D9
:10ABC00010F40C94B3540C94C7530C94E25391506A
:10ABD0005040660F771F881FD2F708959F938F9379
:10ABE0007F936F93FF93EF939B01AC010E94F95405
:10ABF000EF91FF910E94F3532F913F914F915F91FD
:10AC00000C94F954991B79E004C0991F961708F029
:10AC1000961B881F7A95C9F78095089587FB082EA3
:10AC2000062687FD819567FD61950E9402560EF408
:10AC3000919507FC81950895AA1BBB1B51E107C0A4
:10AC4000AA1FBB1FA617B70710F0A61BB70B881FBC
:10AC5000991F5A95A9F780959095BC01CD0108954B
:10AC6000A1E21A2EAA1BBB1BFD010DC0AA1FBB1F10
:10AC7000EE1FFF1FA217B307E407F50720F0A21B82
:10AC8000B30BE40BF50B661F771F881F991F1A94EF
:10AC900069F760957095809590959B01AC01BD0119
:10ACA000CF010895EE0FFF1F881F8BBF0790F6910D
:10ACB000E02D19940E946556A59F900DB49F900DAC
:10ACC000A49F800D911D11240895A29FB001B39FF0
:10ACD000C001A39F700D811D1124911DB29F700DA5
:10ACE000811D1124911D0895FB01DC0104C08D918B
:10ACF0000190801921F441505040C8F7881B990BEE
:10AD000008950F931F93CF93DF93CDB7DEB72E97A0
:10AD10000FB6F894DEBF0FBECDBF0E891F8986E047
:10AD20008C831A8309838FEF9FE79E838D83AE0107
:10AD3000465E5F4F688D798DCE0101960E94B156B7
:10AD40002F813885020F131FF80110822E960FB63F
:10AD5000F894DEBF0FBECDBFDF91CF911F910F9151
:10AD600008952F923F924F925F926F927F928F92AF
:10AD70009F92AF92BF92CF92DF92EF92FF920F938A
:10AD80001F93CF93DF9300D000D000D01F921F926B
:10AD9000CDB7DEB77C013B018A01FC011782168228
:10ADA000838181FFDDC1CE0101965C01F7019381B2
:10ADB000F30193FD859193FF81913F01882309F46D
:10ADC00053C1853239F493FD859193FF81913F0101
:10ADD000853229F4B70190E00E94C958E7CF912C41
:10ADE000212C312CFFE1F31538F08B3211F190F466
:10ADF000803209F1833229F137FC3CC020ED280F65
:10AE00002A3050F536FE20C08AE0989E200D11248D
:10AE1000922E06C08D3291F0803371F7689430F82D
:10AE2000F30193FD859193FF81913F018111DACF69
:10AE300021C0689431F8689432F8F2CF689433F8FE
:10AE4000EFCF689434F8ECCFEAE02E9E200D112469
:10AE5000222E689435F8E4CF8E3229F436FC04C1F2
:10AE6000689436F8DDCF8C3619F4689437F8D8CF6B
:10AE70008836B1F2982F9F7D95549330E0F0833659
:10AE8000A1F18337C1F1833509F063C02801F2E0F5
:10AE90004F0E511CF801C080D180692D70E036FC46
:10AEA00002C06FEF7FEFC6010E94B3584C01689457
:10AEB00037F882010AC00C5F1F4FFFE3F983882433
:10AEC0008394912C6501E89437F833FE2DC0522C01
:10AED0008114910471F5552009F468CFB70180E21F
:10AEE00090E00E94C9585A94F6CFF8018081898376
:10AEF0000E5F1F4FE4CF2801F2E04F0E511CF80106
:10AF0000C080D180692D70E036FC02C06FEF7FEF0A
:10AF1000C6010E94BE584C018201D5CFB70180E224
:10AF200090E00E94C9582A942814190409F0B0F737
:10AF3000CECFF60137FC859137FE81916F01B701C5
:10AF400090E00E94C95851105A94F1E08F1A91086C
:10AF5000BFCF843619F0893609F077C0F80137FE83
:10AF60006BC060817181828193810C5F1F4FF32DD3
:10AF7000FF763F2E97FF09C090958095709561955B
:10AF80007F4F8F4F9F4F689437F82AE030E0A5013C
:10AF90000E94F958C82ECA188C2C432C36FE0CC0BF
:10AFA000E89440F8C91440F434FE05C032FC03C0F4
:10AFB000F32DFE7E4F2E892C44FEAAC0FE01EC0D1F
:10AFC000F11D8081803309F09CC0242D297E422E02
:10AFD000842D8870582E43FCAAC040FEA4C09C2C2F
:10AFE000821418F42C0C922C981844FEA6C0B701B9
:10AFF00080E390E00E94C95842FE09C088E790E0D3
:10B0000041FE02C088E590E0B7010E94C958C9140A
:10B0100008F49FC0CA94D12C9FEFC91AD90ACA0C50
:10B02000DB1CF60182916F01B70190E00E94C958C4
:10B03000AC14BD04B1F74FCF60817181072E000CB5
:10B04000880B990B0E5F1F4F92CFD32CE894D4F846
:10B050002AE030E08537E1F1232D297FD22E8F368B
:10B06000A9F1F0F4883551F1F701868197812B968B
:10B070000FB6F894DEBF0FBECDBFDF91CF911F9109
:10B080000F91FF90EF90DF90CF90BF90AF909F9087
:10B090008F907F906F905F904F903F902F9008958A
:10B0A000803749F0883701F7D4FE02C06894D2F89F
:10B0B00020E130E00DC06894D4F8F6CF34FE03C030
:10B0C000822F8660D82E20E132E002C028E030E0F6
:10B0D000F801D7FE0FC060817181828193810C5F7E
:10B0E0001F4FA5010E94F958C82ECA183D2CE8949C
:10B0F00037F852CF6081718190E080E00E5F1F4F82
:10B10000F0CF42FC02C0839463CF8394839460CFDA
:10B11000842D867809F45CCFF6CFB70180E290E009
:10B120000E94C95883948214C0F3512C5ECF522CD4
:10B130005818821408F459CFF8CF842D867809F472
:10B1400066CF8BE241FE80E247FC8DE2B70190E0E2
:10B150005CCFB70180E390E00E94C9589A9457CF22
:10B160008FEF9FEF84CFFC0105906150704001107C
:10B17000D8F7809590958E0F9F1F0895FC01615020
:10B18000704001900110D8F7809590958E0F9F1F09
:10B1900008950F931F93CF93DF93182F092FEB017F
:10B1A0008B8181FD09C01FEF0FEF812F902FDF9161
:10B1B000CF911F910F91089582FF14C02E813F817E
:10B1C0008C819D81281739073CF4E881F981CF01F2
:10B1D00001969983888310838E819F8101969F8336
:10B1E0008E83E3CFE885F985812F1995892BA1F30B
:10B1F000DACFFA01AA27283051F1203181F1E89401
:10B200006F936E7F6E5F7F4F8F4F9F4FAF4FB1E059
:10B210003ED0B4E03CD0670F781F891F9A1FA11D54
:10B22000680F791F8A1F911DA11D6A0F711D811D55
:10B23000911DA11D20D009F468943F912AE0269F1A
:10B2400011243019305D3193DEF6CF010895462F79
:10B250004770405D4193B3E00FD0C9F7F6CF462F5A
:10B260004F70405D4A3318F0495D31FD40524193C3
:10B2700002D0A9F7EACFB4E0A69597958795779580
:10B280006795BA95C9F700976105710508959B0107
:10B29000AC010A2E06945795479537952795BA9590
:10B2A000C9F7620F731F841F951FA01D0895F8949E
:10B2B000FFCF01010114010101010101062000007D
:10B2C00006010620000002010620000001AA1B253D
:10B2D000000000000101094000AA09200000000050
:10B2E0000101015547393047353347305A2D350074
:10B2F0004739304735334730582D35592D350047BC
:10B3000039304735334730582D35592D32303000DC
:10B310004D335332323030004739304735334730C0
:10B320005825735925730047393047353347303135
:10B330005A25734631353030004D35004739304796
:10B34000353347305A257300473231473931473357
:10B35000382E325A2D313030463230300047305A94
:10B3600031004733382E325A2D32463330004D34B7
:10B370005332333030004739304735334730592561
:10B3800073000D0A004739304735334730582D35A3
:10B3900030592D3230300047393047353347305837
:10B3A0002D3530592D350047393047353347305822
:10B3B0002D313030592D350047393047353347303E
:10B3C000582D313030592D32303000473930473523
:10B3D000334730582D313530592D32303000473910
:10B3E000304735334730582D313530592D350047EA
:10B3F00039304735334730582D323030592D3500EC
:10B400004739304735334730582D323030592D3297
:10B410003030004739304735334730582D313059B7
:04B420002D3130009A
:020000040003F7
:10E000000D9489F10D94B2F10D94B2F10D94B2F129
:10E010000D94B2F10D94B2F10D94B2F10D94B2F1F0
:10E020000D94B2F10D94B2F10D94B2F10D94B2F1E0
:10E030000D94B2F10D94B2F10D94B2F10D94B2F1D0
:10E040000D94B2F10D94B2F10D94B2F10D94B2F1C0
:10E050000D94B2F10D94B2F10D94B2F10D94B2F1B0
:10E060000D94B2F10D94B2F10D94B2F10D94B2F1A0
:10E070000D94B2F10D94B2F10D94B2F10D94B2F190
:10E080000D94B2F10D94B2F10D94B2F10D94B2F180
:10E090000D94B2F10D94B2F10D94B2F10D94B2F170
:10E0A0000D94B2F10D94B2F10D94B2F10D94B2F160
:10E0B0000D94B2F10D94B2F10D94B2F10D94B2F150
:10E0C0000D94B2F10D94B2F10D94B2F10D94B2F140
:10E0D0000D94B2F10D94B2F10D94B2F10D94B2F130
:10E0E0000D94B2F141546D656761323536300041AF
:10E0F000726475696E6F206578706C6F72657220DE
:10E1000073746B3530305632206279204D4C530099
:10E11000426F6F746C6F616465723E004875683F52
:10E1200000436F6D70696C6564206F6E203D200048
:10E130004350552054797065202020203D20005FF9
:10E140005F4156525F415243485F5F3D2000415658
:10E1500052204C696243205665723D20004743437C
:10E160002056657273696F6E203D20004350552024
:10E1700049442020202020203D20004C6F7720663D
:10E18000757365202020203D20004869676820665F
:10E190007573652020203D200045787420667573D6
:10E1A00065202020203D20004C6F636B2066757336
:10E1B000652020203D20004D617220203720323024
:10E1C000313300312E362E3800342E332E350056A2
:10E1D00023202020414444522020206F7020636F70
:10E1E00064652020202020696E73747275637469E1
:10E1F0006F6E2061646472202020496E74657272B3
:10E20000757074006E6F20766563746F7200726A49
:10E210006D702020006A6D70200057686174207056
:10E220006F72743A00506F7274206E6F7420737541
:10E2300070706F72746564004D7573742062652030
:10E2400061206C6574746572002000577269747483
:10E25000696E672045450052656164696E672045B7
:10E26000450045452065727220636E743D00504F35
:10E27000525400303D5A65726F2061646472003FF1
:10E280003D43505520737461747300403D454550C3
:10E29000524F4D207465737400423D426C696E6B41
:10E2A000204C454400453D44756D70204545505215
:10E2B0004F4D00463D44756D7020464C415348001B
:10E2C000483D48656C70004C3D4C69737420492F83
:10E2D0004F20506F72747300513D51756974005234
:10E2E0003D44756D702052414D00563D73686F7707
:10E2F00020696E7465727275707420566563746FF0
:10E30000727300593D506F727420626C696E6B00BD
:10E310002A0011241FBECFEFD1E2DEBFCDBF01E046
:10E320000CBF12E0A0E0B2E0EEE1FDEF03E00BBFB6
:10E3300002C007900D92A030B107D9F712E0A0E01B
:10E34000B2E001C01D92AE30B107E1F70F9460F367
:10E350000D948DFE01E20EBF0FEF0DBF11241FBE05
:10E360000D9460F30D9400F020E030E040ED57E0B4
:10E3700005C0FA013197F1F72F5F3F4F2817390792
:10E38000C0F308959C01260F311DC901A0E0B0E043
:10E390002F5F3F4FABBFFC018791882361F08093D3
:10E3A000C6008091C00086FFFCCF8091C0008064D1
:10E3B0008093C000EACF08958DE08093C6008091DD
:10E3C000C00086FFFCCF8091C00080648093C000B5
:10E3D0008AE08093C6008091C00086FFFCCF8091C8
:10E3E000C00080648093C00008950F94C2F10F9420
:10E3F000DCF10895FC019081992359F09093C600B7
:10E400008091C00086FFFCCF8091C0008064809323
:10E41000C0003196992379F70895282F982F929567
:10E420009F70892F805D8A3308F0895F8093C600D2
:10E430008091C00086FFFCCF8091C00080648093F3
:10E44000C000822F8F70982F905D9A3308F0995FEB
:10E450009093C6008091C00086FFFCCF8091C000E1
:10E4600080648093C00008959C01FB01853691056E
:10E470001CF46330710594F0C90164E670E00F94F8
:10E480002EFE605D7F4F6093C6008091C00086FFC6
:10E49000FCCF8091C00080648093C0002B30310598
:10E4A00014F43297B4F0C90164E670E00F942EFEC4
:10E4B0006AE070E00F942EFE605D7F4F6093C600AF
:10E4C0008091C00086FFFCCF8091C0008064809363
:10E4D000C000C9016AE070E00F942EFEC0968093E0
:10E4E000C6008091C00086FFFCCF8091C000806490
:10E4F0008093C00008951F93182F8EE692EE60E07F
:10E500000F94C2F11093C6008091C00086FFFCCF2B
:10E510008091C00080648093C0000F94DCF11F9153
:10E5200008952F923F924F925F926F927F928F92B7
:10E530009F92AF92BF92CF92DF92EF92FF920F9392
:10E540001F93DF93CF93CDB7DEB762970FB6F894E2
:10E55000DEBF0FBECDBF382E622ECA01DB015C01CB
:10E560006D01772420E2222E2E010894411C511CBB
:10E570008BC081E0A81680E0B80681E0C80680E084
:10E58000D80628F0C601AA27BB270F940DF2BB2797
:10E59000AD2D9C2D8B2D0F940DF28A2D0F940DF225
:10E5A0002092C6008091C00086FFFCCF8091C00001
:10E5B00080648093C0009DE29093C6008091C0006B
:10E5C00086FFFCCF8091C00080648093C0002092C1
:10E5D000C6008091C00086FFFCCF8091C00080649F
:10E5E0008093C00019828601750188249924A1E0D6
:10E5F0003A1651F03A1620F0B2E03B1661F409C029
:10E600000BBFF701779007C0C7010F9477FE782EF4
:10E6100002C0F7017080872D0F940DF22092C60082
:10E620008091C00086FFFCCF8091C0008064809301
:10E63000C000872D8052F401EF70F0708F3520F408
:10E64000E40DF51D708204C0E40DF51D8EE280839B
:10E650000894E11CF11C011D111D0894811C911CE2
:10E6600090E18916910409F0C2CF80E190E0A0E02A
:10E67000B0E0A80EB91ECA1EDB1E198AC2010F9493
:10E68000FAF10F94DCF16A94662009F072CF629679
:10E690000FB6F894DEBF0FBECDBFCF91DF911F91B3
:10E6A0000F91FF90EF90DF90CF90BF90AF909F9031
:10E6B0008F907F906F905F904F903F902F90089534
:10E6C0002F923F924F925F926F927F928F929F9282
:10E6D000AF92BF92CF92DF92EF92FF920F931F9370
:10E6E000DF93CF93CDB7DEB7CD53D1400FB6F894BB
:10E6F000DEBF0FBECDBF01E20EBF0FEF0DBF94B75F
:10E70000F894A89514BE80916000886180936000A1
:10E7100010926000789493FF05C0E0910002F091A0
:10E7200001021995279A2F9A8091C00082608093E8
:10E73000C00080E18093C40088E18093C1000000A4
:10E74000EE24FF24870144E0A42EB12CCC24DD2448
:10E7500024C0C5010197F1F70894E11CF11C011DCB
:10E76000111D21E2E2162EE4F20620E0020720E06D
:10E77000120718F031E0C32ED12CC801B70127ECE5
:10E780003BE140E050E00F9441FE611571058105C9
:10E79000910519F485B1805885B98091C00087FD35
:10E7A00003C0C114D104A9F2A6014F5F5F4FC25E3E
:10E7B000DE4F59834883CE51D140C25EDE4F8881FF
:10E7C0009981CE51D140019711F00D9410FEC05D9A
:10E7D000DE4F19821882C053D14060E0C15DDE4F28
:10E7E0001882CF52D14088249924C35DDE4F19820C
:10E7F0001882CD52D140C05EDE4F188219821A8233
:10E800001B82C052D140CE5CDE4F188219821A8220
:10E810001B82C253D140EE24FF2487010BBFF701B6
:10E8200007911691C45CDE4F19830883CC53D14005
:10E830000D940BFEC25EDE4F28813981CE51D1404E
:10E840002130310509F52091C600C25EDE4F1982E4
:10E850001882CE51D14022C02F5F3F4F4F4F5F4FA4
:10E86000213082E138078AE7480780E0580780F0C6
:10E87000C45CDE4FE881F981CC53D140EF5FFF4F9C
:10E8800019F0EE27FF27099420E030E040E050E047
:10E890008091C00087FFE0CF2091C600C35DDE4FAE
:10E8A00048815981CD52D1404F5F5F4FC35DDE4FEC
:10E8B00059834883CD52D140213209F063C64A3092
:10E8C000510508F05FC60894811C911C53E0851621
:10E8D000910409F059C600E010E018C081E280936D
:10E8E000C6008091C00086FFFCCF8091C00080648C
:10E8F0008093C0002F5F3F4F2931310579F70F9486
:10E90000DCF10F5F1F4F0530110519F020E030E0FA
:10E91000E5CF10920A0210920B0210920C02109294
:10E920000D02109206021092070210920802109235
:10E930000902109202021092030210920402109235
:10E9400005028FEE90EE60E00F94F5F180E191EE1C
:10E9500060E00F94C2F18091C00087FFFCCF9091DE
:10E96000C600903608F09F759032B8F09093C600BC
:10E970008091C00086FFFCCF8091C00080648093AE
:10E98000C000A0E2A093C6008091C00086FFFCCF2B
:10E990008091C00080648093C000983409F4D7C18E
:10E9A0009934B8F4923409F459C1933458F490333B
:10E9B00019F1903308F4E3C59F33A1F1903409F0C5
:10E9C000DEC5BDC0953409F470C1963409F0D7C5D1
:10E9D00098C1923509F42BC2933538F49C3409F46C
:10E9E000F5C1913509F0CBC518C2963509F445C279
:10E9F000993509F0C4C567C483E792EE62E00F94CD
:10EA0000F5F110920602109207021092080210927D
:10EA1000090210920A0210920B0210920C0210923C
:10EA20000D0213C18FE792EE62E00F94F5F18FEEC5
:10EA300090EE60E00F94F5F181E291EE60E00F94CA
:10EA4000C2F187EB91EE60E00F94F5F180E391EE77
:10EA500060E00F94C2F184EE90EE60E00F94F5F167
:10EA60008FE391EE60E00F94C2F186E090E061E008
:10EA700070E00F9434F20F94DCF18DE591EE60E0DC
:10EA80000F94C2F189EC91EE60E00F94F5F18EE401
:10EA900091EE60E00F94C2F183EC91EE60E00F9490
:10EAA000F5F18CE691EE60E00F94C2F18EE10F94E7
:10EAB0000DF288E90F940DF281E00F940DF20F949E
:10EAC000DCF18BE791EE60E00F94C2F119E0E0E039
:10EAD000F0E010935700E4918E2F0F940DF20F94F5
:10EAE000DCF18AE891EE60E00F94C2F1E3E0F0E03F
:10EAF00010935700E4918E2F0F940DF20F94DCF1D8
:10EB000089E991EE60E00F94C2F1E2E0F0E0109349
:10EB10005700E4918E2F0F940DF20F94DCF188EAE8
:10EB200091EE60E00F94C2F1E1E0F0E01093570045
:10EB30001491812F0F940DF20F94DCF107CF8BE825
:10EB400092EE62E00F94F5F18BE492EE60E00F94A8
:10EB5000F5F10F94DCF100E010E019C0C8016F2D51
:10EB60000F947FFEFF2031F489E492EE60E00F9471
:10EB7000C2F10BC0F092C6008091C00086FFFCCFAE
:10EB80008091C00080648093C0000F5F1F4FC80158
:10EB900081519F41A0E0B0E0ABBFFC01F790BAE229
:10EBA000FB1621F0E2E000301E07C1F60F94DCF105
:10EBB0000F94DCF187E592EE60E00F94F5F10F948D
:10EBC000DCF1CC24DD2400E010E01EC0C8010F946D
:10EBD00077FEF82E882331F489E492EE60E00F94FA
:10EBE000C2F10BC08093C6008091C00086FFFCCFAD
:10EBF0008091C00080648093C000FE1419F00894D6
:10EC0000C11CD11C0F5F1F4FC80181519F41A0E063
:10EC1000B0E0ABBFFC01E790FAE2EF1621F022E092
:10EC20000030120799F60F94DCF10F94DCF182E6C4
:10EC300092EE60E00F94C2F1C60161E070E00F94C3
:10EC400034F20F94DCF10F94DCF110920202109276
:10EC50000302109204021092050278CE89E992EE26
:10EC600062E00F94F5F1279A2F9A16C02F9880E052
:10EC700090E0E0EDF7E03197F1F7019684369105E9
:10EC8000C1F72F9A80E090E0E0EDF7E03197F1F7DF
:10EC9000019684369105C1F78091C00087FFE6CFC9
:10ECA0008091C00087FFFCCF64C485EA92EE62E0E9
:10ECB0000F94F5F140910202509103026091040219
:10ECC0007091050281E020E10F9491F2809102029F
:10ECD00090910302A0910402B091050280509F4FD1
:10ECE000AF4FBF4F8093020290930302A0930402A0
:10ECF000B093050280509041A040B04008F426CE69
:10ED0000A4CF83EB92EE62E00F94F5F140910602FE
:10ED100050910702609108027091090280E020E1A1
:10ED20000F9491F28091060290910702A09108023F
:10ED3000B091090280509F4FAF4FBF4F80930602A2
:10ED400090930702A0930802B0930902FFCD80ECD4
:10ED500092EE62E00F94F5F183E792EE60E00F949B
:10ED6000F5F18FE792EE60E00F94F5F18BE892EE0B
:10ED700060E00F94F5F189E992EE60E00F94F5F10F
:10ED800085EA92EE60E00F94F5F183EB92EE60E09D
:10ED90000F94F5F180EC92EE60E00F94F5F187ECC2
:10EDA00092EE60E00F94F5F188ED92EE60E00F9442
:10EDB000F5F18FED92EE60E00F94F5F18AEE92EEB0
:10EDC00060E00F94F5F183E093EEBDCD87EC92EE19
:10EDD00062E00F94F5F181E40F947BF282E40F94EA
:10EDE0007BF283E40F947BF284E40F947BF285E45E
:10EDF0000F947BF286E40F947BF287E40F947BF20E
:10EE000088E40F947BF28AE40F947BF28BE40F94F6
:10EE10007BF28CE40F947BF299CD88ED92EE62E068
:10EE20000F94F5F1772473948824992409C48FED05
:10EE300092EE62E00F94F5F140910A0250910B02BC
:10EE400060910C0270910D0282E020E10F9491F22A
:10EE500080910A0290910B02A0910C02B0910D02D8
:10EE600080509F4FAF4FBF4F80930A0290930B0289
:10EE7000A0930C02B0930D0269CD8AEE92EE62E08F
:10EE80000F94F5F184EE90EE60E00F94F5F18FECC5
:10EE900091EE60E00F94F5F1662477244301CC5D98
:10EEA000DE4F19821882C452D140D401C301B695F5
:10EEB000A79597958795CA5DDE4F88839983AA8326
:10EEC000BB83C652D140CC5DDE4FA881B981C4520C
:10EED000D1401196CC5DDE4FB983A883C452D14096
:10EEE000CD0162E070E00F9434F2B0E2B093C6005E
:10EEF0008091C00086FFFCCF8091C0008064809329
:10EF0000C000EDE2E093C6008091C00086FFFCCF18
:10EF10008091C00080648093C000F0E2F093C6004E
:10EF20008091C00086FFFCCF8091C00080648093F8
:10EF3000C000CA5DDE4FE880F9800A811B81C6529D
:10EF4000D140BB27A12F902F8F2D0F940DF2CA5DBA
:10EF5000DE4F8881C652D1400F940DF2B0E2FB2EF5
:10EF6000F092C6008091C00086FFFCCF8091C00067
:10EF700080648093C0000DE30093C6008091C000C0
:10EF800086FFFCCF8091C00080648093C00010E2B7
:10EF90001093C6008091C00086FFFCCF8091C00016
:10EFA00080648093C0008BBEF3012791C65DDE4F65
:10EFB0002883CA52D140A22EBB24CC24DD2408943D
:10EFC000611C711C811C911C8BBEF3018791282E42
:10EFD0003324442455240894611C711C811C911C09
:10EFE0008BBEF3013791C55DDE4F3883CB52D140E4
:10EFF0000894611C711C811C911C8BBEF30147910C
:10F00000C45DDE4F4883CC52D140ADEFEA2EAFEF66
:10F01000FA2EAFEF0A2FAFEF1A2F6E0C7F1C801E57
:10F02000911E142D032DF22CEE24EA0CFB1C0C1D5A
:10F030001D1D0F940DF220E22093C6008091C000A8
:10F0400086FFFCCF8091C00080648093C000C65DC5
:10F05000DE4F8881CA52D1400F940DF230E23093D6
:10F06000C6008091C00086FFFCCF8091C000806404
:10F070008093C000C45DDE4F8881CC52D1400F9494
:10F080000DF240E24093C6008091C00086FFFCCFA5
:10F090008091C00080648093C000C55DDE4F888190
:10F0A000CB52D1400F940DF250E25093C6008091A4
:10F0B000C00086FFFCCF8091C00080648093C000B8
:10F0C0008FEFE8168FEFF80680E0080780E018075A
:10F0D00031F484E092EE60E00F94C2F1DFC0D80119
:10F0E000C7018070907CA070B0708050904CA040A0
:10F0F000B040D1F52FEF3FE340E050E0E222F322B1
:10F1000004231523CA5DDE4FA880B980CA80DB8046
:10F11000C652D140AE0CBF1CC01ED11EAA0CBB1CD7
:10F12000CC1CDD1C8EE092EE60E00F94C2F1BB2798
:10F13000A12F902F8F2D0F940DF28E2D0F940DF285
:10F1400030E23093C6008091C00086FFFCCF8091F2
:10F15000C00080648093C0004EE34093C60080915D
:10F16000C00086FFFCCF87C08EE09EEFA0E0B0E03D
:10F17000E822F9220A231B239CE0E91694E9F90608
:10F1800090E0090790E0190709F088C0C45DDE4FE0
:10F19000A881CC52D140EA2EFF2400E010E0102FCD
:10F1A0000F2DFE2CEE24C55DDE4FB881CB52D14031
:10F1B000EB0EF11C011D111DD601C501817090706F
:10F1C000A070B070DC0199278827E80EF91E0A1F8D
:10F1D0001B1F20EF30E040E050E0A222B322C42207
:10F1E000D52241E1AA0CBB1CCC1CDD1C4A95D1F7F1
:10F1F000EA0CFB1C0C1D1D1D81E090E0A0E0B0E0BE
:10F20000282239224A225B2235E1220C331C441C7D
:10F21000551C3A95D1F7E20CF31C041D151D57013E
:10F220006801AA0CBB1CCC1CDD1C85E192EE60E0E1
:10F230000F94C2F1C801AA27BB270F940DF2BB2778
:10F24000A12F902F8F2D0F940DF28E2D0F940DF274
:10F2500090E29093C6008091C00086FFFCCF809121
:10F26000C00080648093C000AEE3A093C60080918C
:10F27000C00086FFFCCF8091C00080648093C000F6
:10F28000C601AA27BB270F940DF2BB27AD2D9C2DDD
:10F290008B2D0F940DF28A2D0F940DF20F94DCF14B
:10F2A000CC5DDE4FE881F981C452D140F99709F471
:10F2B0004DCBF4E0EF2EF12C012D112D6E0C7F1CA7
:10F2C000801E911EF2CD83E093EE62E00F94F5F183
:10F2D0008AE192EE60E00F94C2F18091C00087FF56
:10F2E000FCCF1091C6001F751093C6008091C0001E
:10F2F00086FFFCCF8091C00080648093C0000F9493
:10F30000DCF1812F81548A3108F036C1163409F4BA
:10F3100095C0173490F4133409F44EC0143430F40B
:10F320001134F1F0123409F01DC130C0143409F465
:10F3300059C0153409F016C16BC01A3409F4C4C0A1
:10F340001B3438F4173409F48FC0183409F00AC19B
:10F35000A1C01B3409F4D2C01C3409F003C1E8C0B9
:10F360008FEF81B90DC082B1809582B980E090E0C5
:10F37000E0EDF7E03197F1F70196883C9105C1F790
:10F380008091C00087FFEFCF12B8EFC08FEF84B934
:10F390000DC085B1809585B980E090E0E0EDF7E0A3
:10F3A0003197F1F70196883C9105C1F78091C00033
:10F3B00087FFEFCF15B8D9C08FEF87B90DC088B1DF
:10F3C000809588B980E090E0E0EDF7E03197F1F7C3
:10F3D0000196883C9105C1F78091C00087FFEFCF6F
:10F3E00018B8C3C08FEF8AB90DC08BB180958BB9A7
:10F3F00080E090E0E0EDF7E03197F1F70196883C8E
:10F400009105C1F78091C00087FFEFCF1BB8ADC059
:10F410008FEF8DB90DC08EB180958EB980E090E0F0
:10F42000E0EDF7E03197F1F70196883C9105C1F7DF
:10F430008091C00087FFEFCF1EB897C08FEF80BBD1
:10F440000DC081B3809581BB80E090E0E0EDF7E0F6
:10F450003197F1F70196883C9105C1F78091C00082
:10F4600087FFEFCF11BA81C08FEF83BB0DC084B38C
:10F47000809584BB80E090E0E0EDF7E03197F1F714
:10F480000196883C9105C1F78091C00087FFEFCFBE
:10F4900014BA6BC08FEF809301010FC080910201FD
:10F4A00080958093020180E090E0E0EDF7E03197F5
:10F4B000F1F70196883C9105C1F78091C00087FF64
:10F4C000EDCF1092020151C08FEF809304010FC065
:10F4D0008091050180958093050180E090E0E0ED4A
:10F4E000F7E03197F1F70196883C9105C1F78091DB
:10F4F000C00087FFEDCF1092050137C08FEF8093DA
:10F5000007010FC08091080180958093080180E079
:10F5100090E0E0EDF7E03197F1F70196883C910536
:10F52000C1F78091C00087FFEDCF109208011DC088
:10F530008FEF80930A010FC080910B01809580931B
:10F540000B0180E090E0E0EDF7E03197F1F70196F4
:10F55000883C9105C1F78091C00087FFEDCF1092E4
:10F560000B0103C085E292EEEEC98091C00087FFD7
:10F57000FCCF8091C600EAC988E392EEE4C98CE131
:10F5800091EEE1C988249924933011F1943028F444
:10F59000913089F09230B8F408C0953061F195301F
:10F5A000F0F0963009F048C043C02B3109F042C951
:10F5B00091E06BE13FC96227C15DDE4F2883CF52E6
:10F5C000D14092E037C9B22FA0E0622793E032C960
:10F5D000822F90E0A82BB92B622794E02BC92E3004
:10F5E00009F039C3622795E0C05DDE4F19821882A9
:10F5F000C053D1401FC9E1E0F0E0EC0FFD1FC05D3A
:10F60000DE4F08811981C053D140E00FF11F2083E4
:10F610000F5F1F4FC05DDE4F19830883C053D14079
:10F6200062270A171B0709F005C9D80196E002C92D
:10F63000261709F010C303C0973009F0FBC87724E0
:10F640009981933109F412C19431C8F4963009F4C8
:10F65000D8C0973050F4923009F406C1933009F4C1
:10F660006DC0913009F059C253C0913109F477C08F
:10F67000923108F0BBC0903109F04FC2F5C098310B
:10F6800009F487C0993150F4953109F4EFC09531F0
:10F6900008F4C6C1963109F040C2C2C19A3109F4DA
:10F6A0006CC09A3108F491C09B3109F45BC09D3164
:10F6B00009F033C29D81903359F48F81882311F46E
:10F6C0009EE11CC0813011F091E018C098E916C08D
:10F6D000892F807591F0903539F4E0E0F0E089E011
:10F6E0008093570094910AC0983539F4E3E0F0E034
:10F6F00089E080935700949101C090E01A821B82A8
:10F700008D818C831D829E831F8227E030E009C299
:10F710001A8288E08B8381E48C8386E58D8382E581
:10F720008E8389E48F8383E5888780E589878FE5E9
:10F730008A8782E38B872BE030E0F3C18A818139AD
:10F7400041F0823941F0803911F48FE005C080E04A
:10F7500003C082E001C08AE01A828B8344C0772410
:10F76000739482C08D81882311F48EE12CC0813086
:10F7700011F081E028C088E926C01A82E1E0F0E0BB
:10F7800089E08093570084918B831C8224E030E0D1
:10F79000C8C18B81803589F48C81883039F4E2E0EE
:10F7A000F0E089E08093570084910DC0E0E0F0E044
:10F7B00089E080935700849106C0E3E0F0E089E09F
:10F7C0008093570084911A82DFCF8D81836C99E0FA
:10F7D000E1E0F0E0082E90935700E89507B600FCB2
:10F7E000FDCF1A821B8223E030E09BC180EC8A832C
:10F7F000CE5CDE4F188219821A821B82C253D1401E
:10F800008EC18A8190E0A0E0B0E0582F44273327D2
:10F8100022278B8190E0A0E0B0E0DC0199278827C7
:10F82000282B392B4A2B5B2B8D8190E0A0E0B0E098
:10F83000282B392B4A2B5B2B8C8190E0A0E0B0E089
:10F84000BA2FA92F982F8827282B392B4A2B5B2BCF
:10F85000220F331F441F551FC05EDE4F288339839C
:10F860004A835B83C052D1401A8259C13A81C95C34
:10F87000DE4F3883C753D140CA5CDE4F1882C6536F
:10F88000D1408B81C82EDD24CA5CDE4F488159816E
:10F89000C653D140C42AD52A933109F082C0CE5C28
:10F8A000DE4F88819981AA81BB81C253D1408050AB
:10F8B000904CA340B04030F583E0CE5CDE4FE88052
:10F8C000F9800A811B81C253D140F70100935B008C
:10F8D00080935700E89507B600FCFDCFCE5CDE4F65
:10F8E000088119812A813B81C253D14000501F4FAA
:10F8F0002F4F3F4FCE5CDE4F088319832A833B8313
:10F90000C253D140C05EDE4F488159816A817B81FC
:10F91000C052D140DE011B9631E08C9111962C91A2
:10F9200011971296C75CDE4F2883C953D140C85C3B
:10F93000DE4F1882C853D14090E0C85CDE4FE881AA
:10F94000F981C853D1408E2B9F2B0C01FA01609393
:10F950005B0030935700E89511244E5F5F4F6F4F67
:10F960007F4F0EEFE02E0FEFF02ECE0CDF1CC114F8
:10F97000D10499F685E0C05EDE4F088119812A81A5
:10F980003B81C052D140F80120935B008093570027
:10F99000E89507B600FCFDCF81E180935700E8951C
:10F9A00035C0C05EDE4F88819981AA81BB81C0527B
:10F9B000D140B695A795979587957C018601ABE0D8
:10F9C000AA2EB12CAC0EBD1E0BC0D5016D915D01F0
:10F9D000C7010F947FFE0894E11CF11C01501040F8
:10F9E0000115110591F7A60160E070E0440F551F65
:10F9F000661F771FC05EDE4FE880F9800A811B8199
:10FA0000C052D1404E0D5F1D601F711F1A82C05E33
:10FA1000DE4F488359836A837B83C052D1407FC0C5
:10FA2000FA80C55CDE4FF882CB53D140C65CDE4F16
:10FA30001882CA53D1408B81C82EDD24C65CDE4FAC
:10FA400008811981CA53D140C02AD12A1A828981DA
:10FA5000BE016D5F7F4F843121F59601C05EDE4FA0
:10FA6000E880F9800A811B81C052D1400BBFF701A9
:10FA700087919691DB018C9311969C936E5F7F4FDB
:10FA8000D801C7010296A11DB11DC05EDE4F88835B
:10FA90009983AA83BB83C052D14022503040F1F6F3
:10FAA00036C0C05EDE4F288139814A815B81C052F9
:10FAB000D1400894C108D108760100E010E0089414
:10FAC000C11CD11C0894E11CF11C011D111DE20E8A
:10FAD000F31E041F151F21BDBB27A52F942F832FB5
:10FAE00082BD2F5F3F4F4F4F5F4FF89A80B5DB01CC
:10FAF0008D93BD012E153F054007510761F7C05E8C
:10FB0000DE4F288339834A835B83C052D1409601FC
:10FB10002D5F3F4FFB01108204C080EC8A8322E0FE
:10FB200030E08BE18093C6008091C00086FFFCCF5F
:10FB30008091C00080648093C000C15DDE4FF88179
:10FB4000CF52D140F093C6008091C00086FFFCCF19
:10FB50008091C00080648093C000432F3093C60022
:10FB60008091C00086FFFCCF8091C00080648093AC
:10FB7000C000922F2093C6008091C00086FFFCCF6A
:10FB80008091C00080648093C0008EE08093C600A6
:10FB90008091C00086FFFCCF8091C000806480937C
:10FBA000C00065E1C15DDE4FE880CF52D1406E25D7
:10FBB00069276427FE01319610C090819093C6009A
:10FBC0008091C00086FFFCCF31968091C000806498
:10FBD0008093C0006927215030402115310569F715
:10FBE0006093C6008091C00086FFFCCF8091C0006A
:10FBF00080648093C00085B1805885B9772081F4F6
:10FC0000C15DDE4F0881CF52D1400F5FC15DDE4F35
:10FC10000883CF52D14090E0A0E0B0E00D941AF4F8
:10FC200027982F9880E090E020ED37E0F901319798
:10FC3000F1F7019684369105C9F700008091C00064
:10FC40008D7F8093C00081E180935700E895EE2777
:10FC5000FF270994FFCF90E00D941AF497FB092E2B
:10FC600007260AD077FD04D02ED006D000201AF443
:10FC7000709561957F4F0895F6F7909581959F4F08
:10FC80000895A1E21A2EAA1BBB1BFD010DC0AA1FDD
:10FC9000BB1FEE1FFF1FA217B307E407F50720F0F5
:10FCA000A21BB30BE40BF50B661F771F881F991F70
:10FCB0001A9469F760957095809590959B01AC01B9
:10FCC000BD01CF010895AA1BBB1B51E107C0AA1FAC
:10FCD000BB1FA617B70710F0A61BB70B881F991FED
:10FCE0005A95A9F780959095BC01CD010895F99991
:10FCF000FECF92BD81BDF89A992780B50895262F31
:10FD0000F999FECF1FBA92BD81BD20BD0FB6F89400
:0EFD1000FA9AF99A0FBE01960895F894FFCF63
:00000001FF
